wishlist_id,customer_id,product_id,added_at
WISH_00000001,CUST_00000405,PROD_00000684,2024-12-03
WISH_00000002,CUST_00000994,PROD_00000123,2022-04-09
WISH_00000003,CUST_00000918,PROD_00000289,2021-03-24
WISH_00000004,CUST_00000402,PROD_00000962,2025-05-29
WISH_00000005,CUST_00000236,PROD_00000210,2023-05-29
WISH_00000006,CUST_00000006,PROD_00000494,2021-01-14
WISH_00000007,CUST_00000601,PROD_00000919,2024-02-29
WISH_00000008,CUST_00000114,PROD_00000576,2024-05-04
WISH_00000009,CUST_00000365,PROD_00000390,2022-11-11
WISH_00000010,CUST_00000847,PROD_00000063,2023-07-18
WISH_00000011,CUST_00000321,PROD_00000894,2024-05-20
WISH_00000012,CUST_00000311,PROD_00000939,2021-07-26
WISH_00000013,CUST_00000168,PROD_00000409,2024-03-04
WISH_00000014,CUST_00000850,PROD_00000979,2021-04-18
WISH_00000015,CUST_00000052,PROD_00000520,2025-11-30
WISH_00000016,CUST_00000888,PROD_00000245,2022-09-23
WISH_00000017,CUST_00000300,PROD_00000165,2023-01-01
WISH_00000018,CUST_00000863,PROD_00000986,2021-06-14
WISH_00000019,CUST_00000062,PROD_00000093,2023-05-11
WISH_00000020,CUST_00000084,PROD_00000955,2021-06-03
WISH_00000021,CUST_00000748,PROD_00000284,2021-12-13
WISH_00000022,CUST_00000985,PROD_00000821,2023-11-15
WISH_00000023,CUST_00000353,PROD_00000888,2025-04-28
WISH_00000024,CUST_00000842,PROD_00000711,2025-07-09
WISH_00000025,CUST_00000669,PROD_00000124,2021-12-16
WISH_00000026,CUST_00000503,PROD_00000567,2025-04-29
WISH_00000027,CUST_00000659,PROD_00000932,2025-10-14
WISH_00000028,CUST_00000924,PROD_00000190,2025-01-18
WISH_00000029,CUST_00000890,PROD_00000655,2025-12-26
WISH_00000030,CUST_00000475,PROD_00000822,2023-01-20
WISH_00000031,CUST_00000635,PROD_00000317,2023-01-08
WISH_00000032,CUST_00000915,PROD_00000609,2024-05-26
WISH_00000033,CUST_00000503,PROD_00000822,2024-06-23
WISH_00000034,CUST_00000799,PROD_00000197,2021-11-09
WISH_00000035,CUST_00000694,PROD_00000285,2023-05-26
WISH_00000036,CUST_00000099,PROD_00000593,2025-07-31
WISH_00000037,CUST_00000702,PROD_00000109,2025-12-19
WISH_00000038,CUST_00000910,PROD_00000795,2022-04-05
WISH_00000039,CUST_00000306,PROD_00000209,2025-05-25
WISH_00000040,CUST_00000763,PROD_00000115,2025-03-22
WISH_00000041,CUST_00000315,PROD_00000964,2025-08-18
WISH_00000042,CUST_00000710,PROD_00000753,2021-09-13
WISH_00000043,CUST_00000442,PROD_00000908,2025-07-16
WISH_00000044,CUST_00000247,PROD_00000894,2025-07-12
WISH_00000045,CUST_00000265,PROD_00000506,2025-01-30
WISH_00000046,CUST_00000569,PROD_00000791,2023-03-31
WISH_00000047,CUST_00000425,PROD_00000818,2025-03-10
WISH_00000048,CUST_00000795,PROD_00000331,2021-07-28
WISH_00000049,CUST_00000058,PROD_00000996,2022-02-11
WISH_00000050,CUST_00000849,PROD_00000204,2021-03-22
WISH_00000051,CUST_00000484,PROD_00000713,2024-09-15
WISH_00000052,CUST_00000324,PROD_00000856,2021-04-17
WISH_00000053,CUST_00000186,PROD_00000978,2022-10-10
WISH_00000054,CUST_00000792,PROD_00000667,2022-03-14
WISH_00000055,CUST_00000499,PROD_00000315,2023-11-04
WISH_00000056,CUST_00000848,PROD_00000265,2025-04-16
WISH_00000057,CUST_00000062,PROD_00000289,2022-11-22
WISH_00000058,CUST_00000593,PROD_00000582,2024-11-26
WISH_00000059,CUST_00000963,PROD_00000691,2022-05-25
WISH_00000060,CUST_00000246,PROD_00000481,2024-12-25
WISH_00000061,CUST_00000487,PROD_00000680,2024-01-23
WISH_00000062,CUST_00000761,PROD_00000006,2021-03-23
WISH_00000063,CUST_00000869,PROD_00000644,2022-11-23
WISH_00000064,CUST_00000373,PROD_00000771,2021-09-06
WISH_00000065,CUST_00000515,PROD_00000141,2021-08-29
WISH_00000066,CUST_00000748,PROD_00000282,2021-06-14
WISH_00000067,CUST_00000051,PROD_00000290,2025-02-05
WISH_00000068,CUST_00000617,PROD_00000205,2024-08-02
WISH_00000069,CUST_00000099,PROD_00000693,2023-11-20
WISH_00000070,CUST_00000323,PROD_00000559,2023-05-18
WISH_00000071,CUST_00000592,PROD_00000904,2022-04-04
WISH_00000072,CUST_00000441,PROD_00000332,2021-10-31
WISH_00000073,CUST_00000404,PROD_00000648,2022-11-10
WISH_00000074,CUST_00000813,PROD_00000403,2023-03-06
WISH_00000075,CUST_00000902,PROD_00000233,2023-07-01
WISH_00000076,CUST_00000417,PROD_00000714,2023-09-25
WISH_00000077,CUST_00000683,PROD_00000032,2023-07-14
WISH_00000078,CUST_00000946,PROD_00000789,2022-12-15
WISH_00000079,CUST_00000155,PROD_00000192,2022-08-29
WISH_00000080,CUST_00000542,PROD_00000407,2022-04-04
WISH_00000081,CUST_00000611,PROD_00000603,2023-11-05
WISH_00000082,CUST_00000146,PROD_00000857,2021-10-27
WISH_00000083,CUST_00000926,PROD_00000583,2022-02-11
WISH_00000084,CUST_00000235,PROD_00000298,2023-12-08
WISH_00000085,CUST_00000474,PROD_00000035,2025-08-14
WISH_00000086,CUST_00000399,PROD_00000898,2021-04-24
WISH_00000087,CUST_00000864,PROD_00000220,2022-03-31
WISH_00000088,CUST_00000611,PROD_00000711,2022-06-10
WISH_00000089,CUST_00000460,PROD_00000618,2023-04-02
WISH_00000090,CUST_00000702,PROD_00001000,2021-12-14
WISH_00000091,CUST_00000789,PROD_00000332,2023-08-24
WISH_00000092,CUST_00000908,PROD_00000052,2021-06-20
WISH_00000093,CUST_00000433,PROD_00000017,2024-12-23
WISH_00000094,CUST_00000257,PROD_00000854,2022-02-10
WISH_00000095,CUST_00000715,PROD_00000009,2024-11-04
WISH_00000096,CUST_00000439,PROD_00000180,2023-12-21
WISH_00000097,CUST_00000537,PROD_00000003,2022-06-14
WISH_00000098,CUST_00000175,PROD_00000278,2023-07-29
WISH_00000099,CUST_00000713,PROD_00000694,2023-01-12
WISH_00000100,CUST_00000807,PROD_00000804,2025-06-10
WISH_00000101,CUST_00000491,PROD_00000167,2021-07-20
WISH_00000102,CUST_00000283,PROD_00000251,2025-08-09
WISH_00000103,CUST_00000605,PROD_00000274,2021-02-26
WISH_00000104,CUST_00000562,PROD_00000593,2021-03-26
WISH_00000105,CUST_00000219,PROD_00000027,2023-02-22
WISH_00000106,CUST_00000951,PROD_00000118,2022-12-14
WISH_00000107,CUST_00000156,PROD_00000739,2024-02-04
WISH_00000108,CUST_00000057,PROD_00000352,2023-04-06
WISH_00000109,CUST_00000511,PROD_00000195,2025-07-24
WISH_00000110,CUST_00000743,PROD_00000653,2023-11-04
WISH_00000111,CUST_00000338,PROD_00000273,2025-04-06
WISH_00000112,CUST_00000719,PROD_00000317,2023-07-28
WISH_00000113,CUST_00000272,PROD_00000402,2023-12-05
WISH_00000114,CUST_00000727,PROD_00000755,2025-04-19
WISH_00000115,CUST_00000990,PROD_00000529,2022-01-08
WISH_00000116,CUST_00000996,PROD_00000696,2023-12-31
WISH_00000117,CUST_00000184,PROD_00000048,2023-02-03
WISH_00000118,CUST_00000291,PROD_00000016,2023-04-27
WISH_00000119,CUST_00000924,PROD_00000470,2024-06-08
WISH_00000120,CUST_00000302,PROD_00000921,2022-06-08
WISH_00000121,CUST_00000579,PROD_00000705,2024-02-21
WISH_00000122,CUST_00000247,PROD_00000283,2025-12-04
WISH_00000123,CUST_00000016,PROD_00000014,2023-12-29
WISH_00000124,CUST_00000335,PROD_00000348,2024-02-09
WISH_00000125,CUST_00000211,PROD_00000367,2023-05-21
WISH_00000126,CUST_00000586,PROD_00000228,2024-06-23
WISH_00000127,CUST_00000373,PROD_00000628,2024-10-28
WISH_00000128,CUST_00000817,PROD_00000373,2021-04-08
WISH_00000129,CUST_00000964,PROD_00000818,2023-03-04
WISH_00000130,CUST_00000406,PROD_00000736,2024-09-07
WISH_00000131,CUST_00000530,PROD_00000541,2023-03-30
WISH_00000132,CUST_00000022,PROD_00000977,2022-12-14
WISH_00000133,CUST_00000618,PROD_00000540,2022-11-05
WISH_00000134,CUST_00000119,PROD_00000405,2022-05-24
WISH_00000135,CUST_00000528,PROD_00000408,2023-07-31
WISH_00000136,CUST_00000184,PROD_00000558,2023-08-01
WISH_00000137,CUST_00000515,PROD_00000060,2022-01-11
WISH_00000138,CUST_00000492,PROD_00000867,2025-08-23
WISH_00000139,CUST_00000506,PROD_00000660,2021-05-20
WISH_00000140,CUST_00000635,PROD_00000052,2025-11-24
WISH_00000141,CUST_00000755,PROD_00000150,2022-01-16
WISH_00000142,CUST_00000437,PROD_00000836,2022-02-07
WISH_00000143,CUST_00000803,PROD_00000656,2024-08-19
WISH_00000144,CUST_00000105,PROD_00000661,2024-04-04
WISH_00000145,CUST_00000103,PROD_00000172,2023-01-31
WISH_00000146,CUST_00000208,PROD_00000318,2023-06-25
WISH_00000147,CUST_00000981,PROD_00000661,2021-09-23
WISH_00000148,CUST_00000661,PROD_00000616,2024-10-10
WISH_00000149,CUST_00000705,PROD_00000489,2025-04-26
WISH_00000150,CUST_00000825,PROD_00000651,2023-12-15
WISH_00000151,CUST_00000734,PROD_00000632,2024-06-06
WISH_00000152,CUST_00000047,PROD_00000956,2024-06-01
WISH_00000153,CUST_00000930,PROD_00000549,2025-11-19
WISH_00000154,CUST_00000304,PROD_00000684,2021-07-18
WISH_00000155,CUST_00000167,PROD_00000124,2022-09-19
WISH_00000156,CUST_00000494,PROD_00000278,2024-06-30
WISH_00000157,CUST_00000087,PROD_00000212,2025-10-04
WISH_00000158,CUST_00000226,PROD_00000706,2022-07-09
WISH_00000159,CUST_00000120,PROD_00000427,2025-08-29
WISH_00000160,CUST_00000926,PROD_00000459,2021-06-04
WISH_00000161,CUST_00000248,PROD_00000533,2023-03-11
WISH_00000162,CUST_00000505,PROD_00000929,2022-09-19
WISH_00000163,CUST_00000946,PROD_00000753,2025-09-08
WISH_00000164,CUST_00000353,PROD_00000657,2025-12-23
WISH_00000165,CUST_00000144,PROD_00000292,2025-05-13
WISH_00000166,CUST_00000745,PROD_00000142,2021-11-28
WISH_00000167,CUST_00000350,PROD_00000677,2022-02-12
WISH_00000168,CUST_00000515,PROD_00000927,2025-03-08
WISH_00000169,CUST_00000749,PROD_00000388,2025-09-14
WISH_00000170,CUST_00000317,PROD_00000646,2022-09-18
WISH_00000171,CUST_00000770,PROD_00000178,2022-11-17
WISH_00000172,CUST_00000026,PROD_00000085,2025-01-05
WISH_00000173,CUST_00000530,PROD_00000205,2024-07-03
WISH_00000174,CUST_00000322,PROD_00000550,2022-02-20
WISH_00000175,CUST_00000296,PROD_00000335,2024-11-24
WISH_00000176,CUST_00000131,PROD_00000389,2024-01-19
WISH_00000177,CUST_00000017,PROD_00000166,2023-08-19
WISH_00000178,CUST_00000920,PROD_00000536,2021-05-21
WISH_00000179,CUST_00000770,PROD_00000530,2023-05-20
WISH_00000180,CUST_00000582,PROD_00000861,2023-10-27
WISH_00000181,CUST_00000936,PROD_00000672,2025-11-01
WISH_00000182,CUST_00000922,PROD_00000839,2023-06-24
WISH_00000183,CUST_00000185,PROD_00000222,2024-09-25
WISH_00000184,CUST_00000049,PROD_00000614,2024-05-27
WISH_00000185,CUST_00000825,PROD_00000858,2022-08-02
WISH_00000186,CUST_00000824,PROD_00000328,2022-10-26
WISH_00000187,CUST_00000966,PROD_00000601,2024-07-18
WISH_00000188,CUST_00000076,PROD_00000670,2023-01-08
WISH_00000189,CUST_00000789,PROD_00000600,2021-03-04
WISH_00000190,CUST_00000528,PROD_00000414,2023-05-14
WISH_00000191,CUST_00000006,PROD_00000133,2025-04-06
WISH_00000192,CUST_00000034,PROD_00000772,2022-05-28
WISH_00000193,CUST_00000059,PROD_00000179,2021-09-12
WISH_00000194,CUST_00000067,PROD_00000905,2023-01-07
WISH_00000195,CUST_00000255,PROD_00000823,2021-05-06
WISH_00000196,CUST_00000809,PROD_00000289,2023-02-18
WISH_00000197,CUST_00000403,PROD_00000627,2025-01-14
WISH_00000198,CUST_00000157,PROD_00000349,2024-11-30
WISH_00000199,CUST_00000032,PROD_00000287,2025-10-04
WISH_00000200,CUST_00000010,PROD_00000364,2022-09-12
WISH_00000201,CUST_00000704,PROD_00000083,2024-10-13
WISH_00000202,CUST_00000375,PROD_00000237,2021-03-29
WISH_00000203,CUST_00000731,PROD_00000438,2024-11-15
WISH_00000204,CUST_00000349,PROD_00000239,2024-10-24
WISH_00000205,CUST_00000589,PROD_00000445,2022-11-20
WISH_00000206,CUST_00000532,PROD_00000066,2022-10-03
WISH_00000207,CUST_00000156,PROD_00000660,2022-03-23
WISH_00000208,CUST_00000027,PROD_00000716,2021-11-16
WISH_00000209,CUST_00000973,PROD_00000114,2023-07-11
WISH_00000210,CUST_00000153,PROD_00000853,2021-09-30
WISH_00000211,CUST_00000892,PROD_00000189,2022-10-13
WISH_00000212,CUST_00000285,PROD_00000991,2023-08-21
WISH_00000213,CUST_00000628,PROD_00000804,2022-09-29
WISH_00000214,CUST_00000250,PROD_00000596,2022-06-06
WISH_00000215,CUST_00000911,PROD_00000876,2025-05-21
WISH_00000216,CUST_00000429,PROD_00000276,2023-03-11
WISH_00000217,CUST_00000557,PROD_00000941,2021-01-16
WISH_00000218,CUST_00000286,PROD_00000612,2022-01-03
WISH_00000219,CUST_00000506,PROD_00000302,2021-09-08
WISH_00000220,CUST_00000294,PROD_00000885,2023-03-05
WISH_00000221,CUST_00000444,PROD_00000786,2021-12-26
WISH_00000222,CUST_00000288,PROD_00000710,2021-08-19
WISH_00000223,CUST_00000306,PROD_00000865,2024-06-30
WISH_00000224,CUST_00000071,PROD_00000970,2022-09-04
WISH_00000225,CUST_00000163,PROD_00000914,2022-08-29
WISH_00000226,CUST_00000481,PROD_00000960,2024-11-17
WISH_00000227,CUST_00000588,PROD_00000546,2022-06-01
WISH_00000228,CUST_00000343,PROD_00000591,2022-06-03
WISH_00000229,CUST_00000517,PROD_00000643,2022-04-29
WISH_00000230,CUST_00000107,PROD_00000584,2021-03-06
WISH_00000231,CUST_00000631,PROD_00000755,2021-08-07
WISH_00000232,CUST_00000799,PROD_00000651,2025-12-09
WISH_00000233,CUST_00000976,PROD_00000686,2024-05-16
WISH_00000234,CUST_00000609,PROD_00000480,2021-06-25
WISH_00000235,CUST_00000693,PROD_00000426,2022-12-13
WISH_00000236,CUST_00000498,PROD_00000017,2025-12-22
WISH_00000237,CUST_00000001,PROD_00000047,2023-06-28
WISH_00000238,CUST_00000598,PROD_00000030,2024-12-19
WISH_00000239,CUST_00000476,PROD_00000939,2023-10-31
WISH_00000240,CUST_00000453,PROD_00000392,2023-02-05
WISH_00000241,CUST_00000964,PROD_00000040,2025-08-31
WISH_00000242,CUST_00000065,PROD_00000711,2024-08-05
WISH_00000243,CUST_00000911,PROD_00000916,2023-07-20
WISH_00000244,CUST_00000485,PROD_00000844,2022-09-07
WISH_00000245,CUST_00000615,PROD_00000853,2023-09-15
WISH_00000246,CUST_00000948,PROD_00000668,2021-01-16
WISH_00000247,CUST_00000422,PROD_00000284,2024-09-13
WISH_00000248,CUST_00000536,PROD_00000059,2022-06-29
WISH_00000249,CUST_00000151,PROD_00000958,2023-08-07
WISH_00000250,CUST_00000815,PROD_00000848,2025-04-20
WISH_00000251,CUST_00000391,PROD_00000330,2021-07-02
WISH_00000252,CUST_00000765,PROD_00000950,2024-01-31
WISH_00000253,CUST_00000415,PROD_00000726,2021-11-28
WISH_00000254,CUST_00000007,PROD_00000263,2021-03-20
WISH_00000255,CUST_00000973,PROD_00000324,2023-11-07
WISH_00000256,CUST_00000516,PROD_00000024,2025-12-24
WISH_00000257,CUST_00000763,PROD_00000354,2024-10-25
WISH_00000258,CUST_00000694,PROD_00000809,2023-11-11
WISH_00000259,CUST_00000466,PROD_00000751,2022-02-09
WISH_00000260,CUST_00000104,PROD_00000054,2023-11-07
WISH_00000261,CUST_00000979,PROD_00000782,2023-07-12
WISH_00000262,CUST_00000464,PROD_00000684,2025-05-31
WISH_00000263,CUST_00000564,PROD_00000305,2022-03-08
WISH_00000264,CUST_00000594,PROD_00000319,2022-07-10
WISH_00000265,CUST_00000848,PROD_00000721,2024-12-14
WISH_00000266,CUST_00000560,PROD_00000045,2021-01-28
WISH_00000267,CUST_00000351,PROD_00000840,2023-11-15
WISH_00000268,CUST_00000729,PROD_00000362,2024-05-09
WISH_00000269,CUST_00000834,PROD_00000762,2021-10-30
WISH_00000270,CUST_00000366,PROD_00000461,2022-09-05
WISH_00000271,CUST_00000893,PROD_00000007,2024-07-26
WISH_00000272,CUST_00000182,PROD_00000259,2024-01-04
WISH_00000273,CUST_00000243,PROD_00000088,2023-12-25
WISH_00000274,CUST_00000220,PROD_00000943,2021-09-12
WISH_00000275,CUST_00000208,PROD_00000984,2021-09-29
WISH_00000276,CUST_00000639,PROD_00000189,2025-07-18
WISH_00000277,CUST_00000182,PROD_00000455,2022-07-16
WISH_00000278,CUST_00000868,PROD_00000542,2025-03-29
WISH_00000279,CUST_00000429,PROD_00000517,2023-09-07
WISH_00000280,CUST_00000808,PROD_00000360,2021-12-02
WISH_00000281,CUST_00000035,PROD_00000981,2023-01-28
WISH_00000282,CUST_00000792,PROD_00000369,2021-07-27
WISH_00000283,CUST_00000675,PROD_00000200,2021-02-04
WISH_00000284,CUST_00000862,PROD_00000007,2021-04-24
WISH_00000285,CUST_00000421,PROD_00000679,2023-11-22
WISH_00000286,CUST_00000203,PROD_00000386,2023-02-04
WISH_00000287,CUST_00000877,PROD_00000683,2023-05-05
WISH_00000288,CUST_00000162,PROD_00000396,2023-01-30
WISH_00000289,CUST_00000742,PROD_00000540,2023-07-10
WISH_00000290,CUST_00000871,PROD_00000620,2021-06-05
WISH_00000291,CUST_00000408,PROD_00000147,2023-10-15
WISH_00000292,CUST_00000349,PROD_00000284,2025-03-08
WISH_00000293,CUST_00000004,PROD_00000099,2023-04-14
WISH_00000294,CUST_00000361,PROD_00000588,2023-08-21
WISH_00000295,CUST_00000946,PROD_00000604,2021-12-19
WISH_00000296,CUST_00000990,PROD_00000507,2023-07-18
WISH_00000297,CUST_00000590,PROD_00000474,2024-08-19
WISH_00000298,CUST_00000664,PROD_00000742,2024-02-16
WISH_00000299,CUST_00000358,PROD_00000710,2021-02-04
WISH_00000300,CUST_00000628,PROD_00000147,2023-05-18
WISH_00000301,CUST_00000866,PROD_00000576,2024-09-05
WISH_00000302,CUST_00000036,PROD_00000859,2021-08-06
WISH_00000303,CUST_00000335,PROD_00000885,2024-07-15
WISH_00000304,CUST_00000291,PROD_00000905,2025-09-13
WISH_00000305,CUST_00000285,PROD_00000503,2021-02-13
WISH_00000306,CUST_00000036,PROD_00000937,2024-04-12
WISH_00000307,CUST_00000324,PROD_00000050,2025-12-08
WISH_00000308,CUST_00000463,PROD_00000522,2021-07-17
WISH_00000309,CUST_00000395,PROD_00000970,2023-05-07
WISH_00000310,CUST_00000567,PROD_00000225,2021-10-29
WISH_00000311,CUST_00000049,PROD_00000082,2023-04-07
WISH_00000312,CUST_00000463,PROD_00000182,2023-07-19
WISH_00000313,CUST_00000313,PROD_00000522,2024-01-28
WISH_00000314,CUST_00000981,PROD_00000903,2022-02-09
WISH_00000315,CUST_00000355,PROD_00000360,2022-12-23
WISH_00000316,CUST_00000343,PROD_00000928,2022-12-13
WISH_00000317,CUST_00000055,PROD_00000235,2023-09-21
WISH_00000318,CUST_00000312,PROD_00000822,2024-08-20
WISH_00000319,CUST_00000842,PROD_00000326,2023-04-26
WISH_00000320,CUST_00000260,PROD_00000467,2021-05-27
WISH_00000321,CUST_00000877,PROD_00000447,2025-10-14
WISH_00000322,CUST_00000921,PROD_00000745,2024-11-12
WISH_00000323,CUST_00000642,PROD_00000747,2023-05-20
WISH_00000324,CUST_00000998,PROD_00000546,2025-04-17
WISH_00000325,CUST_00000915,PROD_00000043,2021-12-12
WISH_00000326,CUST_00000088,PROD_00000382,2021-06-05
WISH_00000327,CUST_00000904,PROD_00000133,2025-05-31
WISH_00000328,CUST_00000320,PROD_00000403,2025-01-05
WISH_00000329,CUST_00000390,PROD_00000625,2024-05-10
WISH_00000330,CUST_00000852,PROD_00000370,2023-07-26
WISH_00000331,CUST_00000270,PROD_00000054,2025-10-29
WISH_00000332,CUST_00000872,PROD_00000654,2025-12-30
WISH_00000333,CUST_00000966,PROD_00000906,2021-05-22
WISH_00000334,CUST_00000460,PROD_00000561,2021-04-14
WISH_00000335,CUST_00000361,PROD_00000779,2024-05-23
WISH_00000336,CUST_00000126,PROD_00000159,2024-08-25
WISH_00000337,CUST_00000839,PROD_00000962,2021-04-18
WISH_00000338,CUST_00000185,PROD_00000138,2025-01-23
WISH_00000339,CUST_00000365,PROD_00000533,2022-06-21
WISH_00000340,CUST_00000542,PROD_00000897,2024-06-06
WISH_00000341,CUST_00000720,PROD_00000254,2023-07-25
WISH_00000342,CUST_00000008,PROD_00000302,2022-09-19
WISH_00000343,CUST_00000654,PROD_00000735,2023-08-24
WISH_00000344,CUST_00000816,PROD_00000715,2021-07-27
WISH_00000345,CUST_00000724,PROD_00000619,2022-12-03
WISH_00000346,CUST_00000796,PROD_00000074,2022-12-28
WISH_00000347,CUST_00000902,PROD_00000532,2025-03-25
WISH_00000348,CUST_00000414,PROD_00000277,2025-07-01
WISH_00000349,CUST_00000132,PROD_00000421,2025-10-29
WISH_00000350,CUST_00000356,PROD_00000997,2025-10-23
WISH_00000351,CUST_00000323,PROD_00000910,2022-12-19
WISH_00000352,CUST_00000906,PROD_00000954,2024-11-29
WISH_00000353,CUST_00000102,PROD_00000057,2021-06-30
WISH_00000354,CUST_00000795,PROD_00000569,2022-10-03
WISH_00000355,CUST_00000466,PROD_00000069,2025-12-28
WISH_00000356,CUST_00000429,PROD_00000198,2025-09-05
WISH_00000357,CUST_00000075,PROD_00000152,2023-09-28
WISH_00000358,CUST_00000100,PROD_00000720,2024-03-25
WISH_00000359,CUST_00000744,PROD_00000188,2024-11-11
WISH_00000360,CUST_00000803,PROD_00000663,2024-01-31
WISH_00000361,CUST_00000236,PROD_00000047,2021-04-26
WISH_00000362,CUST_00000269,PROD_00000934,2022-04-16
WISH_00000363,CUST_00000888,PROD_00000500,2025-08-31
WISH_00000364,CUST_00000567,PROD_00000720,2021-01-04
WISH_00000365,CUST_00000254,PROD_00000243,2021-07-17
WISH_00000366,CUST_00000727,PROD_00000180,2021-07-23
WISH_00000367,CUST_00000811,PROD_00000141,2024-11-20
WISH_00000368,CUST_00000329,PROD_00000499,2024-11-02
WISH_00000369,CUST_00000836,PROD_00000749,2022-07-28
WISH_00000370,CUST_00000299,PROD_00000008,2022-08-06
WISH_00000371,CUST_00000808,PROD_00000102,2022-08-27
WISH_00000372,CUST_00000370,PROD_00000160,2025-02-06
WISH_00000373,CUST_00000671,PROD_00000470,2022-11-19
WISH_00000374,CUST_00000259,PROD_00000657,2024-11-15
WISH_00000375,CUST_00000228,PROD_00000005,2025-09-17
WISH_00000376,CUST_00000377,PROD_00000840,2022-07-22
WISH_00000377,CUST_00000145,PROD_00000379,2022-08-02
WISH_00000378,CUST_00000080,PROD_00000381,2023-06-28
WISH_00000379,CUST_00000039,PROD_00000946,2022-03-12
WISH_00000380,CUST_00000706,PROD_00000606,2021-03-04
WISH_00000381,CUST_00000709,PROD_00000979,2022-07-07
WISH_00000382,CUST_00000097,PROD_00000908,2023-01-13
WISH_00000383,CUST_00000246,PROD_00000729,2025-08-14
WISH_00000384,CUST_00000333,PROD_00000684,2021-06-24
WISH_00000385,CUST_00000588,PROD_00000973,2025-10-28
WISH_00000386,CUST_00000403,PROD_00000836,2023-07-16
WISH_00000387,CUST_00000765,PROD_00000955,2022-09-01
WISH_00000388,CUST_00000278,PROD_00000650,2025-10-30
WISH_00000389,CUST_00001000,PROD_00000304,2023-11-26
WISH_00000390,CUST_00000008,PROD_00000156,2023-11-04
WISH_00000391,CUST_00000364,PROD_00000773,2021-06-14
WISH_00000392,CUST_00000452,PROD_00000988,2023-07-17
WISH_00000393,CUST_00000711,PROD_00000300,2021-06-30
WISH_00000394,CUST_00000252,PROD_00000671,2024-12-06
WISH_00000395,CUST_00000896,PROD_00000272,2024-05-01
WISH_00000396,CUST_00000982,PROD_00000123,2021-10-30
WISH_00000397,CUST_00000018,PROD_00000511,2025-10-01
WISH_00000398,CUST_00000390,PROD_00000279,2023-04-28
WISH_00000399,CUST_00000242,PROD_00000861,2021-09-03
WISH_00000400,CUST_00000253,PROD_00000367,2023-07-17
WISH_00000401,CUST_00000004,PROD_00000533,2022-02-12
WISH_00000402,CUST_00000373,PROD_00000898,2021-01-14
WISH_00000403,CUST_00000425,PROD_00000791,2024-12-25
WISH_00000404,CUST_00000749,PROD_00000720,2021-03-20
WISH_00000405,CUST_00000179,PROD_00000907,2021-01-01
WISH_00000406,CUST_00000012,PROD_00000630,2023-09-15
WISH_00000407,CUST_00000880,PROD_00000123,2023-02-26
WISH_00000408,CUST_00000293,PROD_00000713,2023-04-06
WISH_00000409,CUST_00000770,PROD_00000386,2022-10-09
WISH_00000410,CUST_00000259,PROD_00000850,2022-04-11
WISH_00000411,CUST_00000429,PROD_00000397,2025-03-15
WISH_00000412,CUST_00000597,PROD_00000301,2022-05-10
WISH_00000413,CUST_00000295,PROD_00000840,2024-02-13
WISH_00000414,CUST_00000333,PROD_00000394,2022-07-30
WISH_00000415,CUST_00000112,PROD_00000603,2024-07-21
WISH_00000416,CUST_00000950,PROD_00000593,2025-01-10
WISH_00000417,CUST_00000206,PROD_00000216,2022-12-09
WISH_00000418,CUST_00000222,PROD_00000789,2024-08-22
WISH_00000419,CUST_00000530,PROD_00000001,2024-09-09
WISH_00000420,CUST_00000013,PROD_00000144,2022-08-26
WISH_00000421,CUST_00000270,PROD_00000250,2023-02-23
WISH_00000422,CUST_00000553,PROD_00000171,2022-02-02
WISH_00000423,CUST_00000040,PROD_00000993,2025-06-02
WISH_00000424,CUST_00000505,PROD_00000134,2022-01-26
WISH_00000425,CUST_00000601,PROD_00000076,2023-01-19
WISH_00000426,CUST_00000613,PROD_00000480,2024-08-28
WISH_00000427,CUST_00000731,PROD_00000624,2021-01-14
WISH_00000428,CUST_00000215,PROD_00000762,2024-04-08
WISH_00000429,CUST_00000967,PROD_00000267,2021-04-19
WISH_00000430,CUST_00000304,PROD_00000466,2021-02-12
WISH_00000431,CUST_00000522,PROD_00000450,2023-04-05
WISH_00000432,CUST_00000729,PROD_00000096,2021-12-24
WISH_00000433,CUST_00000121,PROD_00000945,2022-04-20
WISH_00000434,CUST_00000310,PROD_00000753,2024-01-04
WISH_00000435,CUST_00000675,PROD_00000276,2024-08-23
WISH_00000436,CUST_00000664,PROD_00000789,2025-11-12
WISH_00000437,CUST_00000305,PROD_00000804,2022-05-20
WISH_00000438,CUST_00000426,PROD_00000550,2023-04-15
WISH_00000439,CUST_00000459,PROD_00000312,2023-06-16
WISH_00000440,CUST_00000596,PROD_00000347,2021-03-21
WISH_00000441,CUST_00000202,PROD_00000267,2025-09-04
WISH_00000442,CUST_00000562,PROD_00000274,2022-05-09
WISH_00000443,CUST_00000661,PROD_00000593,2024-07-06
WISH_00000444,CUST_00000412,PROD_00000098,2022-05-19
WISH_00000445,CUST_00000220,PROD_00000557,2024-09-13
WISH_00000446,CUST_00000951,PROD_00000666,2022-09-18
WISH_00000447,CUST_00000155,PROD_00000894,2023-04-28
WISH_00000448,CUST_00000609,PROD_00000315,2021-04-21
WISH_00000449,CUST_00000324,PROD_00000134,2025-03-18
WISH_00000450,CUST_00000611,PROD_00000555,2022-06-25
WISH_00000451,CUST_00000340,PROD_00000094,2023-02-23
WISH_00000452,CUST_00000390,PROD_00000180,2021-09-04
WISH_00000453,CUST_00000186,PROD_00000871,2024-05-29
WISH_00000454,CUST_00000134,PROD_00000256,2022-08-30
WISH_00000455,CUST_00000828,PROD_00000958,2023-01-16
WISH_00000456,CUST_00000849,PROD_00000754,2024-08-31
WISH_00000457,CUST_00000147,PROD_00000736,2024-11-19
WISH_00000458,CUST_00000113,PROD_00000017,2025-11-14
WISH_00000459,CUST_00000957,PROD_00000845,2025-02-12
WISH_00000460,CUST_00000529,PROD_00000629,2023-11-14
WISH_00000461,CUST_00000433,PROD_00000558,2025-08-23
WISH_00000462,CUST_00000387,PROD_00000681,2023-04-22
WISH_00000463,CUST_00000366,PROD_00000141,2022-11-25
WISH_00000464,CUST_00000034,PROD_00000390,2021-08-29
WISH_00000465,CUST_00000062,PROD_00000726,2022-11-27
WISH_00000466,CUST_00000444,PROD_00000737,2024-10-07
WISH_00000467,CUST_00000196,PROD_00000929,2023-05-05
WISH_00000468,CUST_00000087,PROD_00000900,2021-12-19
WISH_00000469,CUST_00000891,PROD_00000974,2024-10-05
WISH_00000470,CUST_00000635,PROD_00000690,2021-04-04
WISH_00000471,CUST_00000254,PROD_00000048,2024-09-12
WISH_00000472,CUST_00000127,PROD_00000611,2025-10-10
WISH_00000473,CUST_00000850,PROD_00000795,2021-02-22
WISH_00000474,CUST_00000162,PROD_00000262,2022-01-05
WISH_00000475,CUST_00000925,PROD_00000570,2024-01-23
WISH_00000476,CUST_00000316,PROD_00000253,2022-09-02
WISH_00000477,CUST_00000172,PROD_00000703,2025-01-08
WISH_00000478,CUST_00000399,PROD_00000513,2022-09-22
WISH_00000479,CUST_00000813,PROD_00000747,2024-08-06
WISH_00000480,CUST_00000331,PROD_00000796,2021-12-24
WISH_00000481,CUST_00000359,PROD_00000797,2021-03-02
WISH_00000482,CUST_00000252,PROD_00000864,2025-02-11
WISH_00000483,CUST_00000009,PROD_00000156,2024-06-29
WISH_00000484,CUST_00000763,PROD_00000603,2023-01-30
WISH_00000485,CUST_00000239,PROD_00000970,2023-02-15
WISH_00000486,CUST_00000035,PROD_00000210,2022-07-20
WISH_00000487,CUST_00000778,PROD_00000324,2024-04-19
WISH_00000488,CUST_00000616,PROD_00000742,2024-03-17
WISH_00000489,CUST_00000934,PROD_00000765,2023-12-06
WISH_00000490,CUST_00000383,PROD_00000755,2024-02-16
WISH_00000491,CUST_00000669,PROD_00000041,2024-01-22
WISH_00000492,CUST_00000686,PROD_00000362,2025-04-16
WISH_00000493,CUST_00000710,PROD_00000372,2024-05-21
WISH_00000494,CUST_00000723,PROD_00000951,2021-06-03
WISH_00000495,CUST_00000730,PROD_00000416,2022-04-24
WISH_00000496,CUST_00000201,PROD_00000635,2025-01-10
WISH_00000497,CUST_00000233,PROD_00000709,2023-07-05
WISH_00000498,CUST_00000628,PROD_00000662,2021-10-05
WISH_00000499,CUST_00000496,PROD_00000377,2024-08-29
WISH_00000500,CUST_00000813,PROD_00000752,2022-03-17
WISH_00000501,CUST_00000077,PROD_00000313,2022-09-08
WISH_00000502,CUST_00000218,PROD_00000278,2024-03-23
WISH_00000503,CUST_00000374,PROD_00000322,2025-12-14
WISH_00000504,CUST_00000053,PROD_00000937,2023-05-07
WISH_00000505,CUST_00000596,PROD_00000555,2021-06-04
WISH_00000506,CUST_00000258,PROD_00000034,2025-05-11
WISH_00000507,CUST_00000132,PROD_00000114,2025-12-21
WISH_00000508,CUST_00000711,PROD_00000002,2025-04-10
WISH_00000509,CUST_00000787,PROD_00000750,2023-06-01
WISH_00000510,CUST_00000867,PROD_00000759,2025-12-07
WISH_00000511,CUST_00000395,PROD_00000571,2023-03-15
WISH_00000512,CUST_00000595,PROD_00000036,2025-11-05
WISH_00000513,CUST_00000928,PROD_00000744,2025-10-12
WISH_00000514,CUST_00000249,PROD_00000008,2025-07-19
WISH_00000515,CUST_00000398,PROD_00000161,2025-09-05
WISH_00000516,CUST_00000945,PROD_00000801,2025-07-12
WISH_00000517,CUST_00000069,PROD_00000452,2024-11-25
WISH_00000518,CUST_00000921,PROD_00000530,2021-11-10
WISH_00000519,CUST_00000654,PROD_00000576,2025-06-07
WISH_00000520,CUST_00000423,PROD_00000573,2022-08-17
WISH_00000521,CUST_00000652,PROD_00000083,2021-01-23
WISH_00000522,CUST_00000892,PROD_00000010,2022-10-10
WISH_00000523,CUST_00000945,PROD_00000434,2024-08-22
WISH_00000524,CUST_00000340,PROD_00000618,2024-11-24
WISH_00000525,CUST_00000374,PROD_00000233,2022-08-24
WISH_00000526,CUST_00000885,PROD_00000222,2024-10-07
WISH_00000527,CUST_00000274,PROD_00000790,2023-05-31
WISH_00000528,CUST_00000257,PROD_00000551,2023-06-01
WISH_00000529,CUST_00000875,PROD_00000870,2024-05-19
WISH_00000530,CUST_00000516,PROD_00000321,2025-06-06
WISH_00000531,CUST_00000268,PROD_00000798,2021-04-06
WISH_00000532,CUST_00000922,PROD_00000645,2025-05-01
WISH_00000533,CUST_00000928,PROD_00000755,2024-12-27
WISH_00000534,CUST_00000357,PROD_00000879,2024-10-15
WISH_00000535,CUST_00000847,PROD_00000282,2023-02-22
WISH_00000536,CUST_00000308,PROD_00000120,2023-12-09
WISH_00000537,CUST_00000867,PROD_00000063,2025-08-12
WISH_00000538,CUST_00000602,PROD_00000686,2025-05-30
WISH_00000539,CUST_00000527,PROD_00000543,2024-05-29
WISH_00000540,CUST_00000648,PROD_00000743,2023-01-06
WISH_00000541,CUST_00000732,PROD_00000169,2023-10-27
WISH_00000542,CUST_00000798,PROD_00000652,2023-12-15
WISH_00000543,CUST_00000694,PROD_00000273,2023-05-01
WISH_00000544,CUST_00000491,PROD_00000658,2023-04-24
WISH_00000545,CUST_00000639,PROD_00000706,2023-11-05
WISH_00000546,CUST_00000638,PROD_00000369,2022-06-07
WISH_00000547,CUST_00000707,PROD_00000472,2024-11-07
WISH_00000548,CUST_00000198,PROD_00000860,2024-04-05
WISH_00000549,CUST_00000351,PROD_00000756,2024-10-31
WISH_00000550,CUST_00000218,PROD_00000295,2024-01-03
WISH_00000551,CUST_00000008,PROD_00000074,2023-03-30
WISH_00000552,CUST_00000231,PROD_00000879,2025-08-28
WISH_00000553,CUST_00000703,PROD_00000929,2024-04-23
WISH_00000554,CUST_00000093,PROD_00000984,2021-03-29
WISH_00000555,CUST_00000657,PROD_00000459,2025-11-14
WISH_00000556,CUST_00000016,PROD_00000648,2021-12-22
WISH_00000557,CUST_00000625,PROD_00000603,2023-12-25
WISH_00000558,CUST_00000813,PROD_00000538,2024-07-20
WISH_00000559,CUST_00000196,PROD_00000588,2021-07-10
WISH_00000560,CUST_00000906,PROD_00000547,2022-10-16
WISH_00000561,CUST_00000464,PROD_00000825,2023-11-28
WISH_00000562,CUST_00000915,PROD_00000207,2024-10-29
WISH_00000563,CUST_00000935,PROD_00000789,2022-10-27
WISH_00000564,CUST_00000818,PROD_00000165,2022-01-15
WISH_00000565,CUST_00000205,PROD_00000124,2021-02-06
WISH_00000566,CUST_00000828,PROD_00000734,2023-01-09
WISH_00000567,CUST_00000580,PROD_00000901,2023-08-10
WISH_00000568,CUST_00000127,PROD_00000273,2024-06-29
WISH_00000569,CUST_00000160,PROD_00000382,2024-03-04
WISH_00000570,CUST_00000501,PROD_00000474,2021-01-11
WISH_00000571,CUST_00000466,PROD_00000354,2024-05-10
WISH_00000572,CUST_00000848,PROD_00000097,2021-11-30
WISH_00000573,CUST_00000857,PROD_00000082,2022-02-23
WISH_00000574,CUST_00000498,PROD_00000537,2021-08-26
WISH_00000575,CUST_00000448,PROD_00000361,2023-05-31
WISH_00000576,CUST_00000464,PROD_00000061,2024-12-14
WISH_00000577,CUST_00000342,PROD_00000094,2025-01-17
WISH_00000578,CUST_00000508,PROD_00000805,2021-11-04
WISH_00000579,CUST_00000664,PROD_00000980,2022-08-04
WISH_00000580,CUST_00000284,PROD_00000365,2021-06-19
WISH_00000581,CUST_00000151,PROD_00000962,2025-05-26
WISH_00000582,CUST_00000575,PROD_00000758,2025-12-12
WISH_00000583,CUST_00000886,PROD_00000653,2024-03-18
WISH_00000584,CUST_00000895,PROD_00000889,2025-03-05
WISH_00000585,CUST_00000696,PROD_00000765,2022-08-17
WISH_00000586,CUST_00000213,PROD_00000296,2025-03-17
WISH_00000587,CUST_00000585,PROD_00000682,2022-03-28
WISH_00000588,CUST_00000322,PROD_00000852,2022-06-06
WISH_00000589,CUST_00000934,PROD_00000838,2023-07-30
WISH_00000590,CUST_00000796,PROD_00000971,2022-03-16
WISH_00000591,CUST_00000666,PROD_00000750,2021-05-27
WISH_00000592,CUST_00000188,PROD_00000921,2023-06-05
WISH_00000593,CUST_00000572,PROD_00000170,2021-10-25
WISH_00000594,CUST_00000768,PROD_00000906,2025-06-18
WISH_00000595,CUST_00000987,PROD_00000863,2022-01-05
WISH_00000596,CUST_00000183,PROD_00000299,2023-03-20
WISH_00000597,CUST_00000384,PROD_00000708,2023-06-13
WISH_00000598,CUST_00000025,PROD_00000896,2024-06-10
WISH_00000599,CUST_00000917,PROD_00000857,2022-10-22
WISH_00000600,CUST_00000998,PROD_00000668,2021-05-04
WISH_00000601,CUST_00000537,PROD_00000920,2024-12-05
WISH_00000602,CUST_00000314,PROD_00000611,2025-12-09
WISH_00000603,CUST_00000038,PROD_00000809,2021-09-05
WISH_00000604,CUST_00000302,PROD_00000317,2025-01-25
WISH_00000605,CUST_00000971,PROD_00000892,2024-11-06
WISH_00000606,CUST_00000988,PROD_00000645,2024-01-27
WISH_00000607,CUST_00000369,PROD_00000865,2023-08-18
WISH_00000608,CUST_00000100,PROD_00000651,2024-02-04
WISH_00000609,CUST_00000388,PROD_00000264,2023-06-01
WISH_00000610,CUST_00000659,PROD_00000661,2022-11-09
WISH_00000611,CUST_00000446,PROD_00000480,2025-01-13
WISH_00000612,CUST_00000792,PROD_00000960,2024-02-11
WISH_00000613,CUST_00000470,PROD_00000261,2022-07-24
WISH_00000614,CUST_00000055,PROD_00000546,2022-04-25
WISH_00000615,CUST_00000496,PROD_00000521,2023-06-01
WISH_00000616,CUST_00000921,PROD_00000806,2022-04-14
WISH_00000617,CUST_00000584,PROD_00000043,2022-01-01
WISH_00000618,CUST_00000755,PROD_00000096,2023-01-28
WISH_00000619,CUST_00000127,PROD_00000394,2023-02-18
WISH_00000620,CUST_00000980,PROD_00000524,2023-07-15
WISH_00000621,CUST_00000321,PROD_00000355,2021-12-05
WISH_00000622,CUST_00000766,PROD_00000999,2024-04-14
WISH_00000623,CUST_00000068,PROD_00000402,2024-08-12
WISH_00000624,CUST_00000396,PROD_00000471,2025-07-08
WISH_00000625,CUST_00000153,PROD_00000652,2021-04-04
WISH_00000626,CUST_00000149,PROD_00000287,2025-11-21
WISH_00000627,CUST_00000403,PROD_00000779,2021-12-21
WISH_00000628,CUST_00000226,PROD_00000866,2023-12-28
WISH_00000629,CUST_00000838,PROD_00000283,2021-05-29
WISH_00000630,CUST_00000692,PROD_00000533,2021-01-05
WISH_00000631,CUST_00000310,PROD_00000896,2021-09-03
WISH_00000632,CUST_00000419,PROD_00000970,2025-08-27
WISH_00000633,CUST_00000515,PROD_00000269,2023-02-01
WISH_00000634,CUST_00000289,PROD_00000762,2023-09-14
WISH_00000635,CUST_00000201,PROD_00000557,2022-10-09
WISH_00000636,CUST_00000519,PROD_00000687,2023-06-12
WISH_00000637,CUST_00000873,PROD_00000281,2022-03-20
WISH_00000638,CUST_00000667,PROD_00000077,2024-04-22
WISH_00000639,CUST_00000769,PROD_00000745,2021-10-14
WISH_00000640,CUST_00000168,PROD_00000832,2021-07-31
WISH_00000641,CUST_00000914,PROD_00000710,2025-04-10
WISH_00000642,CUST_00000675,PROD_00000355,2023-10-17
WISH_00000643,CUST_00000337,PROD_00000255,2022-11-27
WISH_00000644,CUST_00000295,PROD_00000668,2021-08-05
WISH_00000645,CUST_00000380,PROD_00000916,2023-04-29
WISH_00000646,CUST_00000011,PROD_00000980,2025-02-17
WISH_00000647,CUST_00000357,PROD_00000425,2021-12-01
WISH_00000648,CUST_00000813,PROD_00000004,2023-06-06
WISH_00000649,CUST_00000971,PROD_00000084,2025-08-25
WISH_00000650,CUST_00000131,PROD_00000709,2021-06-21
WISH_00000651,CUST_00000205,PROD_00000214,2023-05-25
WISH_00000652,CUST_00000436,PROD_00000792,2022-06-03
WISH_00000653,CUST_00000316,PROD_00000657,2025-06-27
WISH_00000654,CUST_00000604,PROD_00000901,2024-08-23
WISH_00000655,CUST_00000314,PROD_00000057,2021-06-02
WISH_00000656,CUST_00000486,PROD_00000154,2022-05-02
WISH_00000657,CUST_00000950,PROD_00000612,2025-11-09
WISH_00000658,CUST_00000111,PROD_00000712,2025-09-02
WISH_00000659,CUST_00000290,PROD_00000969,2022-02-15
WISH_00000660,CUST_00000247,PROD_00000401,2024-12-15
WISH_00000661,CUST_00000412,PROD_00000952,2021-11-07
WISH_00000662,CUST_00000573,PROD_00000520,2022-05-02
WISH_00000663,CUST_00000450,PROD_00000960,2022-05-15
WISH_00000664,CUST_00000889,PROD_00000965,2022-07-22
WISH_00000665,CUST_00000622,PROD_00000522,2021-04-02
WISH_00000666,CUST_00000962,PROD_00000946,2025-08-25
WISH_00000667,CUST_00000421,PROD_00000636,2022-10-31
WISH_00000668,CUST_00000400,PROD_00000951,2022-05-08
WISH_00000669,CUST_00000456,PROD_00000270,2025-09-08
WISH_00000670,CUST_00000744,PROD_00000859,2024-01-01
WISH_00000671,CUST_00000125,PROD_00000539,2024-01-06
WISH_00000672,CUST_00000715,PROD_00000512,2021-02-15
WISH_00000673,CUST_00000941,PROD_00000517,2023-03-16
WISH_00000674,CUST_00000783,PROD_00000847,2023-01-29
WISH_00000675,CUST_00000260,PROD_00000412,2025-03-19
WISH_00000676,CUST_00000535,PROD_00000645,2024-09-19
WISH_00000677,CUST_00000712,PROD_00000342,2023-01-06
WISH_00000678,CUST_00000080,PROD_00000140,2023-09-10
WISH_00000679,CUST_00000272,PROD_00000264,2023-01-31
WISH_00000680,CUST_00000856,PROD_00000827,2024-05-23
WISH_00000681,CUST_00000565,PROD_00000449,2021-03-18
WISH_00000682,CUST_00000778,PROD_00000227,2025-02-21
WISH_00000683,CUST_00000418,PROD_00000060,2024-06-08
WISH_00000684,CUST_00000402,PROD_00000080,2021-02-19
WISH_00000685,CUST_00000053,PROD_00000055,2022-10-23
WISH_00000686,CUST_00000272,PROD_00000606,2021-04-17
WISH_00000687,CUST_00000896,PROD_00000427,2024-12-26
WISH_00000688,CUST_00000228,PROD_00000553,2022-11-29
WISH_00000689,CUST_00000958,PROD_00000522,2025-12-28
WISH_00000690,CUST_00000692,PROD_00000226,2022-05-13
WISH_00000691,CUST_00000371,PROD_00000116,2023-10-28
WISH_00000692,CUST_00000825,PROD_00000971,2023-04-05
WISH_00000693,CUST_00000712,PROD_00000340,2021-10-19
WISH_00000694,CUST_00000192,PROD_00000107,2023-09-06
WISH_00000695,CUST_00000980,PROD_00000519,2024-09-27
WISH_00000696,CUST_00000023,PROD_00000533,2024-07-27
WISH_00000697,CUST_00000552,PROD_00000764,2022-06-20
WISH_00000698,CUST_00000910,PROD_00000331,2021-11-08
WISH_00000699,CUST_00000336,PROD_00000101,2025-10-15
WISH_00000700,CUST_00000230,PROD_00000215,2025-09-21
WISH_00000701,CUST_00000530,PROD_00000556,2022-05-06
WISH_00000702,CUST_00000488,PROD_00000223,2021-03-18
WISH_00000703,CUST_00000734,PROD_00000210,2021-05-04
WISH_00000704,CUST_00000164,PROD_00000344,2023-08-24
WISH_00000705,CUST_00000996,PROD_00000726,2021-10-11
WISH_00000706,CUST_00000423,PROD_00000805,2025-08-23
WISH_00000707,CUST_00000360,PROD_00000751,2023-04-25
WISH_00000708,CUST_00000169,PROD_00000428,2022-04-27
WISH_00000709,CUST_00000513,PROD_00000065,2024-06-01
WISH_00000710,CUST_00000849,PROD_00000254,2025-11-17
WISH_00000711,CUST_00000348,PROD_00000882,2024-01-07
WISH_00000712,CUST_00000766,PROD_00000518,2022-08-31
WISH_00000713,CUST_00000199,PROD_00000294,2022-07-11
WISH_00000714,CUST_00000212,PROD_00000221,2021-03-10
WISH_00000715,CUST_00000682,PROD_00000427,2024-01-28
WISH_00000716,CUST_00000152,PROD_00000313,2021-03-09
WISH_00000717,CUST_00000885,PROD_00000715,2021-03-19
WISH_00000718,CUST_00000577,PROD_00000464,2024-03-15
WISH_00000719,CUST_00000530,PROD_00000582,2021-03-16
WISH_00000720,CUST_00000090,PROD_00000577,2022-05-29
WISH_00000721,CUST_00000014,PROD_00000252,2023-09-21
WISH_00000722,CUST_00000019,PROD_00000695,2025-08-20
WISH_00000723,CUST_00000082,PROD_00000112,2024-01-16
WISH_00000724,CUST_00000761,PROD_00000764,2025-11-21
WISH_00000725,CUST_00000621,PROD_00000291,2023-12-08
WISH_00000726,CUST_00000519,PROD_00000280,2023-02-05
WISH_00000727,CUST_00000832,PROD_00000294,2025-05-20
WISH_00000728,CUST_00000002,PROD_00000515,2023-12-02
WISH_00000729,CUST_00000263,PROD_00000179,2021-05-14
WISH_00000730,CUST_00000540,PROD_00000189,2023-04-07
WISH_00000731,CUST_00000860,PROD_00000168,2022-08-16
WISH_00000732,CUST_00000490,PROD_00000054,2023-11-09
WISH_00000733,CUST_00000337,PROD_00000578,2022-11-23
WISH_00000734,CUST_00000286,PROD_00000627,2023-04-09
WISH_00000735,CUST_00000254,PROD_00000316,2024-02-18
WISH_00000736,CUST_00000597,PROD_00000271,2024-09-20
WISH_00000737,CUST_00000485,PROD_00000726,2022-06-15
WISH_00000738,CUST_00000201,PROD_00000430,2021-03-11
WISH_00000739,CUST_00000292,PROD_00000622,2022-03-10
WISH_00000740,CUST_00000884,PROD_00000183,2024-04-27
WISH_00000741,CUST_00000278,PROD_00000260,2024-11-27
WISH_00000742,CUST_00000335,PROD_00000024,2025-06-18
WISH_00000743,CUST_00000590,PROD_00000851,2025-08-13
WISH_00000744,CUST_00000411,PROD_00000094,2024-11-11
WISH_00000745,CUST_00000210,PROD_00000256,2025-07-18
WISH_00000746,CUST_00000638,PROD_00000214,2021-05-13
WISH_00000747,CUST_00000010,PROD_00000871,2024-05-30
WISH_00000748,CUST_00000240,PROD_00000496,2021-03-08
WISH_00000749,CUST_00000790,PROD_00000040,2023-03-18
WISH_00000750,CUST_00000919,PROD_00000795,2021-08-19
WISH_00000751,CUST_00000820,PROD_00000463,2022-10-30
WISH_00000752,CUST_00000170,PROD_00000436,2021-05-30
WISH_00000753,CUST_00000681,PROD_00000549,2024-02-07
WISH_00000754,CUST_00000816,PROD_00000769,2024-12-23
WISH_00000755,CUST_00000837,PROD_00000716,2025-02-27
WISH_00000756,CUST_00000947,PROD_00000905,2023-03-30
WISH_00000757,CUST_00000473,PROD_00000211,2022-09-07
WISH_00000758,CUST_00000769,PROD_00000914,2024-01-10
WISH_00000759,CUST_00000472,PROD_00000123,2025-06-30
WISH_00000760,CUST_00000865,PROD_00000807,2022-06-24
WISH_00000761,CUST_00000762,PROD_00000459,2025-11-21
WISH_00000762,CUST_00000696,PROD_00000971,2025-12-27
WISH_00000763,CUST_00000229,PROD_00000286,2025-02-20
WISH_00000764,CUST_00000839,PROD_00000276,2023-10-29
WISH_00000765,CUST_00000408,PROD_00000244,2022-04-20
WISH_00000766,CUST_00000399,PROD_00000762,2021-09-11
WISH_00000767,CUST_00000203,PROD_00000143,2025-04-26
WISH_00000768,CUST_00000684,PROD_00000761,2022-05-08
WISH_00000769,CUST_00000593,PROD_00000320,2022-10-27
WISH_00000770,CUST_00000049,PROD_00000375,2022-07-25
WISH_00000771,CUST_00000727,PROD_00000921,2024-05-13
WISH_00000772,CUST_00000689,PROD_00000433,2023-03-13
WISH_00000773,CUST_00000964,PROD_00000579,2024-04-05
WISH_00000774,CUST_00000095,PROD_00000122,2024-09-12
WISH_00000775,CUST_00000118,PROD_00000235,2023-06-03
WISH_00000776,CUST_00000610,PROD_00000794,2025-10-16
WISH_00000777,CUST_00000074,PROD_00000429,2024-06-02
WISH_00000778,CUST_00000037,PROD_00000732,2022-03-06
WISH_00000779,CUST_00000330,PROD_00000126,2023-03-17
WISH_00000780,CUST_00000426,PROD_00000774,2025-02-11
WISH_00000781,CUST_00000187,PROD_00000750,2021-04-19
WISH_00000782,CUST_00000384,PROD_00000544,2024-12-11
WISH_00000783,CUST_00000459,PROD_00000203,2024-10-28
WISH_00000784,CUST_00000991,PROD_00000973,2023-01-26
WISH_00000785,CUST_00000778,PROD_00000273,2021-10-05
WISH_00000786,CUST_00000747,PROD_00000174,2024-12-05
WISH_00000787,CUST_00000870,PROD_00000821,2024-04-29
WISH_00000788,CUST_00000309,PROD_00000238,2022-10-29
WISH_00000789,CUST_00000426,PROD_00000868,2023-11-11
WISH_00000790,CUST_00000392,PROD_00000990,2023-08-07
WISH_00000791,CUST_00000331,PROD_00000900,2025-08-26
WISH_00000792,CUST_00000852,PROD_00000462,2021-09-07
WISH_00000793,CUST_00000408,PROD_00000110,2022-07-13
WISH_00000794,CUST_00000307,PROD_00000412,2025-05-05
WISH_00000795,CUST_00000071,PROD_00000071,2024-10-30
WISH_00000796,CUST_00000444,PROD_00000656,2025-08-01
WISH_00000797,CUST_00000149,PROD_00000718,2025-07-05
WISH_00000798,CUST_00000876,PROD_00000357,2021-10-11
WISH_00000799,CUST_00000437,PROD_00000423,2023-01-14
WISH_00000800,CUST_00000262,PROD_00000241,2022-11-12
WISH_00000801,CUST_00000799,PROD_00000603,2023-09-20
WISH_00000802,CUST_00000652,PROD_00000670,2025-09-21
WISH_00000803,CUST_00000357,PROD_00000719,2025-05-06
WISH_00000804,CUST_00000909,PROD_00000569,2022-06-04
WISH_00000805,CUST_00000305,PROD_00000568,2023-01-11
WISH_00000806,CUST_00000543,PROD_00000679,2025-01-05
WISH_00000807,CUST_00000777,PROD_00000127,2023-01-15
WISH_00000808,CUST_00000155,PROD_00000426,2022-03-21
WISH_00000809,CUST_00000116,PROD_00000530,2022-02-21
WISH_00000810,CUST_00000949,PROD_00000075,2022-06-15
WISH_00000811,CUST_00000721,PROD_00000278,2025-04-15
WISH_00000812,CUST_00000627,PROD_00000494,2022-04-07
WISH_00000813,CUST_00000051,PROD_00000388,2024-03-11
WISH_00000814,CUST_00000072,PROD_00000771,2023-03-15
WISH_00000815,CUST_00000923,PROD_00000957,2023-06-22
WISH_00000816,CUST_00000640,PROD_00000536,2021-04-26
WISH_00000817,CUST_00000936,PROD_00000462,2024-02-05
WISH_00000818,CUST_00000761,PROD_00000308,2025-04-19
WISH_00000819,CUST_00000830,PROD_00000579,2024-04-16
WISH_00000820,CUST_00000826,PROD_00000123,2021-02-01
WISH_00000821,CUST_00000143,PROD_00000287,2021-10-25
WISH_00000822,CUST_00000167,PROD_00000053,2024-03-30
WISH_00000823,CUST_00000070,PROD_00000445,2023-02-21
WISH_00000824,CUST_00000992,PROD_00000121,2023-09-12
WISH_00000825,CUST_00000496,PROD_00000698,2022-02-16
WISH_00000826,CUST_00000520,PROD_00000419,2022-09-18
WISH_00000827,CUST_00000163,PROD_00000799,2022-02-27
WISH_00000828,CUST_00000575,PROD_00000953,2024-01-23
WISH_00000829,CUST_00000287,PROD_00000756,2022-06-27
WISH_00000830,CUST_00000234,PROD_00000076,2021-06-01
WISH_00000831,CUST_00000730,PROD_00000906,2023-01-25
WISH_00000832,CUST_00000938,PROD_00000084,2025-01-25
WISH_00000833,CUST_00000344,PROD_00000914,2025-12-06
WISH_00000834,CUST_00000883,PROD_00000876,2024-10-11
WISH_00000835,CUST_00000253,PROD_00000824,2023-04-18
WISH_00000836,CUST_00000706,PROD_00000804,2022-06-20
WISH_00000837,CUST_00000809,PROD_00000307,2021-08-06
WISH_00000838,CUST_00000257,PROD_00000445,2024-10-09
WISH_00000839,CUST_00000842,PROD_00000659,2025-05-20
WISH_00000840,CUST_00000506,PROD_00000337,2025-10-17
WISH_00000841,CUST_00000754,PROD_00000872,2024-11-25
WISH_00000842,CUST_00000471,PROD_00000381,2024-01-29
WISH_00000843,CUST_00000289,PROD_00000907,2022-02-25
WISH_00000844,CUST_00000620,PROD_00000517,2024-08-22
WISH_00000845,CUST_00000549,PROD_00000101,2024-06-27
WISH_00000846,CUST_00000892,PROD_00000941,2022-03-05
WISH_00000847,CUST_00000825,PROD_00000100,2024-07-23
WISH_00000848,CUST_00000505,PROD_00000173,2021-11-11
WISH_00000849,CUST_00000523,PROD_00000432,2021-11-11
WISH_00000850,CUST_00000084,PROD_00000108,2021-03-31
WISH_00000851,CUST_00000730,PROD_00000782,2024-11-19
WISH_00000852,CUST_00000750,PROD_00000885,2022-03-15
WISH_00000853,CUST_00000559,PROD_00000028,2024-06-28
WISH_00000854,CUST_00000962,PROD_00000757,2025-05-20
WISH_00000855,CUST_00000345,PROD_00000265,2024-06-13
WISH_00000856,CUST_00000379,PROD_00000315,2024-01-06
WISH_00000857,CUST_00000132,PROD_00000038,2022-07-24
WISH_00000858,CUST_00000211,PROD_00000605,2021-04-10
WISH_00000859,CUST_00000717,PROD_00000153,2023-06-10
WISH_00000860,CUST_00000595,PROD_00000328,2023-03-23
WISH_00000861,CUST_00000077,PROD_00000048,2023-09-25
WISH_00000862,CUST_00000951,PROD_00000915,2025-01-24
WISH_00000863,CUST_00000140,PROD_00000642,2024-11-22
WISH_00000864,CUST_00000128,PROD_00000006,2021-09-02
WISH_00000865,CUST_00000066,PROD_00000414,2024-11-05
WISH_00000866,CUST_00000933,PROD_00000061,2021-02-21
WISH_00000867,CUST_00000754,PROD_00000770,2021-06-11
WISH_00000868,CUST_00000663,PROD_00000435,2024-04-29
WISH_00000869,CUST_00000567,PROD_00000339,2021-05-02
WISH_00000870,CUST_00000147,PROD_00000269,2024-12-05
WISH_00000871,CUST_00000067,PROD_00000817,2023-10-11
WISH_00000872,CUST_00000472,PROD_00000757,2025-12-09
WISH_00000873,CUST_00000151,PROD_00000008,2021-10-21
WISH_00000874,CUST_00000004,PROD_00000777,2021-09-03
WISH_00000875,CUST_00000018,PROD_00000663,2024-04-22
WISH_00000876,CUST_00000524,PROD_00000485,2025-01-12
WISH_00000877,CUST_00000256,PROD_00000712,2021-12-12
WISH_00000878,CUST_00000509,PROD_00000329,2024-04-06
WISH_00000879,CUST_00000035,PROD_00000400,2025-06-28
WISH_00000880,CUST_00000923,PROD_00000400,2024-11-29
WISH_00000881,CUST_00000555,PROD_00000780,2024-12-10
WISH_00000882,CUST_00000590,PROD_00000729,2022-08-24
WISH_00000883,CUST_00000507,PROD_00000889,2025-03-28
WISH_00000884,CUST_00000863,PROD_00000395,2022-08-24
WISH_00000885,CUST_00000323,PROD_00000338,2025-08-17
WISH_00000886,CUST_00000453,PROD_00000909,2021-02-05
WISH_00000887,CUST_00000832,PROD_00000419,2023-11-06
WISH_00000888,CUST_00000861,PROD_00000210,2021-07-25
WISH_00000889,CUST_00000359,PROD_00000363,2025-02-26
WISH_00000890,CUST_00000052,PROD_00000990,2022-11-05
WISH_00000891,CUST_00000529,PROD_00000171,2023-05-31
WISH_00000892,CUST_00000723,PROD_00000101,2022-12-13
WISH_00000893,CUST_00000739,PROD_00000414,2023-09-14
WISH_00000894,CUST_00000033,PROD_00000572,2022-02-27
WISH_00000895,CUST_00000328,PROD_00000323,2023-08-18
WISH_00000896,CUST_00000436,PROD_00000029,2021-07-24
WISH_00000897,CUST_00000997,PROD_00000665,2021-06-06
WISH_00000898,CUST_00000419,PROD_00000578,2024-12-09
WISH_00000899,CUST_00000916,PROD_00000751,2023-04-11
WISH_00000900,CUST_00000849,PROD_00000005,2021-10-26
WISH_00000901,CUST_00000813,PROD_00000636,2021-01-19
WISH_00000902,CUST_00000077,PROD_00000607,2025-03-03
WISH_00000903,CUST_00000580,PROD_00000517,2021-05-18
WISH_00000904,CUST_00000050,PROD_00000085,2025-05-11
WISH_00000905,CUST_00000442,PROD_00000240,2022-12-01
WISH_00000906,CUST_00000670,PROD_00000049,2021-02-12
WISH_00000907,CUST_00000198,PROD_00000026,2021-10-31
WISH_00000908,CUST_00000770,PROD_00000839,2021-10-23
WISH_00000909,CUST_00000463,PROD_00000414,2024-08-06
WISH_00000910,CUST_00000377,PROD_00000098,2024-10-21
WISH_00000911,CUST_00000546,PROD_00000412,2022-09-17
WISH_00000912,CUST_00000436,PROD_00000894,2022-01-04
WISH_00000913,CUST_00000724,PROD_00000270,2024-02-27
WISH_00000914,CUST_00000272,PROD_00000274,2024-07-22
WISH_00000915,CUST_00000892,PROD_00000313,2024-07-04
WISH_00000916,CUST_00000939,PROD_00000236,2022-01-11
WISH_00000917,CUST_00000576,PROD_00000209,2024-01-17
WISH_00000918,CUST_00000989,PROD_00000025,2023-08-22
WISH_00000919,CUST_00000155,PROD_00000838,2021-08-04
WISH_00000920,CUST_00000321,PROD_00000645,2024-10-14
WISH_00000921,CUST_00000269,PROD_00000181,2023-05-02
WISH_00000922,CUST_00000552,PROD_00000597,2025-02-13
WISH_00000923,CUST_00000160,PROD_00000246,2024-07-31
WISH_00000924,CUST_00000323,PROD_00000551,2024-02-05
WISH_00000925,CUST_00000014,PROD_00000763,2022-04-28
WISH_00000926,CUST_00000376,PROD_00000441,2023-11-14
WISH_00000927,CUST_00000120,PROD_00000626,2024-06-09
WISH_00000928,CUST_00000314,PROD_00000468,2023-12-04
WISH_00000929,CUST_00000348,PROD_00000779,2022-01-21
WISH_00000930,CUST_00000046,PROD_00000965,2023-07-08
WISH_00000931,CUST_00000346,PROD_00000614,2022-04-26
WISH_00000932,CUST_00000469,PROD_00000999,2021-03-19
WISH_00000933,CUST_00000382,PROD_00000739,2021-11-14
WISH_00000934,CUST_00000622,PROD_00000766,2021-05-23
WISH_00000935,CUST_00000371,PROD_00000227,2025-10-17
WISH_00000936,CUST_00000459,PROD_00000761,2022-05-31
WISH_00000937,CUST_00000219,PROD_00000281,2024-05-20
WISH_00000938,CUST_00000955,PROD_00000670,2025-12-28
WISH_00000939,CUST_00000121,PROD_00000514,2025-10-01
WISH_00000940,CUST_00000961,PROD_00000212,2025-03-17
WISH_00000941,CUST_00000289,PROD_00000036,2021-11-21
WISH_00000942,CUST_00000512,PROD_00000549,2025-03-30
WISH_00000943,CUST_00000558,PROD_00000770,2024-05-30
WISH_00000944,CUST_00000338,PROD_00000240,2022-05-01
WISH_00000945,CUST_00000381,PROD_00000364,2025-12-20
WISH_00000946,CUST_00000506,PROD_00000431,2025-01-18
WISH_00000947,CUST_00000566,PROD_00000091,2024-02-06
WISH_00000948,CUST_00000834,PROD_00000608,2022-05-02
WISH_00000949,CUST_00000388,PROD_00000187,2022-01-05
WISH_00000950,CUST_00000566,PROD_00000260,2022-09-22
WISH_00000951,CUST_00000882,PROD_00000731,2023-07-01
WISH_00000952,CUST_00000004,PROD_00000350,2022-01-28
WISH_00000953,CUST_00000913,PROD_00000707,2021-04-29
WISH_00000954,CUST_00000752,PROD_00000046,2025-03-13
WISH_00000955,CUST_00000592,PROD_00000877,2025-11-09
WISH_00000956,CUST_00000201,PROD_00000987,2021-12-20
WISH_00000957,CUST_00000986,PROD_00000870,2023-02-05
WISH_00000958,CUST_00000202,PROD_00000932,2023-08-15
WISH_00000959,CUST_00000256,PROD_00000577,2025-04-30
WISH_00000960,CUST_00000199,PROD_00000227,2025-07-20
WISH_00000961,CUST_00000073,PROD_00000568,2025-07-29
WISH_00000962,CUST_00000951,PROD_00000716,2024-08-29
WISH_00000963,CUST_00000688,PROD_00000547,2023-12-24
WISH_00000964,CUST_00000219,PROD_00000119,2021-09-15
WISH_00000965,CUST_00000736,PROD_00000978,2023-10-27
WISH_00000966,CUST_00000433,PROD_00000238,2024-09-02
WISH_00000967,CUST_00000407,PROD_00000101,2024-12-12
WISH_00000968,CUST_00000795,PROD_00000791,2021-01-17
WISH_00000969,CUST_00000793,PROD_00000737,2021-10-09
WISH_00000970,CUST_00000093,PROD_00000334,2024-11-28
WISH_00000971,CUST_00000664,PROD_00000507,2022-07-07
WISH_00000972,CUST_00000080,PROD_00000556,2022-03-18
WISH_00000973,CUST_00000208,PROD_00000001,2022-01-01
WISH_00000974,CUST_00000092,PROD_00000731,2024-10-10
WISH_00000975,CUST_00000532,PROD_00000728,2021-12-21
WISH_00000976,CUST_00000053,PROD_00000962,2024-08-26
WISH_00000977,CUST_00000083,PROD_00000140,2024-12-07
WISH_00000978,CUST_00000074,PROD_00000909,2023-03-27
WISH_00000979,CUST_00000410,PROD_00000923,2023-09-25
WISH_00000980,CUST_00000444,PROD_00000276,2021-08-20
WISH_00000981,CUST_00000130,PROD_00000367,2025-01-24
WISH_00000982,CUST_00000771,PROD_00000624,2024-01-19
WISH_00000983,CUST_00000871,PROD_00000755,2024-03-19
WISH_00000984,CUST_00000184,PROD_00000997,2025-05-27
WISH_00000985,CUST_00000578,PROD_00000866,2025-01-18
WISH_00000986,CUST_00000665,PROD_00000518,2022-01-24
WISH_00000987,CUST_00000365,PROD_00000904,2024-08-24
WISH_00000988,CUST_00000196,PROD_00000277,2024-07-04
WISH_00000989,CUST_00000015,PROD_00000615,2025-04-30
WISH_00000990,CUST_00000210,PROD_00000917,2022-01-09
WISH_00000991,CUST_00000135,PROD_00000301,2025-04-25
WISH_00000992,CUST_00000384,PROD_00000070,2021-07-11
WISH_00000993,CUST_00000475,PROD_00000873,2025-03-27
WISH_00000994,CUST_00000594,PROD_00000428,2024-11-06
WISH_00000995,CUST_00000583,PROD_00000187,2024-12-30
WISH_00000996,CUST_00000504,PROD_00000158,2021-05-15
WISH_00000997,CUST_00000477,PROD_00000650,2021-06-28
WISH_00000998,CUST_00000297,PROD_00000331,2024-05-29
WISH_00000999,CUST_00000382,PROD_00000257,2021-08-10
WISH_00001000,CUST_00000444,PROD_00000906,2022-07-05
