order_id,customer_id,status,order_date,total_cents,discount_code,shipping_cents,session_id
ORD_00000001,CUST_00000401,completed,2025-11-05,1735,,799,SESS_0000000001
ORD_00000002,CUST_00000365,returned,2023-12-27,9646,,1499,SESS_0000000002
ORD_00000003,CUST_00000577,processing,2025-01-03,1275,HOLIDAY25,799,SESS_0000000003
ORD_00000004,CUST_00000326,completed,2022-12-29,594,SUMMER20,599,SESS_0000000004
ORD_00000005,CUST_00000581,completed,2022-01-30,1021,,499,SESS_0000000005
ORD_00000006,CUST_00000633,completed,2025-09-28,8385,,799,SESS_0000000006
ORD_00000007,CUST_00000621,canceled,2025-11-07,4716,SAVE10,499,SESS_0000000007
ORD_00000008,CUST_00000828,completed,2023-08-27,11069,SAVE10,0,SESS_0000000008
ORD_00000009,CUST_00000247,completed,2021-01-16,793,,799,SESS_0000000009
ORD_00000010,CUST_00000434,completed,2021-09-25,30339,,599,SESS_0000000010
ORD_00000011,CUST_00000093,canceled,2023-12-10,2244,WELCOME15,799,SESS_0000000011
ORD_00000012,CUST_00000268,completed,2021-02-27,512,,499,SESS_0000000012
ORD_00000013,CUST_00000615,completed,2022-12-29,26789,,999,SESS_0000000013
ORD_00000014,CUST_00000943,shipped,2022-09-10,804,,999,SESS_0000000014
ORD_00000015,CUST_00000963,completed,2024-10-06,2002,,1499,SESS_0000000015
ORD_00000016,CUST_00000624,completed,2021-05-16,2426,SUMMER20,499,SESS_0000000016
ORD_00000017,CUST_00000321,returned,2023-08-05,4647,,0,SESS_0000000017
ORD_00000018,CUST_00000923,returned,2023-12-15,1351,VIP50,799,SESS_0000000018
ORD_00000019,CUST_00000816,shipped,2024-02-12,8427,,999,SESS_0000000019
ORD_00000020,CUST_00000856,completed,2023-01-13,6333,,0,SESS_0000000020
ORD_00000021,CUST_00000062,completed,2022-09-12,3038,,499,SESS_0000000021
ORD_00000022,CUST_00000300,canceled,2024-07-20,11207,VIP50,0,SESS_0000000022
ORD_00000023,CUST_00000403,completed,2025-04-26,2785,HOLIDAY25,499,SESS_0000000023
ORD_00000024,CUST_00000955,shipped,2024-08-16,2262,,1499,SESS_0000000024
ORD_00000025,CUST_00000648,canceled,2025-11-06,21984,HOLIDAY25,799,SESS_0000000025
ORD_00000026,CUST_00000567,completed,2024-10-13,4006,WELCOME15,0,SESS_0000000026
ORD_00000027,CUST_00000620,shipped,2024-12-03,1112,,799,SESS_0000000027
ORD_00000028,CUST_00000303,shipped,2021-12-06,1273,,0,SESS_0000000028
ORD_00000029,CUST_00000770,completed,2023-02-17,3038,SUMMER20,499,SESS_0000000029
ORD_00000030,CUST_00000253,completed,2023-07-27,270,,499,SESS_0000000030
ORD_00000031,CUST_00000734,completed,2022-05-18,1582,,0,SESS_0000000031
ORD_00000032,CUST_00000478,completed,2023-11-04,2696,SAVE10,1499,SESS_0000000032
ORD_00000033,CUST_00000369,completed,2022-08-10,2521,,499,SESS_0000000033
ORD_00000034,CUST_00000679,completed,2024-08-01,847,,599,SESS_0000000034
ORD_00000035,CUST_00000941,shipped,2023-06-21,1903,,599,SESS_0000000035
ORD_00000036,CUST_00000160,returned,2023-05-24,9699,SAVE10,799,SESS_0000000036
ORD_00000037,CUST_00000961,completed,2025-12-18,7888,SAVE10,599,SESS_0000000037
ORD_00000038,CUST_00000166,completed,2022-12-25,3280,,599,SESS_0000000038
ORD_00000039,CUST_00000205,completed,2022-12-01,2782,FLASH30,1499,SESS_0000000039
ORD_00000040,CUST_00000267,returned,2022-10-17,2536,,1499,SESS_0000000040
ORD_00000041,CUST_00000138,completed,2025-08-19,3775,,999,SESS_0000000041
ORD_00000042,CUST_00000368,completed,2023-08-25,3302,SUMMER20,999,SESS_0000000042
ORD_00000043,CUST_00000443,canceled,2024-01-01,4122,,1499,SESS_0000000043
ORD_00000044,CUST_00000858,completed,2021-12-16,4923,,999,SESS_0000000044
ORD_00000045,CUST_00000760,canceled,2023-11-14,887,,1499,SESS_0000000045
ORD_00000046,CUST_00000567,canceled,2022-07-02,2185,,999,SESS_0000000046
ORD_00000047,CUST_00000916,canceled,2024-11-05,3633,,499,SESS_0000000047
ORD_00000048,CUST_00000721,completed,2025-03-21,1134,,1499,SESS_0000000048
ORD_00000049,CUST_00000017,completed,2024-10-07,1519,,799,SESS_0000000049
ORD_00000050,CUST_00000068,processing,2024-11-05,2397,,799,SESS_0000000050
ORD_00000051,CUST_00000133,completed,2023-10-02,2517,HOLIDAY25,1499,SESS_0000000051
ORD_00000052,CUST_00000700,completed,2024-09-30,3701,,599,SESS_0000000052
ORD_00000053,CUST_00000919,completed,2023-02-25,1276,,799,SESS_0000000053
ORD_00000054,CUST_00000430,completed,2024-05-06,7848,VIP50,599,SESS_0000000054
ORD_00000055,CUST_00000308,completed,2022-05-25,2497,HOLIDAY25,799,SESS_0000000055
ORD_00000056,CUST_00000650,completed,2021-06-19,3446,,0,SESS_0000000056
ORD_00000057,CUST_00000174,completed,2023-02-03,2059,,0,SESS_0000000057
ORD_00000058,CUST_00000412,completed,2023-05-31,3773,,1499,SESS_0000000058
ORD_00000059,CUST_00000097,completed,2022-05-18,15854,,799,SESS_0000000059
ORD_00000060,CUST_00000683,completed,2024-11-03,2040,,499,SESS_0000000060
ORD_00000061,CUST_00000154,completed,2021-06-29,1729,,599,SESS_0000000061
ORD_00000062,CUST_00000695,completed,2022-02-25,1299,SAVE10,799,SESS_0000000062
ORD_00000063,CUST_00000242,completed,2024-11-20,2808,,1499,SESS_0000000063
ORD_00000064,CUST_00000304,completed,2023-04-01,2776,,599,SESS_0000000064
ORD_00000065,CUST_00000285,completed,2024-09-14,3138,HOLIDAY25,999,SESS_0000000065
ORD_00000066,CUST_00000027,completed,2023-12-05,4761,WELCOME15,1499,SESS_0000000066
ORD_00000067,CUST_00000402,completed,2025-11-21,4197,,799,SESS_0000000067
ORD_00000068,CUST_00000360,completed,2023-12-30,2914,,499,SESS_0000000068
ORD_00000069,CUST_00000060,completed,2021-02-06,21032,WELCOME15,999,SESS_0000000069
ORD_00000070,CUST_00000202,completed,2022-11-23,5947,,1499,SESS_0000000070
ORD_00000071,CUST_00000762,canceled,2021-11-15,1002,,799,SESS_0000000071
ORD_00000072,CUST_00000874,completed,2025-10-31,635,SAVE10,0,SESS_0000000072
ORD_00000073,CUST_00000581,returned,2021-09-11,1486,,799,SESS_0000000073
ORD_00000074,CUST_00000970,completed,2022-12-22,3472,,0,SESS_0000000074
ORD_00000075,CUST_00000370,completed,2022-03-05,1367,,0,SESS_0000000075
ORD_00000076,CUST_00000533,completed,2025-04-24,1591,,1499,SESS_0000000076
ORD_00000077,CUST_00000152,completed,2022-09-22,3059,,799,SESS_0000000077
ORD_00000078,CUST_00000102,completed,2025-12-25,2117,SAVE10,799,SESS_0000000078
ORD_00000079,CUST_00000899,completed,2021-04-05,384,,0,SESS_0000000079
ORD_00000080,CUST_00001000,completed,2021-11-03,8753,,599,SESS_0000000080
ORD_00000081,CUST_00000607,completed,2022-03-02,6939,,999,SESS_0000000081
ORD_00000082,CUST_00000446,shipped,2025-01-27,824,SAVE10,499,SESS_0000000082
ORD_00000083,CUST_00000873,completed,2025-07-11,3155,,799,SESS_0000000083
ORD_00000084,CUST_00000229,canceled,2021-06-24,975,,999,SESS_0000000084
ORD_00000085,CUST_00000125,completed,2021-03-21,1621,FLASH30,999,SESS_0000000085
ORD_00000086,CUST_00000770,completed,2024-11-16,4847,,599,SESS_0000000086
ORD_00000087,CUST_00000834,completed,2021-11-07,6701,,999,SESS_0000000087
ORD_00000088,CUST_00000999,completed,2021-11-07,6546,,799,SESS_0000000088
ORD_00000089,CUST_00000881,completed,2021-02-24,3807,,1499,SESS_0000000089
ORD_00000090,CUST_00000938,completed,2021-05-02,10670,,1499,SESS_0000000090
ORD_00000091,CUST_00000236,completed,2022-06-05,1618,SAVE10,999,SESS_0000000091
ORD_00000092,CUST_00000162,canceled,2021-06-08,2021,,799,SESS_0000000092
ORD_00000093,CUST_00000554,completed,2022-12-06,222,,799,SESS_0000000093
ORD_00000094,CUST_00000788,returned,2025-03-21,2716,,0,SESS_0000000094
ORD_00000095,CUST_00000353,canceled,2022-11-02,5322,,599,SESS_0000000095
ORD_00000096,CUST_00000068,processing,2024-11-03,3964,,499,SESS_0000000096
ORD_00000097,CUST_00000173,completed,2021-08-17,1597,SUMMER20,0,SESS_0000000097
ORD_00000098,CUST_00000843,completed,2024-05-25,6936,,499,SESS_0000000098
ORD_00000099,CUST_00000637,completed,2022-10-12,2768,WELCOME15,799,SESS_0000000099
ORD_00000100,CUST_00000682,completed,2024-11-21,6415,,1499,SESS_0000000100
ORD_00000101,CUST_00000559,completed,2021-11-10,4847,,0,SESS_0000000101
ORD_00000102,CUST_00000261,completed,2025-08-27,12388,,999,SESS_0000000102
ORD_00000103,CUST_00000217,completed,2022-04-14,4185,,999,SESS_0000000103
ORD_00000104,CUST_00000817,completed,2022-11-24,5485,,499,SESS_0000000104
ORD_00000105,CUST_00000124,completed,2025-11-21,2760,,799,SESS_0000000105
ORD_00000106,CUST_00000805,completed,2023-12-14,1802,FLASH30,1499,SESS_0000000106
ORD_00000107,CUST_00000162,completed,2022-12-04,4869,,499,SESS_0000000107
ORD_00000108,CUST_00000201,shipped,2025-11-21,13396,,1499,SESS_0000000108
ORD_00000109,CUST_00000454,completed,2022-11-04,1610,,599,SESS_0000000109
ORD_00000110,CUST_00000402,completed,2021-08-20,2325,,1499,SESS_0000000110
ORD_00000111,CUST_00000462,shipped,2025-12-29,3061,,999,SESS_0000000111
ORD_00000112,CUST_00000275,completed,2022-06-15,5912,,0,SESS_0000000112
ORD_00000113,CUST_00000206,completed,2025-05-05,4211,,0,SESS_0000000113
ORD_00000114,CUST_00000040,completed,2021-12-04,7428,,0,SESS_0000000114
ORD_00000115,CUST_00000273,completed,2024-11-06,21459,SUMMER20,1499,SESS_0000000115
ORD_00000116,CUST_00000700,completed,2023-10-31,1573,,999,SESS_0000000116
ORD_00000117,CUST_00000867,completed,2025-12-16,5484,,1499,SESS_0000000117
ORD_00000118,CUST_00000093,completed,2023-11-23,4107,,799,SESS_0000000118
ORD_00000119,CUST_00000042,completed,2021-03-02,3038,,999,SESS_0000000119
ORD_00000120,CUST_00000465,shipped,2024-01-11,5464,,999,SESS_0000000120
ORD_00000121,CUST_00000379,completed,2021-11-17,2282,,1499,SESS_0000000121
ORD_00000122,CUST_00000107,shipped,2024-12-30,4117,,1499,SESS_0000000122
ORD_00000123,CUST_00000328,completed,2025-05-18,808,,0,SESS_0000000123
ORD_00000124,CUST_00000065,completed,2023-07-20,1739,,999,SESS_0000000124
ORD_00000125,CUST_00000365,completed,2024-12-18,8497,,0,SESS_0000000125
ORD_00000126,CUST_00000821,completed,2021-11-17,8177,,799,SESS_0000000126
ORD_00000127,CUST_00000484,completed,2023-08-13,3863,,599,SESS_0000000127
ORD_00000128,CUST_00000647,shipped,2022-12-27,1894,,0,SESS_0000000128
ORD_00000129,CUST_00000901,completed,2024-01-29,6803,,1499,SESS_0000000129
ORD_00000130,CUST_00000024,completed,2021-04-19,10264,,499,SESS_0000000130
ORD_00000131,CUST_00000540,completed,2024-11-23,1973,WELCOME15,599,SESS_0000000131
ORD_00000132,CUST_00000062,shipped,2021-07-12,695,HOLIDAY25,799,SESS_0000000132
ORD_00000133,CUST_00000491,completed,2024-05-18,4671,FLASH30,1499,SESS_0000000133
ORD_00000134,CUST_00000273,completed,2021-02-14,7433,,599,SESS_0000000134
ORD_00000135,CUST_00000229,completed,2025-03-19,5364,SAVE10,1499,SESS_0000000135
ORD_00000136,CUST_00000020,completed,2021-12-11,14258,FLASH30,0,SESS_0000000136
ORD_00000137,CUST_00000003,canceled,2023-10-09,14318,,1499,SESS_0000000137
ORD_00000138,CUST_00000421,shipped,2022-05-30,2196,,799,SESS_0000000138
ORD_00000139,CUST_00000730,completed,2024-10-26,3637,,499,SESS_0000000139
ORD_00000140,CUST_00000911,completed,2022-10-23,1814,FLASH30,0,SESS_0000000140
ORD_00000141,CUST_00000307,shipped,2024-10-31,1072,,0,SESS_0000000141
ORD_00000142,CUST_00000432,completed,2022-07-26,1137,,799,SESS_0000000142
ORD_00000143,CUST_00000136,returned,2024-11-23,6105,WELCOME15,799,SESS_0000000143
ORD_00000144,CUST_00000909,completed,2021-03-16,4035,WELCOME15,599,SESS_0000000144
ORD_00000145,CUST_00000944,completed,2022-07-23,7258,SAVE10,499,SESS_0000000145
ORD_00000146,CUST_00000515,completed,2023-08-29,37482,SAVE10,1499,SESS_0000000146
ORD_00000147,CUST_00000193,completed,2021-04-20,4914,,599,SESS_0000000147
ORD_00000148,CUST_00000585,canceled,2021-12-20,1355,SUMMER20,1499,SESS_0000000148
ORD_00000149,CUST_00000415,completed,2025-11-08,8392,,1499,SESS_0000000149
ORD_00000150,CUST_00000873,completed,2025-12-13,1330,SAVE10,1499,SESS_0000000150
ORD_00000151,CUST_00000118,completed,2024-11-13,17125,,599,SESS_0000000151
ORD_00000152,CUST_00000666,completed,2022-05-08,415,SUMMER20,0,SESS_0000000152
ORD_00000153,CUST_00000209,completed,2022-05-28,1725,SUMMER20,799,SESS_0000000153
ORD_00000154,CUST_00000952,shipped,2024-04-22,5553,FLASH30,0,SESS_0000000154
ORD_00000155,CUST_00000034,completed,2021-10-14,9677,,499,SESS_0000000155
ORD_00000156,CUST_00000649,shipped,2025-11-20,1514,,599,SESS_0000000156
ORD_00000157,CUST_00000318,completed,2022-03-02,1263,HOLIDAY25,499,SESS_0000000157
ORD_00000158,CUST_00000120,completed,2025-12-31,3457,,799,SESS_0000000158
ORD_00000159,CUST_00000627,shipped,2023-08-22,20110,SAVE10,799,SESS_0000000159
ORD_00000160,CUST_00000525,completed,2024-12-08,640,,999,SESS_0000000160
ORD_00000161,CUST_00000581,completed,2021-01-06,2177,VIP50,499,SESS_0000000161
ORD_00000162,CUST_00000937,completed,2025-08-04,3866,,0,SESS_0000000162
ORD_00000163,CUST_00000845,completed,2022-06-20,1344,FLASH30,499,SESS_0000000163
ORD_00000164,CUST_00000769,completed,2024-06-15,1340,VIP50,599,SESS_0000000164
ORD_00000165,CUST_00000089,completed,2025-01-16,2360,,799,SESS_0000000165
ORD_00000166,CUST_00000512,completed,2021-12-02,3994,,799,SESS_0000000166
ORD_00000167,CUST_00000047,completed,2023-04-14,2452,,499,SESS_0000000167
ORD_00000168,CUST_00000772,completed,2023-08-17,12907,,499,SESS_0000000168
ORD_00000169,CUST_00000740,canceled,2022-10-01,5391,,1499,SESS_0000000169
ORD_00000170,CUST_00000959,completed,2023-07-19,4372,FLASH30,499,SESS_0000000170
ORD_00000171,CUST_00000692,completed,2022-10-14,8330,,1499,SESS_0000000171
ORD_00000172,CUST_00000522,completed,2022-11-30,4450,,599,SESS_0000000172
ORD_00000173,CUST_00000284,completed,2024-06-18,1913,,599,SESS_0000000173
ORD_00000174,CUST_00000377,completed,2024-03-20,2291,,0,SESS_0000000174
ORD_00000175,CUST_00000638,completed,2022-03-20,963,,499,SESS_0000000175
ORD_00000176,CUST_00000134,completed,2025-08-26,22134,SAVE10,0,SESS_0000000176
ORD_00000177,CUST_00000667,completed,2025-06-02,7560,FLASH30,999,SESS_0000000177
ORD_00000178,CUST_00000248,completed,2023-09-24,230,,599,SESS_0000000178
ORD_00000179,CUST_00000652,shipped,2023-03-23,11306,,799,SESS_0000000179
ORD_00000180,CUST_00000318,completed,2022-12-13,688,,1499,SESS_0000000180
ORD_00000181,CUST_00000436,completed,2024-09-18,5017,,999,SESS_0000000181
ORD_00000182,CUST_00000176,completed,2024-06-24,328,,799,SESS_0000000182
ORD_00000183,CUST_00000835,completed,2021-12-28,1942,,999,SESS_0000000183
ORD_00000184,CUST_00000686,processing,2024-06-23,11395,,0,SESS_0000000184
ORD_00000185,CUST_00000993,canceled,2022-05-08,12047,,0,SESS_0000000185
ORD_00000186,CUST_00000586,completed,2021-02-15,4051,VIP50,1499,SESS_0000000186
ORD_00000187,CUST_00000351,completed,2024-08-30,6551,,599,SESS_0000000187
ORD_00000188,CUST_00000143,completed,2024-04-19,725,,1499,SESS_0000000188
ORD_00000189,CUST_00000967,shipped,2023-01-27,5106,SAVE10,799,SESS_0000000189
ORD_00000190,CUST_00000804,returned,2023-11-01,6981,HOLIDAY25,999,SESS_0000000190
ORD_00000191,CUST_00000398,completed,2025-11-19,38938,SUMMER20,1499,SESS_0000000191
ORD_00000192,CUST_00000624,completed,2023-12-28,1598,SUMMER20,499,SESS_0000000192
ORD_00000193,CUST_00000718,completed,2024-05-21,3029,,499,SESS_0000000193
ORD_00000194,CUST_00000643,completed,2021-06-05,3223,WELCOME15,599,SESS_0000000194
ORD_00000195,CUST_00000369,completed,2021-12-04,5994,VIP50,1499,SESS_0000000195
ORD_00000196,CUST_00000501,completed,2022-09-04,7190,,799,SESS_0000000196
ORD_00000197,CUST_00000622,completed,2023-11-12,8612,FLASH30,499,SESS_0000000197
ORD_00000198,CUST_00000370,completed,2024-12-12,8006,,599,SESS_0000000198
ORD_00000199,CUST_00000579,completed,2022-10-23,677,,1499,SESS_0000000199
ORD_00000200,CUST_00000382,completed,2022-11-26,218,,599,SESS_0000000200
ORD_00000201,CUST_00000086,completed,2022-05-17,1782,,799,SESS_0000000201
ORD_00000202,CUST_00000787,completed,2022-05-14,2877,,499,SESS_0000000202
ORD_00000203,CUST_00000739,processing,2025-11-20,1614,,499,SESS_0000000203
ORD_00000204,CUST_00000460,shipped,2024-03-27,1882,,499,SESS_0000000204
ORD_00000205,CUST_00000950,completed,2021-11-26,2129,,0,SESS_0000000205
ORD_00000206,CUST_00000325,completed,2024-10-25,5310,,499,SESS_0000000206
ORD_00000207,CUST_00000522,completed,2024-10-24,1060,,999,SESS_0000000207
ORD_00000208,CUST_00000489,completed,2024-06-11,2757,WELCOME15,0,SESS_0000000208
ORD_00000209,CUST_00000929,completed,2021-11-09,2778,,1499,SESS_0000000209
ORD_00000210,CUST_00000397,processing,2023-01-20,5191,,0,SESS_0000000210
ORD_00000211,CUST_00000896,completed,2021-09-18,9527,,0,SESS_0000000211
ORD_00000212,CUST_00000355,returned,2025-02-10,16060,,0,SESS_0000000212
ORD_00000213,CUST_00000947,returned,2024-05-14,1413,FLASH30,599,SESS_0000000213
ORD_00000214,CUST_00000288,processing,2023-09-19,403,,999,SESS_0000000214
ORD_00000215,CUST_00000459,completed,2022-11-15,2340,,799,SESS_0000000215
ORD_00000216,CUST_00000624,completed,2021-12-19,608,VIP50,499,SESS_0000000216
ORD_00000217,CUST_00000998,completed,2021-09-17,45916,,0,SESS_0000000217
ORD_00000218,CUST_00000536,completed,2025-12-07,1245,,799,SESS_0000000218
ORD_00000219,CUST_00000291,completed,2021-12-31,5238,,599,SESS_0000000219
ORD_00000220,CUST_00000851,completed,2021-05-26,7586,WELCOME15,799,SESS_0000000220
ORD_00000221,CUST_00000838,completed,2025-11-30,4190,,0,SESS_0000000221
ORD_00000222,CUST_00000168,canceled,2023-11-20,23782,SUMMER20,1499,SESS_0000000222
ORD_00000223,CUST_00000950,completed,2024-12-29,2434,SUMMER20,999,SESS_0000000223
ORD_00000224,CUST_00000621,completed,2021-04-17,1293,,799,SESS_0000000224
ORD_00000225,CUST_00000428,shipped,2023-12-05,1228,,0,SESS_0000000225
ORD_00000226,CUST_00000702,completed,2022-12-30,6310,FLASH30,0,SESS_0000000226
ORD_00000227,CUST_00000490,completed,2024-12-09,2465,FLASH30,499,SESS_0000000227
ORD_00000228,CUST_00000355,returned,2021-04-04,1228,,1499,SESS_0000000228
ORD_00000229,CUST_00000196,shipped,2023-01-05,4634,,499,SESS_0000000229
ORD_00000230,CUST_00000545,completed,2024-12-31,6058,,1499,SESS_0000000230
ORD_00000231,CUST_00000717,shipped,2023-10-27,3910,WELCOME15,999,SESS_0000000231
ORD_00000232,CUST_00000824,completed,2023-11-21,7329,,499,SESS_0000000232
ORD_00000233,CUST_00000932,shipped,2021-08-25,3255,,999,SESS_0000000233
ORD_00000234,CUST_00000694,shipped,2021-11-07,1646,SUMMER20,599,SESS_0000000234
ORD_00000235,CUST_00000659,completed,2024-07-07,6710,SUMMER20,599,SESS_0000000235
ORD_00000236,CUST_00000939,completed,2024-07-02,1224,,1499,SESS_0000000236
ORD_00000237,CUST_00000780,completed,2025-12-15,964,,1499,SESS_0000000237
ORD_00000238,CUST_00000011,completed,2024-09-30,9470,,499,SESS_0000000238
ORD_00000239,CUST_00000582,canceled,2023-08-16,2105,FLASH30,599,SESS_0000000239
ORD_00000240,CUST_00000256,completed,2025-05-20,15767,FLASH30,799,SESS_0000000240
ORD_00000241,CUST_00000396,completed,2021-09-12,7020,SAVE10,799,SESS_0000000241
ORD_00000242,CUST_00000731,shipped,2023-05-01,1951,,799,SESS_0000000242
ORD_00000243,CUST_00000809,canceled,2022-08-01,4847,,599,SESS_0000000243
ORD_00000244,CUST_00000409,processing,2021-09-12,37360,WELCOME15,799,SESS_0000000244
ORD_00000245,CUST_00000362,completed,2024-12-02,6337,,999,SESS_0000000245
ORD_00000246,CUST_00000259,completed,2023-09-28,5333,,0,SESS_0000000246
ORD_00000247,CUST_00000003,completed,2023-11-27,1644,WELCOME15,1499,SESS_0000000247
ORD_00000248,CUST_00000084,completed,2023-01-28,18855,,499,SESS_0000000248
ORD_00000249,CUST_00000156,completed,2023-05-28,11135,,999,SESS_0000000249
ORD_00000250,CUST_00000663,completed,2021-10-10,1659,,799,SESS_0000000250
ORD_00000251,CUST_00000176,completed,2024-06-27,19543,,0,SESS_0000000251
ORD_00000252,CUST_00000707,returned,2023-03-21,3514,,499,SESS_0000000252
ORD_00000253,CUST_00000938,completed,2025-02-10,1286,,999,SESS_0000000253
ORD_00000254,CUST_00000472,completed,2021-12-29,1638,,499,SESS_0000000254
ORD_00000255,CUST_00000619,completed,2022-01-13,7170,WELCOME15,1499,SESS_0000000255
ORD_00000256,CUST_00000424,completed,2024-04-22,1295,,599,SESS_0000000256
ORD_00000257,CUST_00000134,completed,2025-04-22,989,,799,SESS_0000000257
ORD_00000258,CUST_00000788,shipped,2023-06-26,1922,,999,SESS_0000000258
ORD_00000259,CUST_00000907,completed,2024-11-02,2231,,999,SESS_0000000259
ORD_00000260,CUST_00000864,completed,2025-12-31,1520,FLASH30,0,SESS_0000000260
ORD_00000261,CUST_00000380,completed,2025-12-24,1893,,0,SESS_0000000261
ORD_00000262,CUST_00000667,completed,2024-11-16,7457,HOLIDAY25,0,SESS_0000000262
ORD_00000263,CUST_00000277,completed,2024-11-12,3852,SAVE10,499,SESS_0000000263
ORD_00000264,CUST_00000236,completed,2022-04-27,1779,,799,SESS_0000000264
ORD_00000265,CUST_00000752,completed,2025-03-23,1943,,499,SESS_0000000265
ORD_00000266,CUST_00000882,shipped,2023-01-13,2613,,799,SESS_0000000266
ORD_00000267,CUST_00000013,completed,2025-12-01,2767,,999,SESS_0000000267
ORD_00000268,CUST_00000342,completed,2021-07-18,2778,WELCOME15,499,SESS_0000000268
ORD_00000269,CUST_00000035,shipped,2023-03-29,7188,,499,SESS_0000000269
ORD_00000270,CUST_00000559,completed,2023-11-26,3630,,499,SESS_0000000270
ORD_00000271,CUST_00000214,returned,2023-01-13,3738,,599,SESS_0000000271
ORD_00000272,CUST_00000412,completed,2022-01-26,12416,,1499,SESS_0000000272
ORD_00000273,CUST_00000405,completed,2023-12-26,19470,,799,SESS_0000000273
ORD_00000274,CUST_00000494,completed,2024-11-26,870,,799,SESS_0000000274
ORD_00000275,CUST_00000658,completed,2024-04-19,614,,499,SESS_0000000275
ORD_00000276,CUST_00000159,completed,2022-03-26,2101,,599,SESS_0000000276
ORD_00000277,CUST_00000956,completed,2024-11-06,6523,SAVE10,499,SESS_0000000277
ORD_00000278,CUST_00000637,completed,2022-05-19,4341,HOLIDAY25,799,SESS_0000000278
ORD_00000279,CUST_00000110,completed,2021-12-11,8553,,1499,SESS_0000000279
ORD_00000280,CUST_00000549,returned,2024-08-09,2013,,1499,SESS_0000000280
ORD_00000281,CUST_00000789,shipped,2025-04-15,421,FLASH30,999,SESS_0000000281
ORD_00000282,CUST_00000526,completed,2023-07-19,759,,599,SESS_0000000282
ORD_00000283,CUST_00000985,shipped,2023-11-06,5243,,1499,SESS_0000000283
ORD_00000284,CUST_00000347,returned,2022-09-08,8619,,599,SESS_0000000284
ORD_00000285,CUST_00000744,completed,2023-08-19,442,,499,SESS_0000000285
ORD_00000286,CUST_00000828,completed,2021-11-06,12217,,999,SESS_0000000286
ORD_00000287,CUST_00000636,processing,2025-11-26,4743,HOLIDAY25,799,SESS_0000000287
ORD_00000288,CUST_00000279,completed,2025-01-01,2778,,1499,SESS_0000000288
ORD_00000289,CUST_00000479,completed,2024-06-15,1592,HOLIDAY25,1499,SESS_0000000289
ORD_00000290,CUST_00000111,completed,2023-11-12,14634,WELCOME15,0,SESS_0000000290
ORD_00000291,CUST_00000636,completed,2024-12-25,7310,,799,SESS_0000000291
ORD_00000292,CUST_00000925,canceled,2023-08-20,4869,,1499,SESS_0000000292
ORD_00000293,CUST_00000431,completed,2022-09-01,1434,HOLIDAY25,1499,SESS_0000000293
ORD_00000294,CUST_00000542,returned,2021-11-29,14975,VIP50,799,SESS_0000000294
ORD_00000295,CUST_00000115,canceled,2024-04-26,3072,,999,SESS_0000000295
ORD_00000296,CUST_00000090,completed,2025-11-04,4019,,599,SESS_0000000296
ORD_00000297,CUST_00000212,completed,2021-11-24,3206,,799,SESS_0000000297
ORD_00000298,CUST_00000550,completed,2021-12-15,1386,,599,SESS_0000000298
ORD_00000299,CUST_00000595,completed,2023-03-24,4104,,999,SESS_0000000299
ORD_00000300,CUST_00000539,completed,2025-01-17,5984,,999,SESS_0000000300
ORD_00000301,CUST_00000729,shipped,2022-08-17,1916,,499,SESS_0000000301
ORD_00000302,CUST_00000360,completed,2022-05-12,3767,,0,SESS_0000000302
ORD_00000303,CUST_00000486,completed,2024-02-19,3160,,999,SESS_0000000303
ORD_00000304,CUST_00000372,completed,2023-11-09,7443,,999,SESS_0000000304
ORD_00000305,CUST_00000215,canceled,2021-05-27,2210,,599,SESS_0000000305
ORD_00000306,CUST_00000733,completed,2021-07-18,3738,SUMMER20,999,SESS_0000000306
ORD_00000307,CUST_00000015,canceled,2024-04-15,4615,,799,SESS_0000000307
ORD_00000308,CUST_00000955,completed,2023-06-09,2161,,499,SESS_0000000308
ORD_00000309,CUST_00000259,completed,2025-12-08,1305,,499,SESS_0000000309
ORD_00000310,CUST_00000778,completed,2024-07-10,1536,,799,SESS_0000000310
ORD_00000311,CUST_00000463,completed,2021-01-25,4488,VIP50,1499,SESS_0000000311
ORD_00000312,CUST_00000120,completed,2023-07-17,2355,,999,SESS_0000000312
ORD_00000313,CUST_00000976,completed,2023-02-05,2324,SUMMER20,0,SESS_0000000313
ORD_00000314,CUST_00000913,completed,2021-09-17,5454,,999,SESS_0000000314
ORD_00000315,CUST_00000128,completed,2025-10-27,8262,,499,SESS_0000000315
ORD_00000316,CUST_00000723,completed,2025-01-13,9815,,0,SESS_0000000316
ORD_00000317,CUST_00000523,shipped,2022-03-15,1615,,1499,SESS_0000000317
ORD_00000318,CUST_00000688,completed,2022-05-17,7500,,599,SESS_0000000318
ORD_00000319,CUST_00000645,completed,2021-03-19,23980,,599,SESS_0000000319
ORD_00000320,CUST_00000325,returned,2022-08-24,3381,,999,SESS_0000000320
ORD_00000321,CUST_00000320,processing,2023-12-19,2770,,999,SESS_0000000321
ORD_00000322,CUST_00000506,returned,2023-02-21,2248,VIP50,0,SESS_0000000322
ORD_00000323,CUST_00000526,completed,2025-12-07,1028,,0,SESS_0000000323
ORD_00000324,CUST_00000050,shipped,2021-05-17,6920,,1499,SESS_0000000324
ORD_00000325,CUST_00000922,completed,2023-12-25,2782,,999,SESS_0000000325
ORD_00000326,CUST_00000584,completed,2025-05-22,2566,,499,SESS_0000000326
ORD_00000327,CUST_00000069,shipped,2023-07-17,5927,,599,SESS_0000000327
ORD_00000328,CUST_00000391,completed,2021-01-08,6499,SAVE10,1499,SESS_0000000328
ORD_00000329,CUST_00000383,completed,2022-04-15,1634,,0,SESS_0000000329
ORD_00000330,CUST_00000016,completed,2022-10-29,1674,,499,SESS_0000000330
ORD_00000331,CUST_00000439,shipped,2025-12-04,1601,,999,SESS_0000000331
ORD_00000332,CUST_00000846,completed,2025-09-30,24674,,799,SESS_0000000332
ORD_00000333,CUST_00000869,completed,2025-11-20,13057,VIP50,0,SESS_0000000333
ORD_00000334,CUST_00000568,completed,2025-03-04,6045,,1499,SESS_0000000334
ORD_00000335,CUST_00000617,completed,2022-11-22,2047,,799,SESS_0000000335
ORD_00000336,CUST_00000132,canceled,2025-09-15,2305,,499,SESS_0000000336
ORD_00000337,CUST_00000996,completed,2025-12-17,4287,SUMMER20,599,SESS_0000000337
ORD_00000338,CUST_00000560,completed,2022-11-21,27149,,499,SESS_0000000338
ORD_00000339,CUST_00000248,canceled,2022-05-28,3979,,599,SESS_0000000339
ORD_00000340,CUST_00000273,completed,2023-11-19,4958,VIP50,499,SESS_0000000340
ORD_00000341,CUST_00000623,completed,2021-12-21,232,,0,SESS_0000000341
ORD_00000342,CUST_00000932,shipped,2021-03-21,3856,FLASH30,0,SESS_0000000342
ORD_00000343,CUST_00000838,completed,2025-11-18,739,,1499,SESS_0000000343
ORD_00000344,CUST_00000848,completed,2025-11-01,1831,WELCOME15,799,SESS_0000000344
ORD_00000345,CUST_00000349,completed,2021-12-01,3124,WELCOME15,499,SESS_0000000345
ORD_00000346,CUST_00000484,shipped,2023-01-20,2203,,499,SESS_0000000346
ORD_00000347,CUST_00000550,shipped,2025-03-17,1578,VIP50,799,SESS_0000000347
ORD_00000348,CUST_00000357,returned,2024-05-29,1592,,999,SESS_0000000348
ORD_00000349,CUST_00000752,shipped,2022-12-27,2413,FLASH30,1499,SESS_0000000349
ORD_00000350,CUST_00000318,shipped,2024-11-16,2310,,499,SESS_0000000350
ORD_00000351,CUST_00000633,processing,2025-08-25,3042,,1499,SESS_0000000351
ORD_00000352,CUST_00000048,completed,2025-11-02,2822,,499,SESS_0000000352
ORD_00000353,CUST_00000010,completed,2022-12-14,10709,SUMMER20,499,SESS_0000000353
ORD_00000354,CUST_00000233,completed,2021-12-10,383,,999,SESS_0000000354
ORD_00000355,CUST_00000036,completed,2025-10-02,3808,SUMMER20,0,SESS_0000000355
ORD_00000356,CUST_00000413,completed,2021-08-14,3200,SAVE10,1499,SESS_0000000356
ORD_00000357,CUST_00000462,completed,2024-10-24,2606,,799,SESS_0000000357
ORD_00000358,CUST_00000004,completed,2021-11-13,1471,HOLIDAY25,1499,SESS_0000000358
ORD_00000359,CUST_00000044,completed,2022-12-23,2566,FLASH30,999,SESS_0000000359
ORD_00000360,CUST_00000568,shipped,2023-01-29,582,,599,SESS_0000000360
ORD_00000361,CUST_00000554,canceled,2021-11-28,3665,,599,SESS_0000000361
ORD_00000362,CUST_00000255,shipped,2025-10-26,4394,,999,SESS_0000000362
ORD_00000363,CUST_00000740,shipped,2021-01-07,1474,,999,SESS_0000000363
ORD_00000364,CUST_00000114,completed,2025-08-17,20758,,0,SESS_0000000364
ORD_00000365,CUST_00000749,completed,2025-07-24,2642,,1499,SESS_0000000365
ORD_00000366,CUST_00000397,completed,2022-10-13,3115,,1499,SESS_0000000366
ORD_00000367,CUST_00000174,completed,2024-09-11,11336,,599,SESS_0000000367
ORD_00000368,CUST_00000255,completed,2022-05-09,25390,,799,SESS_0000000368
ORD_00000369,CUST_00000466,completed,2024-11-28,969,,1499,SESS_0000000369
ORD_00000370,CUST_00000929,completed,2023-11-30,1673,HOLIDAY25,499,SESS_0000000370
ORD_00000371,CUST_00000277,completed,2022-09-02,2690,,499,SESS_0000000371
ORD_00000372,CUST_00000464,returned,2023-01-01,1418,SAVE10,0,SESS_0000000372
ORD_00000373,CUST_00000847,completed,2024-08-07,6947,SUMMER20,0,SESS_0000000373
ORD_00000374,CUST_00000502,completed,2025-09-16,1270,FLASH30,599,SESS_0000000374
ORD_00000375,CUST_00000441,completed,2021-11-05,10578,,799,SESS_0000000375
ORD_00000376,CUST_00000069,completed,2023-12-08,5561,,799,SESS_0000000376
ORD_00000377,CUST_00000509,completed,2022-05-12,9547,SAVE10,999,SESS_0000000377
ORD_00000378,CUST_00000326,completed,2025-01-04,1276,FLASH30,0,SESS_0000000378
ORD_00000379,CUST_00000742,completed,2021-06-21,2031,SUMMER20,1499,SESS_0000000379
ORD_00000380,CUST_00000067,canceled,2024-08-05,7317,VIP50,499,SESS_0000000380
ORD_00000381,CUST_00000304,completed,2021-12-11,6103,,1499,SESS_0000000381
ORD_00000382,CUST_00000972,canceled,2023-12-29,2237,,499,SESS_0000000382
ORD_00000383,CUST_00000484,shipped,2025-03-28,2579,,599,SESS_0000000383
ORD_00000384,CUST_00000929,completed,2024-11-25,1930,,499,SESS_0000000384
ORD_00000385,CUST_00000548,completed,2024-11-23,2511,,1499,SESS_0000000385
ORD_00000386,CUST_00000417,completed,2023-10-15,1135,,1499,SESS_0000000386
ORD_00000387,CUST_00000159,completed,2025-08-09,959,,799,SESS_0000000387
ORD_00000388,CUST_00000149,completed,2023-12-22,8147,FLASH30,799,SESS_0000000388
ORD_00000389,CUST_00000027,completed,2025-10-14,2427,,0,SESS_0000000389
ORD_00000390,CUST_00000987,completed,2023-11-18,9426,,1499,SESS_0000000390
ORD_00000391,CUST_00000584,canceled,2023-09-16,5409,SAVE10,599,SESS_0000000391
ORD_00000392,CUST_00000248,shipped,2022-02-24,4072,,499,SESS_0000000392
ORD_00000393,CUST_00000101,canceled,2023-11-17,1465,,0,SESS_0000000393
ORD_00000394,CUST_00000702,completed,2021-11-13,888,,999,SESS_0000000394
ORD_00000395,CUST_00000096,canceled,2025-06-19,1887,,999,SESS_0000000395
ORD_00000396,CUST_00000384,completed,2024-07-04,13793,,499,SESS_0000000396
ORD_00000397,CUST_00000282,completed,2025-12-26,7251,,499,SESS_0000000397
ORD_00000398,CUST_00000322,shipped,2021-08-13,1719,,499,SESS_0000000398
ORD_00000399,CUST_00000396,completed,2022-04-10,1909,,799,SESS_0000000399
ORD_00000400,CUST_00000278,completed,2025-07-07,1177,VIP50,499,SESS_0000000400
ORD_00000401,CUST_00000529,completed,2022-12-28,634,,999,SESS_0000000401
ORD_00000402,CUST_00000263,completed,2023-06-11,3299,,499,SESS_0000000402
ORD_00000403,CUST_00000619,completed,2025-05-28,16731,VIP50,1499,SESS_0000000403
ORD_00000404,CUST_00000580,completed,2023-10-25,16943,,599,SESS_0000000404
ORD_00000405,CUST_00000640,completed,2021-12-26,5474,,999,SESS_0000000405
ORD_00000406,CUST_00000293,completed,2025-08-12,1631,FLASH30,599,SESS_0000000406
ORD_00000407,CUST_00000294,returned,2021-03-17,699,SUMMER20,999,SESS_0000000407
ORD_00000408,CUST_00000608,completed,2025-08-21,8493,WELCOME15,0,SESS_0000000408
ORD_00000409,CUST_00000395,completed,2021-05-04,4662,,1499,SESS_0000000409
ORD_00000410,CUST_00000513,canceled,2024-06-10,2172,,999,SESS_0000000410
ORD_00000411,CUST_00000921,completed,2021-06-24,1838,WELCOME15,1499,SESS_0000000411
ORD_00000412,CUST_00000810,completed,2024-09-16,5434,FLASH30,999,SESS_0000000412
ORD_00000413,CUST_00000180,completed,2021-03-24,1304,,599,SESS_0000000413
ORD_00000414,CUST_00000920,completed,2025-04-14,3786,VIP50,599,SESS_0000000414
ORD_00000415,CUST_00000693,completed,2023-06-11,880,,999,SESS_0000000415
ORD_00000416,CUST_00000235,completed,2021-08-16,27681,,999,SESS_0000000416
ORD_00000417,CUST_00000952,completed,2024-09-17,1499,,799,SESS_0000000417
ORD_00000418,CUST_00000831,completed,2023-08-06,5701,,1499,SESS_0000000418
ORD_00000419,CUST_00000337,completed,2021-12-24,899,,1499,SESS_0000000419
ORD_00000420,CUST_00000008,returned,2021-02-08,2531,,1499,SESS_0000000420
ORD_00000421,CUST_00000443,completed,2023-02-14,7220,,1499,SESS_0000000421
ORD_00000422,CUST_00000941,canceled,2021-07-28,8963,SAVE10,0,SESS_0000000422
ORD_00000423,CUST_00000539,returned,2021-08-18,6395,HOLIDAY25,0,SESS_0000000423
ORD_00000424,CUST_00000820,completed,2022-06-14,2596,HOLIDAY25,499,SESS_0000000424
ORD_00000425,CUST_00000658,completed,2024-03-15,1531,,999,SESS_0000000425
ORD_00000426,CUST_00000091,shipped,2023-11-05,1014,,999,SESS_0000000426
ORD_00000427,CUST_00000854,processing,2021-06-18,13410,,999,SESS_0000000427
ORD_00000428,CUST_00000272,completed,2025-12-06,3305,,999,SESS_0000000428
ORD_00000429,CUST_00000834,returned,2025-08-01,3976,,1499,SESS_0000000429
ORD_00000430,CUST_00000005,completed,2022-05-25,9560,,1499,SESS_0000000430
ORD_00000431,CUST_00000594,completed,2021-10-26,5360,,0,SESS_0000000431
ORD_00000432,CUST_00000899,completed,2025-11-15,2624,FLASH30,599,SESS_0000000432
ORD_00000433,CUST_00000219,completed,2023-05-30,6275,,799,SESS_0000000433
ORD_00000434,CUST_00000118,completed,2022-09-29,1599,FLASH30,1499,SESS_0000000434
ORD_00000435,CUST_00000593,completed,2023-08-09,631,,1499,SESS_0000000435
ORD_00000436,CUST_00000976,completed,2024-12-09,12232,WELCOME15,1499,SESS_0000000436
ORD_00000437,CUST_00000582,completed,2021-12-06,1738,WELCOME15,599,SESS_0000000437
ORD_00000438,CUST_00000115,processing,2024-12-05,2198,FLASH30,599,SESS_0000000438
ORD_00000439,CUST_00000263,processing,2024-11-20,2401,,0,SESS_0000000439
ORD_00000440,CUST_00000306,completed,2023-11-12,1632,,1499,SESS_0000000440
ORD_00000441,CUST_00000654,completed,2025-06-10,8967,HOLIDAY25,799,SESS_0000000441
ORD_00000442,CUST_00000422,completed,2021-11-06,4334,,999,SESS_0000000442
ORD_00000443,CUST_00001000,completed,2023-12-28,2200,,1499,SESS_0000000443
ORD_00000444,CUST_00000207,completed,2023-05-01,832,,0,SESS_0000000444
ORD_00000445,CUST_00000623,completed,2023-02-24,4039,HOLIDAY25,0,SESS_0000000445
ORD_00000446,CUST_00000303,shipped,2022-05-09,257,,799,SESS_0000000446
ORD_00000447,CUST_00000112,canceled,2022-12-09,3762,WELCOME15,499,SESS_0000000447
ORD_00000448,CUST_00000417,completed,2021-09-21,11420,,0,SESS_0000000448
ORD_00000449,CUST_00000555,completed,2022-05-06,3179,,599,SESS_0000000449
ORD_00000450,CUST_00000859,completed,2022-06-25,9959,VIP50,599,SESS_0000000450
ORD_00000451,CUST_00000285,completed,2024-10-21,872,,999,SESS_0000000451
ORD_00000452,CUST_00000640,completed,2021-04-29,22891,,0,SESS_0000000452
ORD_00000453,CUST_00000185,completed,2024-05-05,8931,HOLIDAY25,999,SESS_0000000453
ORD_00000454,CUST_00000741,completed,2022-02-22,4798,,0,SESS_0000000454
ORD_00000455,CUST_00000901,processing,2021-07-19,1638,,799,SESS_0000000455
ORD_00000456,CUST_00000221,completed,2022-09-03,1387,SAVE10,1499,SESS_0000000456
ORD_00000457,CUST_00000864,processing,2022-03-01,2776,,0,SESS_0000000457
ORD_00000458,CUST_00000444,shipped,2023-11-23,9924,FLASH30,499,SESS_0000000458
ORD_00000459,CUST_00000117,returned,2022-11-27,799,,599,SESS_0000000459
ORD_00000460,CUST_00000070,completed,2025-12-04,3012,,799,SESS_0000000460
ORD_00000461,CUST_00000898,completed,2025-12-02,6211,FLASH30,1499,SESS_0000000461
ORD_00000462,CUST_00000070,completed,2023-04-17,7550,,1499,SESS_0000000462
ORD_00000463,CUST_00000622,completed,2024-12-27,6193,,599,SESS_0000000463
ORD_00000464,CUST_00000427,completed,2021-02-02,722,,1499,SESS_0000000464
ORD_00000465,CUST_00000644,completed,2023-11-19,9244,,999,SESS_0000000465
ORD_00000466,CUST_00000568,completed,2024-11-15,3188,,799,SESS_0000000466
ORD_00000467,CUST_00000989,completed,2022-02-11,1006,,499,SESS_0000000467
ORD_00000468,CUST_00000443,canceled,2021-05-30,2909,,599,SESS_0000000468
ORD_00000469,CUST_00000601,completed,2021-11-26,420,VIP50,0,SESS_0000000469
ORD_00000470,CUST_00000137,completed,2023-04-13,5315,,0,SESS_0000000470
ORD_00000471,CUST_00000504,completed,2023-09-17,2623,HOLIDAY25,0,SESS_0000000471
ORD_00000472,CUST_00000131,shipped,2022-12-16,837,,799,SESS_0000000472
ORD_00000473,CUST_00000218,completed,2023-04-08,2230,,499,SESS_0000000473
ORD_00000474,CUST_00000688,completed,2023-06-21,1469,,1499,SESS_0000000474
ORD_00000475,CUST_00000171,completed,2024-12-07,1566,,499,SESS_0000000475
ORD_00000476,CUST_00000475,completed,2021-09-14,310,,499,SESS_0000000476
ORD_00000477,CUST_00000612,completed,2024-12-06,559,SAVE10,599,SESS_0000000477
ORD_00000478,CUST_00000992,completed,2024-08-04,2369,,799,SESS_0000000478
ORD_00000479,CUST_00000129,completed,2024-11-14,1994,,0,SESS_0000000479
ORD_00000480,CUST_00000057,completed,2024-11-08,7894,,599,SESS_0000000480
ORD_00000481,CUST_00000181,completed,2023-06-22,1584,SAVE10,1499,SESS_0000000481
ORD_00000482,CUST_00000246,returned,2022-01-28,1759,SAVE10,499,SESS_0000000482
ORD_00000483,CUST_00000144,returned,2023-11-10,1844,,0,SESS_0000000483
ORD_00000484,CUST_00000051,completed,2025-11-27,2447,FLASH30,799,SESS_0000000484
ORD_00000485,CUST_00000368,completed,2023-12-22,3266,WELCOME15,999,SESS_0000000485
ORD_00000486,CUST_00000459,completed,2021-01-27,1985,,499,SESS_0000000486
ORD_00000487,CUST_00000218,completed,2021-05-26,5277,,499,SESS_0000000487
ORD_00000488,CUST_00000616,completed,2025-12-26,29739,SAVE10,499,SESS_0000000488
ORD_00000489,CUST_00000895,completed,2021-06-25,1305,,499,SESS_0000000489
ORD_00000490,CUST_00000567,completed,2021-04-23,4410,,0,SESS_0000000490
ORD_00000491,CUST_00000257,completed,2022-11-23,3070,,799,SESS_0000000491
ORD_00000492,CUST_00000858,completed,2025-12-07,8493,,599,SESS_0000000492
ORD_00000493,CUST_00000156,completed,2022-10-17,3651,,0,SESS_0000000493
ORD_00000494,CUST_00000565,completed,2023-01-25,1441,SUMMER20,799,SESS_0000000494
ORD_00000495,CUST_00000442,completed,2024-03-24,929,,599,SESS_0000000495
ORD_00000496,CUST_00000841,completed,2021-02-28,5488,SUMMER20,499,SESS_0000000496
ORD_00000497,CUST_00000956,completed,2025-08-26,1008,,799,SESS_0000000497
ORD_00000498,CUST_00000699,completed,2023-10-19,9737,,499,SESS_0000000498
ORD_00000499,CUST_00000876,completed,2023-06-13,5183,,799,SESS_0000000499
ORD_00000500,CUST_00000662,completed,2025-05-28,3250,,1499,SESS_0000000500
ORD_00000501,CUST_00000776,completed,2025-11-23,802,FLASH30,999,SESS_0000000501
ORD_00000502,CUST_00000762,completed,2023-02-27,5856,,499,SESS_0000000502
ORD_00000503,CUST_00000945,completed,2021-12-09,15014,VIP50,499,SESS_0000000503
ORD_00000504,CUST_00000810,completed,2025-02-08,1948,HOLIDAY25,499,SESS_0000000504
ORD_00000505,CUST_00000923,completed,2023-01-09,1419,,1499,SESS_0000000505
ORD_00000506,CUST_00000935,canceled,2025-11-09,2718,WELCOME15,0,SESS_0000000506
ORD_00000507,CUST_00000723,returned,2025-11-21,4754,FLASH30,599,SESS_0000000507
ORD_00000508,CUST_00000025,completed,2021-10-07,1752,,499,SESS_0000000508
ORD_00000509,CUST_00000806,returned,2025-11-26,7326,,499,SESS_0000000509
ORD_00000510,CUST_00000853,completed,2022-12-06,20145,HOLIDAY25,0,SESS_0000000510
ORD_00000511,CUST_00000664,completed,2024-04-23,4147,SAVE10,0,SESS_0000000511
ORD_00000512,CUST_00000536,completed,2021-03-26,2153,,999,SESS_0000000512
ORD_00000513,CUST_00000764,processing,2025-08-05,4628,,799,SESS_0000000513
ORD_00000514,CUST_00000060,completed,2024-04-11,9674,,499,SESS_0000000514
ORD_00000515,CUST_00000467,shipped,2024-04-16,3496,HOLIDAY25,799,SESS_0000000515
ORD_00000516,CUST_00000434,completed,2025-09-06,4842,,0,SESS_0000000516
ORD_00000517,CUST_00000879,completed,2023-09-22,6031,,0,SESS_0000000517
ORD_00000518,CUST_00000066,completed,2023-01-27,1242,FLASH30,999,SESS_0000000518
ORD_00000519,CUST_00000910,completed,2025-06-10,4717,,599,SESS_0000000519
ORD_00000520,CUST_00000565,completed,2024-11-15,779,,1499,SESS_0000000520
ORD_00000521,CUST_00000928,completed,2025-11-20,1543,,1499,SESS_0000000521
ORD_00000522,CUST_00000106,completed,2025-11-13,9373,WELCOME15,1499,SESS_0000000522
ORD_00000523,CUST_00000096,completed,2022-12-17,7122,,0,SESS_0000000523
ORD_00000524,CUST_00000988,completed,2023-04-25,2275,VIP50,499,SESS_0000000524
ORD_00000525,CUST_00000688,shipped,2022-05-17,16412,VIP50,999,SESS_0000000525
ORD_00000526,CUST_00000551,completed,2024-05-28,804,,599,SESS_0000000526
ORD_00000527,CUST_00000168,completed,2022-12-03,2428,,1499,SESS_0000000527
ORD_00000528,CUST_00000042,completed,2024-12-20,3924,,999,SESS_0000000528
ORD_00000529,CUST_00000879,completed,2021-10-24,179,,0,SESS_0000000529
ORD_00000530,CUST_00000104,canceled,2021-10-11,2546,VIP50,1499,SESS_0000000530
ORD_00000531,CUST_00000845,processing,2022-01-12,968,WELCOME15,599,SESS_0000000531
ORD_00000532,CUST_00000204,completed,2021-07-25,990,,799,SESS_0000000532
ORD_00000533,CUST_00000520,completed,2024-02-19,2270,FLASH30,599,SESS_0000000533
ORD_00000534,CUST_00000975,processing,2021-11-19,480,WELCOME15,499,SESS_0000000534
ORD_00000535,CUST_00000282,processing,2021-11-29,1328,WELCOME15,1499,SESS_0000000535
ORD_00000536,CUST_00000908,processing,2021-02-04,491,,1499,SESS_0000000536
ORD_00000537,CUST_00000043,shipped,2024-12-17,3373,,799,SESS_0000000537
ORD_00000538,CUST_00000947,completed,2025-01-30,3308,,799,SESS_0000000538
ORD_00000539,CUST_00000110,completed,2021-12-01,2103,,1499,SESS_0000000539
ORD_00000540,CUST_00000987,completed,2024-11-12,8074,,499,SESS_0000000540
ORD_00000541,CUST_00000210,completed,2023-03-24,2216,,799,SESS_0000000541
ORD_00000542,CUST_00000749,completed,2022-04-07,2912,,0,SESS_0000000542
ORD_00000543,CUST_00000868,completed,2024-02-22,1204,FLASH30,1499,SESS_0000000543
ORD_00000544,CUST_00000831,completed,2021-12-14,297,,599,SESS_0000000544
ORD_00000545,CUST_00000049,completed,2024-11-26,2577,,599,SESS_0000000545
ORD_00000546,CUST_00000115,completed,2021-04-26,2262,,499,SESS_0000000546
ORD_00000547,CUST_00000155,completed,2025-11-28,16480,,0,SESS_0000000547
ORD_00000548,CUST_00000649,completed,2021-06-25,5810,,799,SESS_0000000548
ORD_00000549,CUST_00000503,shipped,2023-12-15,1972,,1499,SESS_0000000549
ORD_00000550,CUST_00000679,shipped,2025-09-06,3434,,599,SESS_0000000550
ORD_00000551,CUST_00000833,completed,2021-01-29,7383,,599,SESS_0000000551
ORD_00000552,CUST_00000711,completed,2023-08-29,4997,,599,SESS_0000000552
ORD_00000553,CUST_00000986,completed,2022-11-21,15818,,599,SESS_0000000553
ORD_00000554,CUST_00000071,completed,2023-12-16,1353,FLASH30,999,SESS_0000000554
ORD_00000555,CUST_00000519,completed,2022-03-04,7903,,499,SESS_0000000555
ORD_00000556,CUST_00000712,completed,2021-06-08,1953,,799,SESS_0000000556
ORD_00000557,CUST_00000336,processing,2024-03-04,3617,,1499,SESS_0000000557
ORD_00000558,CUST_00000067,completed,2023-02-11,1706,,1499,SESS_0000000558
ORD_00000559,CUST_00000493,completed,2024-02-25,2586,,1499,SESS_0000000559
ORD_00000560,CUST_00000650,completed,2022-01-26,3683,,799,SESS_0000000560
ORD_00000561,CUST_00000754,completed,2022-11-12,5395,WELCOME15,499,SESS_0000000561
ORD_00000562,CUST_00000967,completed,2023-12-01,3169,,0,SESS_0000000562
ORD_00000563,CUST_00000213,processing,2023-12-26,248,,499,SESS_0000000563
ORD_00000564,CUST_00000181,completed,2022-12-09,2760,,599,SESS_0000000564
ORD_00000565,CUST_00000766,completed,2022-07-15,12970,SUMMER20,599,SESS_0000000565
ORD_00000566,CUST_00000613,completed,2022-06-29,2738,,499,SESS_0000000566
ORD_00000567,CUST_00000863,completed,2021-12-11,13339,,499,SESS_0000000567
ORD_00000568,CUST_00000599,completed,2022-11-01,2643,,799,SESS_0000000568
ORD_00000569,CUST_00000697,completed,2021-12-31,618,,799,SESS_0000000569
ORD_00000570,CUST_00000603,completed,2024-03-23,1933,,999,SESS_0000000570
ORD_00000571,CUST_00000248,completed,2023-12-07,1705,,1499,SESS_0000000571
ORD_00000572,CUST_00000214,processing,2022-12-17,2369,SUMMER20,999,SESS_0000000572
ORD_00000573,CUST_00000359,completed,2022-11-01,911,,1499,SESS_0000000573
ORD_00000574,CUST_00000249,completed,2022-04-02,2954,,599,SESS_0000000574
ORD_00000575,CUST_00000638,completed,2023-11-09,2146,,999,SESS_0000000575
ORD_00000576,CUST_00000923,completed,2025-10-17,10806,,999,SESS_0000000576
ORD_00000577,CUST_00000950,completed,2024-07-28,888,,0,SESS_0000000577
ORD_00000578,CUST_00000881,completed,2024-11-16,3811,,499,SESS_0000000578
ORD_00000579,CUST_00000516,completed,2025-03-25,4496,,799,SESS_0000000579
ORD_00000580,CUST_00000088,completed,2022-11-22,6470,,999,SESS_0000000580
ORD_00000581,CUST_00000663,completed,2021-06-03,2072,,799,SESS_0000000581
ORD_00000582,CUST_00000176,completed,2024-02-25,3717,,1499,SESS_0000000582
ORD_00000583,CUST_00000723,completed,2021-12-22,4244,,999,SESS_0000000583
ORD_00000584,CUST_00000426,completed,2023-12-07,573,,1499,SESS_0000000584
ORD_00000585,CUST_00000771,returned,2024-11-12,2148,,999,SESS_0000000585
ORD_00000586,CUST_00000603,completed,2024-12-18,2885,,599,SESS_0000000586
ORD_00000587,CUST_00000771,completed,2022-09-06,3244,,0,SESS_0000000587
ORD_00000588,CUST_00000924,completed,2023-10-02,3204,,1499,SESS_0000000588
ORD_00000589,CUST_00000703,completed,2024-02-21,4617,,499,SESS_0000000589
ORD_00000590,CUST_00000081,completed,2025-02-17,20694,HOLIDAY25,499,SESS_0000000590
ORD_00000591,CUST_00000927,processing,2024-11-30,1643,VIP50,599,SESS_0000000591
ORD_00000592,CUST_00000138,completed,2025-12-22,4364,,599,SESS_0000000592
ORD_00000593,CUST_00000433,returned,2021-01-20,10952,,499,SESS_0000000593
ORD_00000594,CUST_00000470,completed,2023-04-02,493,,1499,SESS_0000000594
ORD_00000595,CUST_00000350,completed,2022-05-17,3897,VIP50,499,SESS_0000000595
ORD_00000596,CUST_00000126,completed,2021-10-20,555,VIP50,0,SESS_0000000596
ORD_00000597,CUST_00000881,completed,2025-09-29,26517,,999,SESS_0000000597
ORD_00000598,CUST_00000917,completed,2025-12-30,5024,,0,SESS_0000000598
ORD_00000599,CUST_00000868,processing,2021-12-16,4390,,499,SESS_0000000599
ORD_00000600,CUST_00000309,completed,2021-04-04,457,,999,SESS_0000000600
ORD_00000601,CUST_00000855,processing,2022-07-03,1799,HOLIDAY25,499,SESS_0000000601
ORD_00000602,CUST_00000230,processing,2025-03-26,1808,,0,SESS_0000000602
ORD_00000603,CUST_00000460,returned,2022-08-17,17438,,0,SESS_0000000603
ORD_00000604,CUST_00000345,completed,2021-05-19,6180,FLASH30,1499,SESS_0000000604
ORD_00000605,CUST_00000310,completed,2021-05-08,570,VIP50,1499,SESS_0000000605
ORD_00000606,CUST_00000953,completed,2023-03-09,4767,,0,SESS_0000000606
ORD_00000607,CUST_00000020,completed,2025-11-06,663,,999,SESS_0000000607
ORD_00000608,CUST_00000881,completed,2022-07-29,584,,1499,SESS_0000000608
ORD_00000609,CUST_00000561,completed,2023-03-08,4691,SUMMER20,1499,SESS_0000000609
ORD_00000610,CUST_00000647,completed,2021-09-06,6277,,799,SESS_0000000610
ORD_00000611,CUST_00000541,processing,2023-08-17,4716,,799,SESS_0000000611
ORD_00000612,CUST_00000560,processing,2024-08-23,19527,VIP50,1499,SESS_0000000612
ORD_00000613,CUST_00000477,completed,2022-06-23,4310,SAVE10,499,SESS_0000000613
ORD_00000614,CUST_00000269,completed,2022-08-24,3533,,999,SESS_0000000614
ORD_00000615,CUST_00000003,completed,2025-04-13,883,,599,SESS_0000000615
ORD_00000616,CUST_00000770,completed,2021-01-26,7027,,1499,SESS_0000000616
ORD_00000617,CUST_00000016,completed,2024-03-30,571,,799,SESS_0000000617
ORD_00000618,CUST_00000606,completed,2022-12-27,22479,,999,SESS_0000000618
ORD_00000619,CUST_00000358,completed,2022-08-28,7120,FLASH30,999,SESS_0000000619
ORD_00000620,CUST_00000646,completed,2024-05-20,48523,VIP50,799,SESS_0000000620
ORD_00000621,CUST_00000813,completed,2025-03-26,4399,,999,SESS_0000000621
ORD_00000622,CUST_00000839,completed,2023-11-28,7481,,999,SESS_0000000622
ORD_00000623,CUST_00000133,returned,2021-03-17,2259,,799,SESS_0000000623
ORD_00000624,CUST_00000312,completed,2023-05-30,2854,,0,SESS_0000000624
ORD_00000625,CUST_00000967,completed,2023-06-03,1041,,1499,SESS_0000000625
ORD_00000626,CUST_00000482,completed,2023-11-16,700,SAVE10,499,SESS_0000000626
ORD_00000627,CUST_00000895,completed,2024-06-22,3602,,599,SESS_0000000627
ORD_00000628,CUST_00000544,completed,2021-02-17,2837,,499,SESS_0000000628
ORD_00000629,CUST_00000305,completed,2023-09-06,1016,,0,SESS_0000000629
ORD_00000630,CUST_00000269,completed,2023-12-22,1213,HOLIDAY25,0,SESS_0000000630
ORD_00000631,CUST_00000414,completed,2022-11-16,3079,,999,SESS_0000000631
ORD_00000632,CUST_00000025,completed,2024-06-16,999,,499,SESS_0000000632
ORD_00000633,CUST_00000981,completed,2022-03-10,4258,,0,SESS_0000000633
ORD_00000634,CUST_00000316,completed,2022-10-14,1030,,499,SESS_0000000634
ORD_00000635,CUST_00000571,shipped,2025-12-01,3850,,0,SESS_0000000635
ORD_00000636,CUST_00000725,completed,2022-11-19,943,,599,SESS_0000000636
ORD_00000637,CUST_00000668,shipped,2022-11-18,947,,0,SESS_0000000637
ORD_00000638,CUST_00000826,canceled,2023-12-28,280,,499,SESS_0000000638
ORD_00000639,CUST_00000276,completed,2025-12-08,2539,,999,SESS_0000000639
ORD_00000640,CUST_00000930,canceled,2025-12-18,12759,,499,SESS_0000000640
ORD_00000641,CUST_00000389,shipped,2023-12-15,12056,,799,SESS_0000000641
ORD_00000642,CUST_00000722,canceled,2021-01-03,4121,,499,SESS_0000000642
ORD_00000643,CUST_00000444,completed,2025-09-02,403,,599,SESS_0000000643
ORD_00000644,CUST_00000999,completed,2023-12-08,6931,,1499,SESS_0000000644
ORD_00000645,CUST_00000427,processing,2022-12-04,3735,,599,SESS_0000000645
ORD_00000646,CUST_00000057,completed,2025-03-12,1985,,599,SESS_0000000646
ORD_00000647,CUST_00000697,completed,2022-12-31,9970,,0,SESS_0000000647
ORD_00000648,CUST_00000971,completed,2021-03-24,5516,,599,SESS_0000000648
ORD_00000649,CUST_00000566,completed,2025-02-21,21195,WELCOME15,499,SESS_0000000649
ORD_00000650,CUST_00000721,completed,2023-11-18,730,VIP50,1499,SESS_0000000650
ORD_00000651,CUST_00000368,completed,2022-11-11,790,,999,SESS_0000000651
ORD_00000652,CUST_00000941,canceled,2022-05-05,935,,599,SESS_0000000652
ORD_00000653,CUST_00000342,completed,2023-12-27,2241,,499,SESS_0000000653
ORD_00000654,CUST_00000805,returned,2022-01-20,14591,,0,SESS_0000000654
ORD_00000655,CUST_00000852,canceled,2022-10-29,1597,,0,SESS_0000000655
ORD_00000656,CUST_00000304,completed,2024-03-30,1632,SAVE10,999,SESS_0000000656
ORD_00000657,CUST_00000764,completed,2025-07-18,4524,,999,SESS_0000000657
ORD_00000658,CUST_00000374,shipped,2023-11-07,6926,SAVE10,499,SESS_0000000658
ORD_00000659,CUST_00000950,completed,2024-11-28,318,,999,SESS_0000000659
ORD_00000660,CUST_00000816,shipped,2024-12-01,8431,SUMMER20,999,SESS_0000000660
ORD_00000661,CUST_00000112,completed,2024-06-06,1548,,0,SESS_0000000661
ORD_00000662,CUST_00000878,completed,2022-04-22,2690,,499,SESS_0000000662
ORD_00000663,CUST_00000006,completed,2025-06-12,12311,,1499,SESS_0000000663
ORD_00000664,CUST_00000930,completed,2023-03-30,2400,,999,SESS_0000000664
ORD_00000665,CUST_00000703,completed,2021-04-18,644,,499,SESS_0000000665
ORD_00000666,CUST_00000846,completed,2022-04-19,682,,599,SESS_0000000666
ORD_00000667,CUST_00000944,shipped,2024-12-03,2895,,0,SESS_0000000667
ORD_00000668,CUST_00000279,completed,2021-06-18,2133,,1499,SESS_0000000668
ORD_00000669,CUST_00000382,returned,2021-11-19,3163,HOLIDAY25,0,SESS_0000000669
ORD_00000670,CUST_00000852,completed,2024-08-18,1995,,0,SESS_0000000670
ORD_00000671,CUST_00000013,completed,2025-08-14,10315,VIP50,799,SESS_0000000671
ORD_00000672,CUST_00000303,completed,2024-03-23,3055,,499,SESS_0000000672
ORD_00000673,CUST_00000556,returned,2022-02-24,511,,599,SESS_0000000673
ORD_00000674,CUST_00000617,completed,2021-05-11,6744,,999,SESS_0000000674
ORD_00000675,CUST_00000160,completed,2024-02-07,20055,,599,SESS_0000000675
ORD_00000676,CUST_00000154,returned,2021-04-26,3480,HOLIDAY25,499,SESS_0000000676
ORD_00000677,CUST_00000754,completed,2024-02-01,3761,,0,SESS_0000000677
ORD_00000678,CUST_00000181,completed,2022-03-04,1366,SAVE10,799,SESS_0000000678
ORD_00000679,CUST_00000526,completed,2025-09-12,2339,,499,SESS_0000000679
ORD_00000680,CUST_00000180,processing,2023-07-03,4928,,1499,SESS_0000000680
ORD_00000681,CUST_00000377,completed,2022-02-28,9244,,1499,SESS_0000000681
ORD_00000682,CUST_00000804,completed,2025-05-10,4656,,499,SESS_0000000682
ORD_00000683,CUST_00000776,shipped,2022-05-12,18362,,999,SESS_0000000683
ORD_00000684,CUST_00000168,shipped,2022-09-17,3289,HOLIDAY25,599,SESS_0000000684
ORD_00000685,CUST_00000214,completed,2025-03-25,970,VIP50,599,SESS_0000000685
ORD_00000686,CUST_00000150,completed,2022-09-23,999,,999,SESS_0000000686
ORD_00000687,CUST_00000016,completed,2023-01-26,10243,,799,SESS_0000000687
ORD_00000688,CUST_00000091,completed,2022-11-19,8160,,0,SESS_0000000688
ORD_00000689,CUST_00000120,shipped,2021-10-11,575,,0,SESS_0000000689
ORD_00000690,CUST_00000956,completed,2021-04-05,2417,,1499,SESS_0000000690
ORD_00000691,CUST_00000253,completed,2024-10-30,2506,,799,SESS_0000000691
ORD_00000692,CUST_00000060,completed,2024-04-20,1405,,999,SESS_0000000692
ORD_00000693,CUST_00000266,completed,2022-07-20,727,,499,SESS_0000000693
ORD_00000694,CUST_00000409,completed,2022-08-22,1375,,599,SESS_0000000694
ORD_00000695,CUST_00000031,completed,2025-11-17,1149,WELCOME15,499,SESS_0000000695
ORD_00000696,CUST_00000021,completed,2025-12-21,745,,599,SESS_0000000696
ORD_00000697,CUST_00000731,completed,2023-06-29,6829,,499,SESS_0000000697
ORD_00000698,CUST_00000593,completed,2025-01-06,3955,FLASH30,999,SESS_0000000698
ORD_00000699,CUST_00000289,completed,2024-11-10,1874,FLASH30,999,SESS_0000000699
ORD_00000700,CUST_00000543,canceled,2022-08-26,375,VIP50,799,SESS_0000000700
ORD_00000701,CUST_00000498,completed,2021-05-23,2210,,499,SESS_0000000701
ORD_00000702,CUST_00000746,completed,2021-11-15,5019,,499,SESS_0000000702
ORD_00000703,CUST_00000474,canceled,2025-04-04,1427,,799,SESS_0000000703
ORD_00000704,CUST_00000405,completed,2024-11-06,943,,799,SESS_0000000704
ORD_00000705,CUST_00000548,completed,2024-06-06,2635,,999,SESS_0000000705
ORD_00000706,CUST_00000961,completed,2021-11-05,4167,,999,SESS_0000000706
ORD_00000707,CUST_00000132,shipped,2024-04-07,403,SAVE10,1499,SESS_0000000707
ORD_00000708,CUST_00000324,completed,2024-12-09,11545,,499,SESS_0000000708
ORD_00000709,CUST_00000858,shipped,2025-05-28,854,SAVE10,999,SESS_0000000709
ORD_00000710,CUST_00000132,completed,2021-02-02,1953,HOLIDAY25,999,SESS_0000000710
ORD_00000711,CUST_00000521,completed,2024-07-25,9713,,499,SESS_0000000711
ORD_00000712,CUST_00000030,shipped,2021-02-16,3379,,799,SESS_0000000712
ORD_00000713,CUST_00000627,returned,2024-09-17,8920,,499,SESS_0000000713
ORD_00000714,CUST_00000301,completed,2024-03-28,14096,,0,SESS_0000000714
ORD_00000715,CUST_00000004,shipped,2021-11-20,692,,499,SESS_0000000715
ORD_00000716,CUST_00000325,completed,2024-12-04,7346,,0,SESS_0000000716
ORD_00000717,CUST_00000509,completed,2021-06-16,11220,,499,SESS_0000000717
ORD_00000718,CUST_00000237,completed,2025-03-06,2047,,0,SESS_0000000718
ORD_00000719,CUST_00000535,completed,2022-06-01,2216,SUMMER20,0,SESS_0000000719
ORD_00000720,CUST_00000016,completed,2024-08-05,440,,499,SESS_0000000720
ORD_00000721,CUST_00000534,completed,2025-10-29,6509,WELCOME15,1499,SESS_0000000721
ORD_00000722,CUST_00000997,completed,2022-11-13,236,,999,SESS_0000000722
ORD_00000723,CUST_00000584,completed,2023-09-09,7854,,599,SESS_0000000723
ORD_00000724,CUST_00000816,canceled,2023-06-04,722,,999,SESS_0000000724
ORD_00000725,CUST_00000446,returned,2021-11-27,11976,,0,SESS_0000000725
ORD_00000726,CUST_00000993,shipped,2023-12-24,4430,,499,SESS_0000000726
ORD_00000727,CUST_00000503,completed,2024-11-15,8176,WELCOME15,499,SESS_0000000727
ORD_00000728,CUST_00000956,completed,2025-10-12,1322,,499,SESS_0000000728
ORD_00000729,CUST_00000230,completed,2025-05-04,785,,499,SESS_0000000729
ORD_00000730,CUST_00000107,returned,2023-09-26,511,,1499,SESS_0000000730
ORD_00000731,CUST_00000720,completed,2024-10-17,8876,,599,SESS_0000000731
ORD_00000732,CUST_00000389,shipped,2025-01-02,5784,,799,SESS_0000000732
ORD_00000733,CUST_00000720,returned,2023-08-17,5993,,0,SESS_0000000733
ORD_00000734,CUST_00000263,processing,2021-10-09,3989,,599,SESS_0000000734
ORD_00000735,CUST_00000563,completed,2023-04-03,5135,,999,SESS_0000000735
ORD_00000736,CUST_00000065,completed,2025-04-14,2226,SUMMER20,799,SESS_0000000736
ORD_00000737,CUST_00000265,completed,2023-12-29,4316,,799,SESS_0000000737
ORD_00000738,CUST_00000338,completed,2024-10-30,1265,,499,SESS_0000000738
ORD_00000739,CUST_00000301,completed,2021-12-20,2115,,599,SESS_0000000739
ORD_00000740,CUST_00000378,completed,2025-12-03,62525,FLASH30,999,SESS_0000000740
ORD_00000741,CUST_00000175,shipped,2023-01-11,3099,HOLIDAY25,499,SESS_0000000741
ORD_00000742,CUST_00000963,completed,2024-05-11,415,,499,SESS_0000000742
ORD_00000743,CUST_00000152,completed,2021-02-15,1981,,1499,SESS_0000000743
ORD_00000744,CUST_00000476,completed,2021-11-03,1035,,0,SESS_0000000744
ORD_00000745,CUST_00000266,completed,2024-12-17,3495,HOLIDAY25,799,SESS_0000000745
ORD_00000746,CUST_00000329,shipped,2025-12-05,1224,,999,SESS_0000000746
ORD_00000747,CUST_00000973,completed,2022-10-20,2411,,799,SESS_0000000747
ORD_00000748,CUST_00000816,completed,2021-04-01,1422,FLASH30,599,SESS_0000000748
ORD_00000749,CUST_00000163,completed,2022-11-30,3630,,0,SESS_0000000749
ORD_00000750,CUST_00000438,completed,2021-02-12,1591,,499,SESS_0000000750
ORD_00000751,CUST_00000343,shipped,2021-12-25,4259,,0,SESS_0000000751
ORD_00000752,CUST_00000367,completed,2024-11-23,20922,,499,SESS_0000000752
ORD_00000753,CUST_00000465,completed,2025-11-10,939,,0,SESS_0000000753
ORD_00000754,CUST_00000750,completed,2021-08-02,6147,SUMMER20,499,SESS_0000000754
ORD_00000755,CUST_00000199,completed,2023-11-28,256,,799,SESS_0000000755
ORD_00000756,CUST_00000500,completed,2022-05-12,2361,WELCOME15,799,SESS_0000000756
ORD_00000757,CUST_00000016,shipped,2021-11-12,3747,VIP50,799,SESS_0000000757
ORD_00000758,CUST_00000821,completed,2022-02-16,1410,WELCOME15,799,SESS_0000000758
ORD_00000759,CUST_00000296,returned,2023-12-14,499,,0,SESS_0000000759
ORD_00000760,CUST_00000868,completed,2021-06-08,2869,VIP50,499,SESS_0000000760
ORD_00000761,CUST_00000511,completed,2023-03-25,13795,,799,SESS_0000000761
ORD_00000762,CUST_00000788,completed,2021-11-09,2574,,0,SESS_0000000762
ORD_00000763,CUST_00000984,completed,2022-06-27,5211,SUMMER20,499,SESS_0000000763
ORD_00000764,CUST_00000239,completed,2021-12-24,9199,,0,SESS_0000000764
ORD_00000765,CUST_00000581,completed,2025-07-21,35294,,1499,SESS_0000000765
ORD_00000766,CUST_00000301,completed,2024-09-20,1040,,799,SESS_0000000766
ORD_00000767,CUST_00000006,shipped,2025-06-16,1153,SAVE10,599,SESS_0000000767
ORD_00000768,CUST_00000220,completed,2022-12-18,2225,,0,SESS_0000000768
ORD_00000769,CUST_00000766,processing,2022-10-04,5516,SAVE10,799,SESS_0000000769
ORD_00000770,CUST_00000453,completed,2022-12-16,292,,999,SESS_0000000770
ORD_00000771,CUST_00000433,completed,2021-02-15,5731,,499,SESS_0000000771
ORD_00000772,CUST_00000807,completed,2024-10-31,3457,,1499,SESS_0000000772
ORD_00000773,CUST_00000870,completed,2022-11-21,1747,,799,SESS_0000000773
ORD_00000774,CUST_00000386,shipped,2022-10-04,4561,,999,SESS_0000000774
ORD_00000775,CUST_00000619,completed,2023-12-30,7256,,0,SESS_0000000775
ORD_00000776,CUST_00000295,completed,2023-03-30,8333,,0,SESS_0000000776
ORD_00000777,CUST_00000118,completed,2025-12-16,3025,,999,SESS_0000000777
ORD_00000778,CUST_00000405,completed,2022-11-26,4130,,1499,SESS_0000000778
ORD_00000779,CUST_00000680,completed,2024-02-04,3977,WELCOME15,999,SESS_0000000779
ORD_00000780,CUST_00000997,shipped,2022-09-30,10210,WELCOME15,499,SESS_0000000780
ORD_00000781,CUST_00000763,completed,2025-12-24,4364,WELCOME15,0,SESS_0000000781
ORD_00000782,CUST_00000594,canceled,2023-04-21,5682,HOLIDAY25,999,SESS_0000000782
ORD_00000783,CUST_00000566,shipped,2024-03-24,7278,,599,SESS_0000000783
ORD_00000784,CUST_00000752,completed,2021-11-02,21132,,599,SESS_0000000784
ORD_00000785,CUST_00000878,completed,2024-11-07,1659,,999,SESS_0000000785
ORD_00000786,CUST_00000012,completed,2022-06-18,15149,FLASH30,499,SESS_0000000786
ORD_00000787,CUST_00000209,completed,2023-04-29,35280,WELCOME15,0,SESS_0000000787
ORD_00000788,CUST_00000165,completed,2025-07-22,1768,,599,SESS_0000000788
ORD_00000789,CUST_00000878,returned,2025-12-08,2399,,999,SESS_0000000789
ORD_00000790,CUST_00000294,completed,2023-03-02,1942,,999,SESS_0000000790
ORD_00000791,CUST_00000911,completed,2025-03-26,5749,,799,SESS_0000000791
ORD_00000792,CUST_00000519,completed,2021-05-10,463,,999,SESS_0000000792
ORD_00000793,CUST_00000078,completed,2025-04-26,1808,,499,SESS_0000000793
ORD_00000794,CUST_00000434,shipped,2024-03-13,2267,VIP50,599,SESS_0000000794
ORD_00000795,CUST_00000577,completed,2023-08-05,2077,,799,SESS_0000000795
ORD_00000796,CUST_00000614,completed,2025-08-07,2056,HOLIDAY25,599,SESS_0000000796
ORD_00000797,CUST_00000963,completed,2025-04-21,1827,WELCOME15,599,SESS_0000000797
ORD_00000798,CUST_00000869,processing,2022-08-25,6485,SUMMER20,499,SESS_0000000798
ORD_00000799,CUST_00000812,completed,2024-12-25,5106,SUMMER20,999,SESS_0000000799
ORD_00000800,CUST_00000799,returned,2021-08-31,16373,SAVE10,499,SESS_0000000800
ORD_00000801,CUST_00000683,completed,2025-02-25,6502,SUMMER20,999,SESS_0000000801
ORD_00000802,CUST_00000077,completed,2024-07-03,994,SUMMER20,799,SESS_0000000802
ORD_00000803,CUST_00000048,completed,2021-08-03,2514,,499,SESS_0000000803
ORD_00000804,CUST_00000767,completed,2024-07-21,2261,WELCOME15,499,SESS_0000000804
ORD_00000805,CUST_00000082,completed,2023-12-16,3847,HOLIDAY25,1499,SESS_0000000805
ORD_00000806,CUST_00000895,completed,2023-12-27,8895,,0,SESS_0000000806
ORD_00000807,CUST_00000721,completed,2022-08-10,3589,SAVE10,499,SESS_0000000807
ORD_00000808,CUST_00000209,completed,2022-06-12,3599,,1499,SESS_0000000808
ORD_00000809,CUST_00000445,completed,2024-12-01,3011,,0,SESS_0000000809
ORD_00000810,CUST_00000971,completed,2022-05-19,6704,,999,SESS_0000000810
ORD_00000811,CUST_00000596,completed,2023-04-24,1687,,999,SESS_0000000811
ORD_00000812,CUST_00000522,completed,2024-08-19,694,SUMMER20,999,SESS_0000000812
ORD_00000813,CUST_00000029,completed,2021-07-13,5679,,1499,SESS_0000000813
ORD_00000814,CUST_00000304,completed,2023-12-27,4337,,1499,SESS_0000000814
ORD_00000815,CUST_00000994,completed,2023-12-23,11197,,0,SESS_0000000815
ORD_00000816,CUST_00000465,shipped,2024-07-24,262,,999,SESS_0000000816
ORD_00000817,CUST_00000502,completed,2022-12-07,2696,SUMMER20,599,SESS_0000000817
ORD_00000818,CUST_00000446,completed,2023-04-30,3316,SAVE10,499,SESS_0000000818
ORD_00000819,CUST_00000628,processing,2022-11-05,657,,1499,SESS_0000000819
ORD_00000820,CUST_00000490,returned,2025-01-20,2733,,1499,SESS_0000000820
ORD_00000821,CUST_00000781,completed,2021-11-05,9768,,1499,SESS_0000000821
ORD_00000822,CUST_00000428,returned,2025-12-01,24007,,0,SESS_0000000822
ORD_00000823,CUST_00000559,completed,2024-03-26,7961,,999,SESS_0000000823
ORD_00000824,CUST_00000359,completed,2025-07-31,2154,,599,SESS_0000000824
ORD_00000825,CUST_00000960,completed,2023-03-06,10525,,499,SESS_0000000825
ORD_00000826,CUST_00000091,completed,2022-11-07,7416,,499,SESS_0000000826
ORD_00000827,CUST_00000053,completed,2025-09-03,1836,,999,SESS_0000000827
ORD_00000828,CUST_00000730,shipped,2021-08-29,1666,VIP50,599,SESS_0000000828
ORD_00000829,CUST_00000860,canceled,2021-10-13,2518,HOLIDAY25,0,SESS_0000000829
ORD_00000830,CUST_00000589,completed,2022-08-31,1042,SAVE10,1499,SESS_0000000830
ORD_00000831,CUST_00000204,completed,2025-11-29,2184,,1499,SESS_0000000831
ORD_00000832,CUST_00000556,completed,2024-03-22,4850,HOLIDAY25,999,SESS_0000000832
ORD_00000833,CUST_00000156,completed,2023-11-25,8421,,499,SESS_0000000833
ORD_00000834,CUST_00000002,completed,2024-09-14,2040,,1499,SESS_0000000834
ORD_00000835,CUST_00000357,completed,2023-02-12,11949,,499,SESS_0000000835
ORD_00000836,CUST_00000825,canceled,2024-11-27,5710,,499,SESS_0000000836
ORD_00000837,CUST_00000569,completed,2022-12-26,5976,SUMMER20,999,SESS_0000000837
ORD_00000838,CUST_00000802,completed,2025-03-06,1189,VIP50,799,SESS_0000000838
ORD_00000839,CUST_00000983,completed,2022-06-14,18174,,799,SESS_0000000839
ORD_00000840,CUST_00000058,completed,2022-07-09,5184,VIP50,799,SESS_0000000840
ORD_00000841,CUST_00000254,processing,2023-10-26,2137,SUMMER20,599,SESS_0000000841
ORD_00000842,CUST_00000180,completed,2023-03-17,1791,HOLIDAY25,999,SESS_0000000842
ORD_00000843,CUST_00000493,completed,2024-04-27,2185,,499,SESS_0000000843
ORD_00000844,CUST_00000669,completed,2022-12-03,1076,,1499,SESS_0000000844
ORD_00000845,CUST_00000035,completed,2022-03-16,8008,,599,SESS_0000000845
ORD_00000846,CUST_00000075,completed,2023-06-20,1192,,799,SESS_0000000846
ORD_00000847,CUST_00000944,completed,2023-11-30,3983,,0,SESS_0000000847
ORD_00000848,CUST_00000289,completed,2021-11-15,1900,,599,SESS_0000000848
ORD_00000849,CUST_00000371,completed,2023-11-27,5830,,599,SESS_0000000849
ORD_00000850,CUST_00000587,completed,2022-10-18,6678,,999,SESS_0000000850
ORD_00000851,CUST_00000329,completed,2022-12-26,1565,SAVE10,1499,SESS_0000000851
ORD_00000852,CUST_00000590,completed,2022-07-13,2881,HOLIDAY25,599,SESS_0000000852
ORD_00000853,CUST_00000767,completed,2025-11-06,703,WELCOME15,1499,SESS_0000000853
ORD_00000854,CUST_00000777,canceled,2024-07-22,16326,VIP50,999,SESS_0000000854
ORD_00000855,CUST_00000999,completed,2022-06-02,8673,,0,SESS_0000000855
ORD_00000856,CUST_00000304,completed,2024-04-20,738,,499,SESS_0000000856
ORD_00000857,CUST_00000579,completed,2025-04-29,1252,,499,SESS_0000000857
ORD_00000858,CUST_00000221,completed,2023-01-05,2604,,799,SESS_0000000858
ORD_00000859,CUST_00000979,completed,2025-03-14,3098,,799,SESS_0000000859
ORD_00000860,CUST_00000164,shipped,2021-11-25,1501,,0,SESS_0000000860
ORD_00000861,CUST_00000480,completed,2025-02-25,948,,499,SESS_0000000861
ORD_00000862,CUST_00000455,completed,2023-11-13,4425,WELCOME15,799,SESS_0000000862
ORD_00000863,CUST_00000375,completed,2022-02-26,16974,,1499,SESS_0000000863
ORD_00000864,CUST_00000220,canceled,2023-01-18,3148,,599,SESS_0000000864
ORD_00000865,CUST_00000684,completed,2025-12-22,2226,,999,SESS_0000000865
ORD_00000866,CUST_00000254,completed,2024-12-18,2004,,799,SESS_0000000866
ORD_00000867,CUST_00000722,returned,2023-12-11,995,,0,SESS_0000000867
ORD_00000868,CUST_00000188,completed,2021-10-08,1522,,499,SESS_0000000868
ORD_00000869,CUST_00000191,completed,2023-02-13,9284,,0,SESS_0000000869
ORD_00000870,CUST_00000389,completed,2022-06-03,375,,999,SESS_0000000870
ORD_00000871,CUST_00000215,completed,2021-06-22,3197,,999,SESS_0000000871
ORD_00000872,CUST_00000375,completed,2023-11-15,3065,VIP50,0,SESS_0000000872
ORD_00000873,CUST_00000086,completed,2025-08-06,3355,WELCOME15,799,SESS_0000000873
ORD_00000874,CUST_00000474,completed,2024-07-03,6169,,799,SESS_0000000874
ORD_00000875,CUST_00000618,shipped,2022-05-02,3168,,499,SESS_0000000875
ORD_00000876,CUST_00000844,shipped,2023-12-10,1893,VIP50,1499,SESS_0000000876
ORD_00000877,CUST_00000808,completed,2025-11-15,1545,SUMMER20,499,SESS_0000000877
ORD_00000878,CUST_00000531,completed,2024-10-27,10919,,599,SESS_0000000878
ORD_00000879,CUST_00000047,completed,2024-08-06,8442,,1499,SESS_0000000879
ORD_00000880,CUST_00000065,shipped,2025-12-06,52978,,599,SESS_0000000880
ORD_00000881,CUST_00000963,completed,2024-12-31,2250,,499,SESS_0000000881
ORD_00000882,CUST_00000475,completed,2021-11-10,1574,SAVE10,1499,SESS_0000000882
ORD_00000883,CUST_00000146,completed,2022-11-19,4689,SUMMER20,1499,SESS_0000000883
ORD_00000884,CUST_00000946,completed,2025-12-03,4577,,599,SESS_0000000884
ORD_00000885,CUST_00000798,completed,2023-08-07,5632,,0,SESS_0000000885
ORD_00000886,CUST_00000382,completed,2021-09-29,6954,,799,SESS_0000000886
ORD_00000887,CUST_00000066,completed,2023-05-24,5578,,1499,SESS_0000000887
ORD_00000888,CUST_00000517,shipped,2024-08-24,8734,,1499,SESS_0000000888
ORD_00000889,CUST_00000093,completed,2025-12-30,9976,,599,SESS_0000000889
ORD_00000890,CUST_00000865,completed,2022-10-30,10156,,1499,SESS_0000000890
ORD_00000891,CUST_00000426,completed,2023-10-06,310,,599,SESS_0000000891
ORD_00000892,CUST_00000468,completed,2025-07-13,3760,,0,SESS_0000000892
ORD_00000893,CUST_00000094,shipped,2022-11-25,1184,,1499,SESS_0000000893
ORD_00000894,CUST_00000618,completed,2021-09-24,8565,WELCOME15,999,SESS_0000000894
ORD_00000895,CUST_00000133,processing,2025-11-20,304,SAVE10,499,SESS_0000000895
ORD_00000896,CUST_00000434,completed,2023-08-04,12954,,0,SESS_0000000896
ORD_00000897,CUST_00000341,completed,2023-09-08,1255,WELCOME15,999,SESS_0000000897
ORD_00000898,CUST_00000314,completed,2024-02-22,998,,0,SESS_0000000898
ORD_00000899,CUST_00000591,shipped,2021-01-09,4256,SAVE10,799,SESS_0000000899
ORD_00000900,CUST_00000212,completed,2025-11-06,2052,,0,SESS_0000000900
ORD_00000901,CUST_00000520,completed,2022-11-30,17665,,0,SESS_0000000901
ORD_00000902,CUST_00000159,shipped,2022-12-29,11649,,799,SESS_0000000902
ORD_00000903,CUST_00000268,completed,2021-12-11,1788,,1499,SESS_0000000903
ORD_00000904,CUST_00000661,completed,2022-12-14,8454,,499,SESS_0000000904
ORD_00000905,CUST_00000862,completed,2025-01-10,1727,,999,SESS_0000000905
ORD_00000906,CUST_00000958,processing,2024-12-31,1713,,599,SESS_0000000906
ORD_00000907,CUST_00000603,completed,2025-11-09,6088,,499,SESS_0000000907
ORD_00000908,CUST_00000748,canceled,2023-01-09,12782,,0,SESS_0000000908
ORD_00000909,CUST_00000474,completed,2024-09-22,1917,,599,SESS_0000000909
ORD_00000910,CUST_00000801,returned,2023-09-19,2069,,799,SESS_0000000910
ORD_00000911,CUST_00000410,completed,2025-01-10,4028,,499,SESS_0000000911
ORD_00000912,CUST_00000474,completed,2024-10-01,1219,FLASH30,1499,SESS_0000000912
ORD_00000913,CUST_00000356,shipped,2022-12-06,14262,,999,SESS_0000000913
ORD_00000914,CUST_00000680,processing,2022-11-10,1207,VIP50,499,SESS_0000000914
ORD_00000915,CUST_00000193,completed,2022-05-08,1582,,499,SESS_0000000915
ORD_00000916,CUST_00000699,completed,2023-12-13,17452,,1499,SESS_0000000916
ORD_00000917,CUST_00000271,processing,2025-12-02,3694,,599,SESS_0000000917
ORD_00000918,CUST_00000114,completed,2022-01-01,20818,,799,SESS_0000000918
ORD_00000919,CUST_00000897,completed,2021-08-21,2394,,1499,SESS_0000000919
ORD_00000920,CUST_00000523,processing,2021-10-18,37031,,799,SESS_0000000920
ORD_00000921,CUST_00000055,completed,2024-12-18,5517,,1499,SESS_0000000921
ORD_00000922,CUST_00000770,completed,2022-11-21,1404,,499,SESS_0000000922
ORD_00000923,CUST_00000065,shipped,2022-03-01,1383,WELCOME15,799,SESS_0000000923
ORD_00000924,CUST_00000991,completed,2022-11-23,694,,599,SESS_0000000924
ORD_00000925,CUST_00000684,completed,2024-04-21,774,,599,SESS_0000000925
ORD_00000926,CUST_00000272,returned,2023-11-18,1541,SAVE10,999,SESS_0000000926
ORD_00000927,CUST_00000502,completed,2024-11-16,1105,,799,SESS_0000000927
ORD_00000928,CUST_00000662,shipped,2022-11-12,226,WELCOME15,999,SESS_0000000928
ORD_00000929,CUST_00000362,shipped,2023-05-08,6915,,1499,SESS_0000000929
ORD_00000930,CUST_00000146,completed,2021-09-06,6472,SAVE10,0,SESS_0000000930
ORD_00000931,CUST_00000943,completed,2021-06-27,4057,,599,SESS_0000000931
ORD_00000932,CUST_00000209,completed,2023-06-02,958,HOLIDAY25,499,SESS_0000000932
ORD_00000933,CUST_00000286,completed,2022-09-05,15472,SUMMER20,599,SESS_0000000933
ORD_00000934,CUST_00000010,completed,2024-02-01,2494,,0,SESS_0000000934
ORD_00000935,CUST_00000739,completed,2021-04-15,1295,,499,SESS_0000000935
ORD_00000936,CUST_00000186,completed,2021-10-24,3761,,799,SESS_0000000936
ORD_00000937,CUST_00000574,completed,2025-06-08,3551,SUMMER20,799,SESS_0000000937
ORD_00000938,CUST_00000597,completed,2023-12-04,244,,599,SESS_0000000938
ORD_00000939,CUST_00000464,completed,2024-09-30,2890,,499,SESS_0000000939
ORD_00000940,CUST_00000134,completed,2025-04-13,3362,,1499,SESS_0000000940
ORD_00000941,CUST_00000835,completed,2023-06-05,2041,,499,SESS_0000000941
ORD_00000942,CUST_00000809,completed,2024-11-30,795,,999,SESS_0000000942
ORD_00000943,CUST_00000171,completed,2023-10-31,818,,0,SESS_0000000943
ORD_00000944,CUST_00000213,completed,2022-02-25,4984,,799,SESS_0000000944
ORD_00000945,CUST_00000973,completed,2022-11-11,6384,VIP50,599,SESS_0000000945
ORD_00000946,CUST_00000530,completed,2023-08-09,1904,,499,SESS_0000000946
ORD_00000947,CUST_00000826,completed,2022-10-12,4369,,799,SESS_0000000947
ORD_00000948,CUST_00000502,completed,2022-11-09,1885,,599,SESS_0000000948
ORD_00000949,CUST_00000572,completed,2022-11-11,1269,,799,SESS_0000000949
ORD_00000950,CUST_00000600,completed,2021-10-27,3694,SUMMER20,599,SESS_0000000950
ORD_00000951,CUST_00000027,canceled,2021-07-26,944,,799,SESS_0000000951
ORD_00000952,CUST_00000068,completed,2021-04-24,19806,,1499,SESS_0000000952
ORD_00000953,CUST_00000790,returned,2021-09-28,708,,999,SESS_0000000953
ORD_00000954,CUST_00000408,completed,2022-11-16,3959,,0,SESS_0000000954
ORD_00000955,CUST_00000552,completed,2023-12-27,3464,,799,SESS_0000000955
ORD_00000956,CUST_00000109,completed,2021-12-22,3169,WELCOME15,0,SESS_0000000956
ORD_00000957,CUST_00000074,completed,2025-08-03,13139,SAVE10,799,SESS_0000000957
ORD_00000958,CUST_00000578,completed,2025-01-21,203,,499,SESS_0000000958
ORD_00000959,CUST_00000680,completed,2023-10-22,4499,,999,SESS_0000000959
ORD_00000960,CUST_00000262,completed,2024-10-30,2267,,1499,SESS_0000000960
ORD_00000961,CUST_00000368,completed,2022-12-04,5345,,999,SESS_0000000961
ORD_00000962,CUST_00000786,completed,2021-03-31,3148,,0,SESS_0000000962
ORD_00000963,CUST_00000849,completed,2025-09-11,2765,,499,SESS_0000000963
ORD_00000964,CUST_00000870,completed,2021-11-03,891,,599,SESS_0000000964
ORD_00000965,CUST_00000237,completed,2025-11-19,1520,SAVE10,999,SESS_0000000965
ORD_00000966,CUST_00000727,processing,2023-12-09,68289,,1499,SESS_0000000966
ORD_00000967,CUST_00000366,completed,2022-09-15,5394,,499,SESS_0000000967
ORD_00000968,CUST_00000286,completed,2023-08-22,8540,,499,SESS_0000000968
ORD_00000969,CUST_00000378,completed,2023-09-05,2096,,0,SESS_0000000969
ORD_00000970,CUST_00000661,processing,2021-02-26,1266,HOLIDAY25,1499,SESS_0000000970
ORD_00000971,CUST_00000830,completed,2022-11-25,6479,VIP50,499,SESS_0000000971
ORD_00000972,CUST_00000906,completed,2024-11-13,444,VIP50,499,SESS_0000000972
ORD_00000973,CUST_00000376,completed,2023-09-26,1555,FLASH30,599,SESS_0000000973
ORD_00000974,CUST_00000619,completed,2022-04-18,2091,,0,SESS_0000000974
ORD_00000975,CUST_00000653,completed,2022-11-09,7669,,0,SESS_0000000975
ORD_00000976,CUST_00000076,completed,2025-06-03,4508,,1499,SESS_0000000976
ORD_00000977,CUST_00000009,processing,2023-11-01,1857,,499,SESS_0000000977
ORD_00000978,CUST_00000196,completed,2023-11-04,4311,SUMMER20,599,SESS_0000000978
ORD_00000979,CUST_00000807,completed,2025-11-30,2201,,799,SESS_0000000979
ORD_00000980,CUST_00000792,completed,2022-10-22,8690,,999,SESS_0000000980
ORD_00000981,CUST_00000893,completed,2023-07-14,3775,,0,SESS_0000000981
ORD_00000982,CUST_00000630,completed,2025-01-29,16923,HOLIDAY25,599,SESS_0000000982
ORD_00000983,CUST_00000290,completed,2024-11-28,2257,,1499,SESS_0000000983
ORD_00000984,CUST_00000999,completed,2022-06-10,10151,FLASH30,599,SESS_0000000984
ORD_00000985,CUST_00000061,completed,2021-11-22,3263,,499,SESS_0000000985
ORD_00000986,CUST_00000937,completed,2024-09-02,1484,,999,SESS_0000000986
ORD_00000987,CUST_00000389,completed,2022-05-21,40198,,0,SESS_0000000987
ORD_00000988,CUST_00000847,completed,2025-10-26,11044,SAVE10,799,SESS_0000000988
ORD_00000989,CUST_00000818,completed,2021-11-04,3768,,499,SESS_0000000989
ORD_00000990,CUST_00000900,canceled,2022-10-16,6412,WELCOME15,0,SESS_0000000990
ORD_00000991,CUST_00000563,completed,2021-05-14,1010,,1499,SESS_0000000991
ORD_00000992,CUST_00000564,completed,2024-09-09,1046,,0,SESS_0000000992
ORD_00000993,CUST_00000634,canceled,2025-08-11,9082,HOLIDAY25,599,SESS_0000000993
ORD_00000994,CUST_00000679,completed,2024-03-28,2995,,999,SESS_0000000994
ORD_00000995,CUST_00000008,returned,2025-11-11,2550,,799,SESS_0000000995
ORD_00000996,CUST_00000369,completed,2021-11-04,2235,WELCOME15,999,SESS_0000000996
ORD_00000997,CUST_00000045,completed,2021-08-02,3470,,599,SESS_0000000997
ORD_00000998,CUST_00000344,completed,2025-04-04,2311,HOLIDAY25,799,SESS_0000000998
ORD_00000999,CUST_00000757,processing,2025-05-16,390,,799,SESS_0000000999
ORD_00001000,CUST_00000796,completed,2025-03-17,12281,,499,SESS_0000001000
