inventory_id,warehouse_id,product_id,quantity_on_hand,reorder_point,last_restocked_at
INV_00000001,WH_00000002,PROD_00000706,11,57,2025-10-23
INV_00000002,WH_00000001,PROD_00000854,339,70,2024-05-08
INV_00000003,WH_00000010,PROD_00000430,56,26,2025-09-29
INV_00000004,WH_00000002,PROD_00000161,77,49,2025-05-27
INV_00000005,WH_00000004,PROD_00000975,73,84,2025-09-20
INV_00000006,WH_00000006,PROD_00000306,232,98,2025-05-16
INV_00000007,WH_00000007,PROD_00000361,278,78,2024-05-28
INV_00000008,WH_00000007,PROD_00000278,29,94,2024-09-25
INV_00000009,WH_00000007,PROD_00000296,366,35,2025-12-01
INV_00000010,WH_00000004,PROD_00000551,313,89,2025-10-14
INV_00000011,WH_00000005,PROD_00000873,94,65,2024-04-14
INV_00000012,WH_00000003,PROD_00000169,307,49,2025-04-10
INV_00000013,WH_00000001,PROD_00000459,55,94,2024-10-07
INV_00000014,WH_00000008,PROD_00000580,9,77,2025-02-10
INV_00000015,WH_00000010,PROD_00000007,402,17,2025-09-04
INV_00000016,WH_00000007,PROD_00000597,146,82,2024-12-23
INV_00000017,WH_00000009,PROD_00000711,363,54,2025-11-05
INV_00000018,WH_00000010,PROD_00000132,86,26,2024-07-21
INV_00000019,WH_00000004,PROD_00000588,252,50,2025-09-03
INV_00000020,WH_00000005,PROD_00000762,186,86,2024-10-07
INV_00000021,WH_00000005,PROD_00000347,427,18,2024-09-13
INV_00000022,WH_00000007,PROD_00000955,232,79,2024-04-03
INV_00000023,WH_00000009,PROD_00000721,252,33,2024-11-19
INV_00000024,WH_00000008,PROD_00000596,442,82,2024-12-27
INV_00000025,WH_00000007,PROD_00000735,223,20,2025-10-23
INV_00000026,WH_00000001,PROD_00000253,339,44,2024-12-16
INV_00000027,WH_00000010,PROD_00000410,3,38,2024-03-02
INV_00000028,WH_00000006,PROD_00000543,352,17,2025-10-02
INV_00000029,WH_00000010,PROD_00000355,111,26,2024-07-05
INV_00000030,WH_00000009,PROD_00000713,192,80,2025-08-02
INV_00000031,WH_00000007,PROD_00000965,140,21,2025-06-25
INV_00000032,WH_00000001,PROD_00000564,322,88,2024-10-30
INV_00000033,WH_00000009,PROD_00000368,139,59,2025-09-30
INV_00000034,WH_00000003,PROD_00000584,348,33,2025-03-11
INV_00000035,WH_00000009,PROD_00000511,438,46,2024-07-31
INV_00000036,WH_00000004,PROD_00000533,444,87,2025-02-09
INV_00000037,WH_00000009,PROD_00000528,94,20,2024-05-13
INV_00000038,WH_00000008,PROD_00000947,40,90,2024-08-06
INV_00000039,WH_00000007,PROD_00000528,419,68,2025-02-24
INV_00000040,WH_00000004,PROD_00000402,1,64,2024-11-14
INV_00000041,WH_00000009,PROD_00000175,277,36,2024-06-05
INV_00000042,WH_00000004,PROD_00000824,149,76,2024-07-06
INV_00000043,WH_00000001,PROD_00000924,40,69,2025-04-20
INV_00000044,WH_00000006,PROD_00000850,350,11,2024-06-10
INV_00000045,WH_00000004,PROD_00000078,115,77,2024-05-08
INV_00000046,WH_00000010,PROD_00000440,119,27,2024-10-30
INV_00000047,WH_00000003,PROD_00000752,236,29,2024-03-29
INV_00000048,WH_00000005,PROD_00000549,269,94,2024-06-10
INV_00000049,WH_00000003,PROD_00000232,348,72,2024-02-05
INV_00000050,WH_00000009,PROD_00000400,290,87,2024-08-14
INV_00000051,WH_00000006,PROD_00000213,433,81,2024-05-30
INV_00000052,WH_00000003,PROD_00000193,8,11,2025-08-15
INV_00000053,WH_00000005,PROD_00000572,238,99,2024-02-16
INV_00000054,WH_00000008,PROD_00000701,117,92,2025-12-16
INV_00000055,WH_00000008,PROD_00000267,351,51,2025-10-21
INV_00000056,WH_00000006,PROD_00000126,314,37,2024-08-18
INV_00000057,WH_00000005,PROD_00000715,311,38,2025-06-22
INV_00000058,WH_00000005,PROD_00000834,474,78,2025-12-01
INV_00000059,WH_00000001,PROD_00000382,9,37,2024-06-13
INV_00000060,WH_00000002,PROD_00000544,24,69,2025-12-24
INV_00000061,WH_00000004,PROD_00000502,496,99,2025-08-09
INV_00000062,WH_00000006,PROD_00000403,172,14,2025-08-26
INV_00000063,WH_00000007,PROD_00000824,224,24,2025-07-27
INV_00000064,WH_00000001,PROD_00000261,10,82,2024-03-06
INV_00000065,WH_00000008,PROD_00000387,100,41,2024-03-20
INV_00000066,WH_00000001,PROD_00000412,264,61,2024-05-19
INV_00000067,WH_00000009,PROD_00000346,390,99,2025-02-03
INV_00000068,WH_00000004,PROD_00000983,326,46,2024-05-09
INV_00000069,WH_00000007,PROD_00000094,417,24,2025-03-21
INV_00000070,WH_00000006,PROD_00000328,82,50,2024-01-29
INV_00000071,WH_00000009,PROD_00000100,275,13,2024-07-20
INV_00000072,WH_00000002,PROD_00000797,369,62,2024-08-24
INV_00000073,WH_00000007,PROD_00000461,489,93,2025-08-21
INV_00000074,WH_00000005,PROD_00000315,344,36,2025-08-30
INV_00000075,WH_00000007,PROD_00000025,260,30,2024-12-04
INV_00000076,WH_00000001,PROD_00000918,367,69,2025-02-02
INV_00000077,WH_00000010,PROD_00000494,220,95,2025-03-14
INV_00000078,WH_00000009,PROD_00000353,310,73,2024-10-15
INV_00000079,WH_00000001,PROD_00000869,218,80,2024-09-08
INV_00000080,WH_00000005,PROD_00000117,88,56,2025-11-22
INV_00000081,WH_00000008,PROD_00000199,484,63,2024-04-09
INV_00000082,WH_00000001,PROD_00000279,14,40,2025-08-07
INV_00000083,WH_00000007,PROD_00000582,245,26,2025-02-25
INV_00000084,WH_00000002,PROD_00000847,175,59,2025-10-04
INV_00000085,WH_00000007,PROD_00000079,3,16,2025-11-24
INV_00000086,WH_00000007,PROD_00000424,333,92,2025-12-06
INV_00000087,WH_00000009,PROD_00000354,375,37,2024-01-18
INV_00000088,WH_00000006,PROD_00000526,368,19,2025-04-15
INV_00000089,WH_00000004,PROD_00000541,464,36,2025-09-29
INV_00000090,WH_00000007,PROD_00000656,20,22,2025-12-23
INV_00000091,WH_00000007,PROD_00000477,207,75,2024-01-07
INV_00000092,WH_00000004,PROD_00000855,473,95,2025-02-22
INV_00000093,WH_00000002,PROD_00000010,136,93,2025-01-14
INV_00000094,WH_00000009,PROD_00000559,321,69,2025-05-22
INV_00000095,WH_00000008,PROD_00000503,362,52,2024-04-23
INV_00000096,WH_00000005,PROD_00000260,462,78,2025-05-25
INV_00000097,WH_00000005,PROD_00000524,418,72,2025-08-18
INV_00000098,WH_00000001,PROD_00000810,215,79,2025-09-05
INV_00000099,WH_00000009,PROD_00000738,367,74,2025-04-13
INV_00000100,WH_00000010,PROD_00000772,116,76,2024-04-02
INV_00000101,WH_00000008,PROD_00000596,178,63,2025-05-06
INV_00000102,WH_00000005,PROD_00000860,245,45,2024-04-11
INV_00000103,WH_00000010,PROD_00000860,127,80,2025-05-07
INV_00000104,WH_00000006,PROD_00000006,357,24,2025-06-19
INV_00000105,WH_00000010,PROD_00000910,77,84,2025-04-29
INV_00000106,WH_00000010,PROD_00000759,228,27,2025-04-23
INV_00000107,WH_00000008,PROD_00000035,292,13,2024-06-15
INV_00000108,WH_00000006,PROD_00000175,261,97,2024-05-19
INV_00000109,WH_00000010,PROD_00000442,81,20,2024-04-03
INV_00000110,WH_00000004,PROD_00000577,341,15,2024-06-29
INV_00000111,WH_00000003,PROD_00000147,337,60,2025-07-29
INV_00000112,WH_00000007,PROD_00000569,306,67,2024-01-04
INV_00000113,WH_00000002,PROD_00000193,65,69,2025-08-28
INV_00000114,WH_00000007,PROD_00000013,95,27,2025-01-23
INV_00000115,WH_00000001,PROD_00000904,144,88,2024-09-28
INV_00000116,WH_00000010,PROD_00000530,64,76,2024-05-11
INV_00000117,WH_00000005,PROD_00000246,8,26,2025-08-06
INV_00000118,WH_00000009,PROD_00000675,396,43,2025-08-15
INV_00000119,WH_00000001,PROD_00000855,483,39,2025-05-26
INV_00000120,WH_00000008,PROD_00000114,356,28,2025-11-16
INV_00000121,WH_00000009,PROD_00000794,185,18,2024-02-21
INV_00000122,WH_00000009,PROD_00000233,157,49,2024-10-16
INV_00000123,WH_00000008,PROD_00000678,30,53,2025-03-21
INV_00000124,WH_00000004,PROD_00000980,150,68,2024-08-24
INV_00000125,WH_00000007,PROD_00000322,318,34,2025-05-05
INV_00000126,WH_00000001,PROD_00000538,241,80,2024-10-06
INV_00000127,WH_00000007,PROD_00000126,155,62,2024-02-13
INV_00000128,WH_00000006,PROD_00000313,58,57,2024-12-24
INV_00000129,WH_00000005,PROD_00000511,9,80,2025-10-07
INV_00000130,WH_00000001,PROD_00000484,344,93,2025-07-21
INV_00000131,WH_00000008,PROD_00000281,123,62,2025-06-09
INV_00000132,WH_00000010,PROD_00000798,355,58,2025-11-20
INV_00000133,WH_00000001,PROD_00000978,345,52,2025-04-06
INV_00000134,WH_00000001,PROD_00000903,281,28,2024-04-10
INV_00000135,WH_00000003,PROD_00000283,236,75,2025-11-22
INV_00000136,WH_00000008,PROD_00000651,332,43,2025-04-05
INV_00000137,WH_00000008,PROD_00000613,16,90,2024-09-24
INV_00000138,WH_00000007,PROD_00000392,423,97,2024-12-27
INV_00000139,WH_00000005,PROD_00000523,323,82,2025-02-11
INV_00000140,WH_00000008,PROD_00000382,22,63,2024-02-06
INV_00000141,WH_00000002,PROD_00000216,418,10,2025-04-12
INV_00000142,WH_00000008,PROD_00000542,458,64,2025-12-16
INV_00000143,WH_00000002,PROD_00000606,459,24,2024-09-15
INV_00000144,WH_00000010,PROD_00000116,8,94,2025-05-23
INV_00000145,WH_00000005,PROD_00000509,206,24,2025-10-28
INV_00000146,WH_00000004,PROD_00000500,44,32,2024-11-04
INV_00000147,WH_00000001,PROD_00000271,420,75,2025-09-03
INV_00000148,WH_00000005,PROD_00000440,452,55,2024-09-29
INV_00000149,WH_00000007,PROD_00000291,402,18,2025-09-16
INV_00000150,WH_00000001,PROD_00000039,330,75,2024-04-19
INV_00000151,WH_00000002,PROD_00000024,456,75,2025-10-16
INV_00000152,WH_00000009,PROD_00000776,482,27,2025-11-09
INV_00000153,WH_00000005,PROD_00000043,497,26,2024-09-16
INV_00000154,WH_00000007,PROD_00000170,26,81,2025-10-18
INV_00000155,WH_00000002,PROD_00000340,396,43,2024-09-24
INV_00000156,WH_00000007,PROD_00000169,440,78,2024-02-01
INV_00000157,WH_00000007,PROD_00000815,187,73,2024-06-25
INV_00000158,WH_00000007,PROD_00000538,139,53,2024-04-13
INV_00000159,WH_00000005,PROD_00000692,8,38,2024-08-23
INV_00000160,WH_00000009,PROD_00000472,233,71,2024-04-02
INV_00000161,WH_00000002,PROD_00000662,91,25,2024-07-19
INV_00000162,WH_00000004,PROD_00000645,76,87,2025-08-19
INV_00000163,WH_00000002,PROD_00000143,339,61,2024-02-04
INV_00000164,WH_00000008,PROD_00000676,243,11,2024-04-26
INV_00000165,WH_00000001,PROD_00000101,332,70,2025-11-18
INV_00000166,WH_00000009,PROD_00000575,154,13,2025-04-02
INV_00000167,WH_00000005,PROD_00000605,217,61,2025-04-15
INV_00000168,WH_00000003,PROD_00000719,446,50,2025-02-02
INV_00000169,WH_00000004,PROD_00000475,476,61,2025-08-19
INV_00000170,WH_00000001,PROD_00000945,284,40,2024-04-26
INV_00000171,WH_00000003,PROD_00000311,149,35,2024-12-27
INV_00000172,WH_00000008,PROD_00000584,328,36,2024-07-22
INV_00000173,WH_00000002,PROD_00000060,87,60,2024-05-25
INV_00000174,WH_00000002,PROD_00000953,105,57,2025-03-19
INV_00000175,WH_00000009,PROD_00000029,402,20,2025-12-27
INV_00000176,WH_00000005,PROD_00000531,293,17,2025-09-08
INV_00000177,WH_00000005,PROD_00000991,94,21,2024-10-23
INV_00000178,WH_00000001,PROD_00000073,252,54,2025-08-03
INV_00000179,WH_00000006,PROD_00000394,38,43,2025-05-01
INV_00000180,WH_00000008,PROD_00000869,398,86,2024-08-18
INV_00000181,WH_00000006,PROD_00000394,254,81,2024-07-21
INV_00000182,WH_00000007,PROD_00000758,53,56,2024-12-27
INV_00000183,WH_00000004,PROD_00000481,415,30,2025-01-29
INV_00000184,WH_00000002,PROD_00000473,242,50,2024-09-04
INV_00000185,WH_00000001,PROD_00000313,109,84,2025-03-15
INV_00000186,WH_00000006,PROD_00000438,253,31,2025-01-30
INV_00000187,WH_00000009,PROD_00000952,111,30,2025-10-17
INV_00000188,WH_00000010,PROD_00000324,173,37,2024-12-21
INV_00000189,WH_00000005,PROD_00000965,188,76,2025-02-04
INV_00000190,WH_00000002,PROD_00000087,220,80,2024-08-28
INV_00000191,WH_00000001,PROD_00000359,248,23,2024-12-06
INV_00000192,WH_00000003,PROD_00000695,51,88,2024-08-16
INV_00000193,WH_00000004,PROD_00000197,161,82,2025-06-26
INV_00000194,WH_00000007,PROD_00000756,456,61,2025-09-12
INV_00000195,WH_00000009,PROD_00000840,34,52,2025-06-22
INV_00000196,WH_00000008,PROD_00000977,453,80,2025-11-02
INV_00000197,WH_00000009,PROD_00000385,36,85,2025-06-12
INV_00000198,WH_00000007,PROD_00000118,333,28,2024-09-23
INV_00000199,WH_00000010,PROD_00000498,316,36,2024-05-08
INV_00000200,WH_00000008,PROD_00000908,110,27,2024-08-07
INV_00000201,WH_00000008,PROD_00000931,369,22,2024-03-22
INV_00000202,WH_00000001,PROD_00000884,176,10,2025-07-14
INV_00000203,WH_00000009,PROD_00000462,8,94,2025-07-06
INV_00000204,WH_00000002,PROD_00000496,274,43,2024-01-20
INV_00000205,WH_00000007,PROD_00000594,470,22,2024-11-22
INV_00000206,WH_00000010,PROD_00000970,120,60,2024-02-06
INV_00000207,WH_00000010,PROD_00000247,104,96,2025-01-16
INV_00000208,WH_00000005,PROD_00000975,155,10,2024-02-08
INV_00000209,WH_00000004,PROD_00000234,335,96,2024-04-18
INV_00000210,WH_00000001,PROD_00000417,25,37,2025-03-04
INV_00000211,WH_00000001,PROD_00000467,421,41,2024-03-04
INV_00000212,WH_00000003,PROD_00000482,295,81,2024-06-23
INV_00000213,WH_00000001,PROD_00000365,24,64,2024-02-01
INV_00000214,WH_00000008,PROD_00000153,354,35,2025-12-21
INV_00000215,WH_00000003,PROD_00000272,373,23,2025-06-14
INV_00000216,WH_00000010,PROD_00000392,68,97,2024-04-15
INV_00000217,WH_00000002,PROD_00000547,326,77,2025-04-26
INV_00000218,WH_00000006,PROD_00000725,150,72,2024-07-24
INV_00000219,WH_00000004,PROD_00000723,344,91,2024-09-03
INV_00000220,WH_00000004,PROD_00000430,64,23,2025-11-09
INV_00000221,WH_00000002,PROD_00000651,149,36,2024-03-29
INV_00000222,WH_00000002,PROD_00000189,319,50,2024-11-11
INV_00000223,WH_00000006,PROD_00000812,244,12,2024-01-11
INV_00000224,WH_00000005,PROD_00000907,451,68,2024-02-18
INV_00000225,WH_00000009,PROD_00000252,57,32,2025-07-26
INV_00000226,WH_00000004,PROD_00000395,155,27,2024-06-19
INV_00000227,WH_00000005,PROD_00000662,111,83,2024-05-22
INV_00000228,WH_00000001,PROD_00000853,122,85,2024-07-25
INV_00000229,WH_00000002,PROD_00000219,461,50,2025-04-07
INV_00000230,WH_00000003,PROD_00000594,352,17,2025-05-23
INV_00000231,WH_00000005,PROD_00000190,451,41,2024-07-19
INV_00000232,WH_00000005,PROD_00000234,361,90,2024-01-05
INV_00000233,WH_00000004,PROD_00000688,202,50,2024-07-29
INV_00000234,WH_00000010,PROD_00000232,486,54,2024-01-29
INV_00000235,WH_00000003,PROD_00000358,479,87,2024-07-08
INV_00000236,WH_00000009,PROD_00000478,3,18,2024-07-06
INV_00000237,WH_00000001,PROD_00000575,128,99,2024-05-29
INV_00000238,WH_00000006,PROD_00000947,25,57,2025-06-08
INV_00000239,WH_00000007,PROD_00000429,288,33,2024-12-31
INV_00000240,WH_00000010,PROD_00000237,464,96,2024-06-05
INV_00000241,WH_00000004,PROD_00000033,26,53,2024-03-20
INV_00000242,WH_00000010,PROD_00000213,41,67,2024-09-29
INV_00000243,WH_00000003,PROD_00000572,452,75,2025-10-21
INV_00000244,WH_00000008,PROD_00000379,70,27,2025-12-18
INV_00000245,WH_00000009,PROD_00000002,63,89,2025-09-17
INV_00000246,WH_00000001,PROD_00000909,24,38,2025-06-01
INV_00000247,WH_00000010,PROD_00000450,71,84,2024-08-19
INV_00000248,WH_00000009,PROD_00000569,481,11,2025-10-10
INV_00000249,WH_00000007,PROD_00000427,360,87,2024-06-08
INV_00000250,WH_00000001,PROD_00000813,387,77,2024-12-09
INV_00000251,WH_00000007,PROD_00000799,267,48,2024-10-15
INV_00000252,WH_00000005,PROD_00000650,313,82,2024-07-23
INV_00000253,WH_00000010,PROD_00000279,94,50,2024-10-31
INV_00000254,WH_00000007,PROD_00000214,394,80,2024-12-25
INV_00000255,WH_00000009,PROD_00000751,356,90,2025-10-31
INV_00000256,WH_00000008,PROD_00000285,363,96,2025-02-03
INV_00000257,WH_00000006,PROD_00000993,314,84,2025-03-24
INV_00000258,WH_00000002,PROD_00000543,116,31,2024-04-15
INV_00000259,WH_00000008,PROD_00000718,163,91,2024-03-22
INV_00000260,WH_00000004,PROD_00000970,364,58,2024-12-07
INV_00000261,WH_00000008,PROD_00000274,277,37,2025-02-24
INV_00000262,WH_00000007,PROD_00000011,64,25,2024-02-18
INV_00000263,WH_00000004,PROD_00000871,305,77,2024-07-24
INV_00000264,WH_00000008,PROD_00000047,259,71,2024-08-05
INV_00000265,WH_00000002,PROD_00000515,227,45,2025-11-06
INV_00000266,WH_00000009,PROD_00000642,199,31,2025-03-11
INV_00000267,WH_00000006,PROD_00000438,472,20,2024-11-17
INV_00000268,WH_00000007,PROD_00000584,219,94,2024-08-18
INV_00000269,WH_00000010,PROD_00000671,179,89,2025-12-11
INV_00000270,WH_00000001,PROD_00000904,357,51,2025-05-01
INV_00000271,WH_00000003,PROD_00000427,227,64,2025-03-04
INV_00000272,WH_00000010,PROD_00000432,483,82,2025-12-26
INV_00000273,WH_00000005,PROD_00000130,251,44,2024-10-10
INV_00000274,WH_00000007,PROD_00000022,298,66,2025-04-30
INV_00000275,WH_00000001,PROD_00000892,360,43,2024-10-02
INV_00000276,WH_00000009,PROD_00000389,429,82,2025-03-08
INV_00000277,WH_00000005,PROD_00000135,3,86,2024-07-03
INV_00000278,WH_00000003,PROD_00000532,140,79,2025-12-22
INV_00000279,WH_00000007,PROD_00000220,165,13,2025-09-24
INV_00000280,WH_00000010,PROD_00000333,253,55,2024-08-03
INV_00000281,WH_00000008,PROD_00000130,428,20,2024-04-06
INV_00000282,WH_00000010,PROD_00000032,152,70,2024-04-28
INV_00000283,WH_00000010,PROD_00000602,66,44,2024-12-30
INV_00000284,WH_00000003,PROD_00000771,54,78,2025-02-06
INV_00000285,WH_00000007,PROD_00000425,95,66,2025-09-09
INV_00000286,WH_00000007,PROD_00000298,166,20,2025-01-31
INV_00000287,WH_00000004,PROD_00000504,320,21,2025-04-02
INV_00000288,WH_00000010,PROD_00000845,330,52,2024-11-13
INV_00000289,WH_00000009,PROD_00000761,385,28,2025-01-16
INV_00000290,WH_00000001,PROD_00000981,452,86,2024-05-21
INV_00000291,WH_00000001,PROD_00000685,375,77,2025-04-01
INV_00000292,WH_00000005,PROD_00000357,341,87,2025-05-15
INV_00000293,WH_00000003,PROD_00000983,61,68,2024-11-18
INV_00000294,WH_00000010,PROD_00000455,173,11,2024-09-24
INV_00000295,WH_00000009,PROD_00000401,252,17,2025-05-01
INV_00000296,WH_00000005,PROD_00000988,460,31,2025-11-09
INV_00000297,WH_00000007,PROD_00000896,111,86,2024-06-08
INV_00000298,WH_00000001,PROD_00000559,214,30,2024-01-14
INV_00000299,WH_00000002,PROD_00000990,238,94,2025-12-05
INV_00000300,WH_00000004,PROD_00000709,414,38,2024-06-03
INV_00000301,WH_00000009,PROD_00000920,226,95,2024-04-10
INV_00000302,WH_00000005,PROD_00000455,229,99,2025-07-25
INV_00000303,WH_00000005,PROD_00000891,232,84,2024-02-12
INV_00000304,WH_00000009,PROD_00000034,162,84,2024-07-11
INV_00000305,WH_00000008,PROD_00000766,125,92,2024-11-06
INV_00000306,WH_00000002,PROD_00000248,428,46,2025-09-12
INV_00000307,WH_00000007,PROD_00000946,252,87,2025-08-27
INV_00000308,WH_00000001,PROD_00000042,332,38,2025-12-28
INV_00000309,WH_00000010,PROD_00000801,437,92,2025-04-09
INV_00000310,WH_00000009,PROD_00000123,198,46,2024-06-11
INV_00000311,WH_00000003,PROD_00000027,196,30,2024-12-16
INV_00000312,WH_00000002,PROD_00000462,121,97,2024-08-21
INV_00000313,WH_00000004,PROD_00000571,412,99,2025-02-06
INV_00000314,WH_00000004,PROD_00000147,455,21,2024-12-16
INV_00000315,WH_00000003,PROD_00000496,263,57,2024-06-15
INV_00000316,WH_00000002,PROD_00000627,53,92,2024-05-27
INV_00000317,WH_00000005,PROD_00000486,134,56,2024-01-28
INV_00000318,WH_00000004,PROD_00000460,338,24,2024-09-15
INV_00000319,WH_00000005,PROD_00000899,358,76,2025-08-20
INV_00000320,WH_00000008,PROD_00000711,150,22,2025-09-11
INV_00000321,WH_00000002,PROD_00000128,99,68,2025-03-17
INV_00000322,WH_00000009,PROD_00000376,233,82,2025-09-20
INV_00000323,WH_00000010,PROD_00000995,31,22,2025-06-10
INV_00000324,WH_00000001,PROD_00000665,61,89,2024-07-29
INV_00000325,WH_00000008,PROD_00000881,428,87,2025-06-26
INV_00000326,WH_00000005,PROD_00000783,195,81,2025-03-20
INV_00000327,WH_00000002,PROD_00000851,29,28,2025-03-28
INV_00000328,WH_00000008,PROD_00000956,242,66,2025-11-27
INV_00000329,WH_00000005,PROD_00000083,105,41,2025-02-07
INV_00000330,WH_00000010,PROD_00000535,294,96,2024-03-06
INV_00000331,WH_00000010,PROD_00000523,132,30,2025-02-08
INV_00000332,WH_00000003,PROD_00000699,450,91,2025-07-28
INV_00000333,WH_00000007,PROD_00000981,21,23,2025-03-10
INV_00000334,WH_00000004,PROD_00000628,155,89,2024-08-15
INV_00000335,WH_00000010,PROD_00000674,405,33,2025-04-20
INV_00000336,WH_00000006,PROD_00000103,383,58,2025-04-12
INV_00000337,WH_00000010,PROD_00000755,213,41,2024-04-10
INV_00000338,WH_00000008,PROD_00000519,225,84,2025-02-26
INV_00000339,WH_00000001,PROD_00000362,284,20,2024-12-21
INV_00000340,WH_00000002,PROD_00000684,170,69,2024-05-18
INV_00000341,WH_00000008,PROD_00000256,41,77,2025-09-22
INV_00000342,WH_00000007,PROD_00000247,59,70,2025-07-22
INV_00000343,WH_00000010,PROD_00000987,374,99,2024-05-10
INV_00000344,WH_00000009,PROD_00000192,76,14,2025-07-02
INV_00000345,WH_00000002,PROD_00000626,454,45,2025-04-12
INV_00000346,WH_00000008,PROD_00000535,201,73,2025-04-24
INV_00000347,WH_00000006,PROD_00000870,219,87,2024-04-20
INV_00000348,WH_00000001,PROD_00000314,451,41,2024-06-01
INV_00000349,WH_00000004,PROD_00000276,186,80,2024-08-29
INV_00000350,WH_00000002,PROD_00000923,95,83,2025-12-20
INV_00000351,WH_00000007,PROD_00000373,341,75,2025-11-12
INV_00000352,WH_00000009,PROD_00000444,211,19,2024-10-05
INV_00000353,WH_00000006,PROD_00000648,367,30,2024-12-28
INV_00000354,WH_00000004,PROD_00000869,339,49,2025-09-16
INV_00000355,WH_00000005,PROD_00000195,261,51,2025-02-11
INV_00000356,WH_00000001,PROD_00000258,328,81,2024-06-23
INV_00000357,WH_00000004,PROD_00000790,411,55,2025-08-23
INV_00000358,WH_00000010,PROD_00000582,76,91,2024-05-14
INV_00000359,WH_00000003,PROD_00000871,30,82,2025-05-20
INV_00000360,WH_00000009,PROD_00000360,38,50,2024-10-20
INV_00000361,WH_00000006,PROD_00000548,305,13,2025-05-09
INV_00000362,WH_00000004,PROD_00000108,333,23,2025-02-22
INV_00000363,WH_00000003,PROD_00000024,213,23,2024-07-24
INV_00000364,WH_00000004,PROD_00000652,125,62,2024-11-13
INV_00000365,WH_00000008,PROD_00000465,164,93,2024-03-13
INV_00000366,WH_00000005,PROD_00000022,245,38,2024-09-15
INV_00000367,WH_00000001,PROD_00000502,108,32,2024-12-23
INV_00000368,WH_00000005,PROD_00000851,87,94,2024-05-27
INV_00000369,WH_00000008,PROD_00000841,199,40,2024-08-12
INV_00000370,WH_00000004,PROD_00000716,270,80,2024-04-14
INV_00000371,WH_00000002,PROD_00000892,50,86,2025-07-09
INV_00000372,WH_00000003,PROD_00000736,488,70,2024-12-21
INV_00000373,WH_00000009,PROD_00000501,197,32,2025-06-21
INV_00000374,WH_00000007,PROD_00000735,22,17,2024-09-17
INV_00000375,WH_00000003,PROD_00000593,152,85,2025-07-24
INV_00000376,WH_00000005,PROD_00000407,222,25,2025-07-26
INV_00000377,WH_00000003,PROD_00000330,429,35,2024-03-10
INV_00000378,WH_00000010,PROD_00000703,220,38,2025-03-22
INV_00000379,WH_00000004,PROD_00000286,150,15,2025-03-22
INV_00000380,WH_00000008,PROD_00000147,265,46,2024-09-13
INV_00000381,WH_00000003,PROD_00000794,72,42,2025-09-28
INV_00000382,WH_00000003,PROD_00000986,368,55,2025-06-14
INV_00000383,WH_00000008,PROD_00000384,76,70,2024-04-28
INV_00000384,WH_00000010,PROD_00000011,31,50,2024-03-06
INV_00000385,WH_00000010,PROD_00000276,368,27,2024-09-01
INV_00000386,WH_00000007,PROD_00000886,434,25,2024-02-26
INV_00000387,WH_00000007,PROD_00000568,492,60,2024-02-13
INV_00000388,WH_00000010,PROD_00000685,424,46,2025-06-07
INV_00000389,WH_00000002,PROD_00000964,64,23,2025-02-27
INV_00000390,WH_00000007,PROD_00000303,448,77,2025-06-19
INV_00000391,WH_00000010,PROD_00000204,356,39,2025-01-29
INV_00000392,WH_00000010,PROD_00000345,423,69,2025-03-25
INV_00000393,WH_00000003,PROD_00000760,17,62,2024-09-13
INV_00000394,WH_00000007,PROD_00000826,163,45,2024-12-26
INV_00000395,WH_00000004,PROD_00000266,286,39,2025-08-28
INV_00000396,WH_00000008,PROD_00000022,53,73,2025-01-14
INV_00000397,WH_00000008,PROD_00000839,62,23,2025-03-18
INV_00000398,WH_00000006,PROD_00000536,256,32,2025-06-17
INV_00000399,WH_00000003,PROD_00000706,238,57,2025-04-18
INV_00000400,WH_00000006,PROD_00000096,435,37,2024-06-05
INV_00000401,WH_00000006,PROD_00000981,483,16,2024-03-29
INV_00000402,WH_00000003,PROD_00000445,440,51,2024-07-20
INV_00000403,WH_00000004,PROD_00000263,8,19,2025-04-06
INV_00000404,WH_00000002,PROD_00000584,469,77,2025-04-25
INV_00000405,WH_00000001,PROD_00000755,119,53,2025-12-09
INV_00000406,WH_00000002,PROD_00000383,347,22,2025-07-10
INV_00000407,WH_00000007,PROD_00000550,89,94,2025-03-29
INV_00000408,WH_00000010,PROD_00000917,371,42,2025-04-14
INV_00000409,WH_00000005,PROD_00000392,457,96,2025-01-14
INV_00000410,WH_00000009,PROD_00000889,311,41,2025-02-04
INV_00000411,WH_00000003,PROD_00000601,174,57,2024-03-19
INV_00000412,WH_00000002,PROD_00000540,2,14,2025-07-04
INV_00000413,WH_00000004,PROD_00000092,129,70,2025-01-20
INV_00000414,WH_00000002,PROD_00000566,53,99,2025-10-28
INV_00000415,WH_00000007,PROD_00000159,292,99,2025-10-22
INV_00000416,WH_00000010,PROD_00000884,183,12,2024-12-08
INV_00000417,WH_00000006,PROD_00000228,414,33,2025-03-20
INV_00000418,WH_00000008,PROD_00000473,352,43,2024-02-21
INV_00000419,WH_00000005,PROD_00000372,223,93,2024-09-07
INV_00000420,WH_00000002,PROD_00000376,490,51,2025-10-20
INV_00000421,WH_00000004,PROD_00000553,11,29,2024-11-24
INV_00000422,WH_00000001,PROD_00000037,441,50,2025-05-08
INV_00000423,WH_00000002,PROD_00000637,194,91,2024-12-15
INV_00000424,WH_00000004,PROD_00000934,246,29,2025-04-03
INV_00000425,WH_00000006,PROD_00000691,367,15,2025-05-12
INV_00000426,WH_00000004,PROD_00000844,153,66,2024-05-04
INV_00000427,WH_00000004,PROD_00000037,77,51,2024-07-22
INV_00000428,WH_00000010,PROD_00000101,139,34,2025-10-04
INV_00000429,WH_00000010,PROD_00000543,499,50,2024-01-21
INV_00000430,WH_00000002,PROD_00000190,89,50,2025-08-12
INV_00000431,WH_00000009,PROD_00000512,143,12,2025-07-16
INV_00000432,WH_00000010,PROD_00000658,436,52,2024-12-27
INV_00000433,WH_00000008,PROD_00000090,71,55,2024-12-26
INV_00000434,WH_00000008,PROD_00000006,432,66,2024-04-25
INV_00000435,WH_00000005,PROD_00000905,176,92,2024-02-24
INV_00000436,WH_00000003,PROD_00000139,347,83,2024-10-18
INV_00000437,WH_00000006,PROD_00000095,262,60,2024-02-20
INV_00000438,WH_00000009,PROD_00000631,270,14,2024-09-10
INV_00000439,WH_00000008,PROD_00000878,104,95,2025-05-06
INV_00000440,WH_00000007,PROD_00000632,419,82,2025-07-26
INV_00000441,WH_00000008,PROD_00000386,71,24,2024-08-12
INV_00000442,WH_00000004,PROD_00000123,73,97,2025-04-13
INV_00000443,WH_00000006,PROD_00000285,142,48,2024-04-12
INV_00000444,WH_00000005,PROD_00000366,61,79,2024-02-17
INV_00000445,WH_00000002,PROD_00000889,145,88,2024-12-07
INV_00000446,WH_00000008,PROD_00000691,45,47,2024-08-20
INV_00000447,WH_00000003,PROD_00000490,228,48,2025-08-04
INV_00000448,WH_00000005,PROD_00000325,104,61,2025-07-12
INV_00000449,WH_00000008,PROD_00000407,108,95,2024-08-15
INV_00000450,WH_00000009,PROD_00000996,316,12,2025-06-05
INV_00000451,WH_00000009,PROD_00000519,120,38,2025-11-27
INV_00000452,WH_00000005,PROD_00000896,498,40,2025-08-14
INV_00000453,WH_00000002,PROD_00000824,42,75,2024-01-13
INV_00000454,WH_00000007,PROD_00000639,427,54,2025-05-13
INV_00000455,WH_00000007,PROD_00000077,98,82,2025-03-20
INV_00000456,WH_00000008,PROD_00000234,193,31,2024-12-05
INV_00000457,WH_00000008,PROD_00000830,310,92,2024-11-19
INV_00000458,WH_00000005,PROD_00000586,213,19,2025-08-18
INV_00000459,WH_00000001,PROD_00000484,462,30,2025-08-20
INV_00000460,WH_00000004,PROD_00000464,228,26,2024-06-05
INV_00000461,WH_00000004,PROD_00000271,422,76,2025-10-17
INV_00000462,WH_00000003,PROD_00000821,483,16,2025-07-28
INV_00000463,WH_00000008,PROD_00000939,388,45,2025-03-06
INV_00000464,WH_00000003,PROD_00000467,184,76,2025-07-08
INV_00000465,WH_00000005,PROD_00000469,111,86,2025-02-10
INV_00000466,WH_00000002,PROD_00000632,398,39,2024-06-06
INV_00000467,WH_00000006,PROD_00000547,346,96,2024-07-03
INV_00000468,WH_00000006,PROD_00000719,271,80,2025-05-05
INV_00000469,WH_00000008,PROD_00000270,312,38,2025-06-19
INV_00000470,WH_00000008,PROD_00000605,483,81,2024-12-22
INV_00000471,WH_00000001,PROD_00000965,101,83,2025-12-17
INV_00000472,WH_00000005,PROD_00000378,209,42,2024-12-27
INV_00000473,WH_00000002,PROD_00000177,226,68,2024-08-11
INV_00000474,WH_00000010,PROD_00000274,280,29,2025-09-04
INV_00000475,WH_00000005,PROD_00000691,21,38,2024-07-22
INV_00000476,WH_00000010,PROD_00000641,247,62,2024-01-08
INV_00000477,WH_00000009,PROD_00000637,158,94,2025-04-16
INV_00000478,WH_00000004,PROD_00000027,378,10,2024-06-20
INV_00000479,WH_00000008,PROD_00000576,228,43,2025-12-20
INV_00000480,WH_00000001,PROD_00000060,417,53,2024-04-05
INV_00000481,WH_00000008,PROD_00000731,342,23,2025-11-04
INV_00000482,WH_00000006,PROD_00000217,399,46,2025-08-30
INV_00000483,WH_00000008,PROD_00000681,453,44,2024-11-01
INV_00000484,WH_00000006,PROD_00000661,186,68,2025-10-18
INV_00000485,WH_00000003,PROD_00000270,142,33,2024-09-14
INV_00000486,WH_00000008,PROD_00000116,337,74,2025-04-18
INV_00000487,WH_00000005,PROD_00000245,357,15,2024-10-26
INV_00000488,WH_00000010,PROD_00000660,396,77,2025-04-09
INV_00000489,WH_00000005,PROD_00000604,23,47,2025-09-05
INV_00000490,WH_00000007,PROD_00000085,140,10,2025-11-19
INV_00000491,WH_00000006,PROD_00000599,448,50,2024-11-23
INV_00000492,WH_00000009,PROD_00000907,239,40,2024-04-19
INV_00000493,WH_00000007,PROD_00000632,291,45,2025-12-10
INV_00000494,WH_00000003,PROD_00000450,304,82,2024-05-08
INV_00000495,WH_00000005,PROD_00000852,81,63,2024-05-16
INV_00000496,WH_00000009,PROD_00000536,47,96,2025-06-22
INV_00000497,WH_00000010,PROD_00000887,352,40,2025-10-10
INV_00000498,WH_00000002,PROD_00000089,357,38,2024-06-12
INV_00000499,WH_00000001,PROD_00000549,170,94,2024-12-14
INV_00000500,WH_00000008,PROD_00000854,261,12,2025-04-07
INV_00000501,WH_00000008,PROD_00000895,464,67,2025-10-04
INV_00000502,WH_00000002,PROD_00000507,67,99,2025-05-18
INV_00000503,WH_00000008,PROD_00000408,13,70,2024-05-30
INV_00000504,WH_00000005,PROD_00000271,29,15,2024-09-02
INV_00000505,WH_00000002,PROD_00000524,109,29,2024-04-19
INV_00000506,WH_00000007,PROD_00000494,211,70,2025-08-07
INV_00000507,WH_00000007,PROD_00000607,263,55,2024-10-01
INV_00000508,WH_00000003,PROD_00000448,437,22,2024-03-07
INV_00000509,WH_00000001,PROD_00000543,321,32,2024-02-19
INV_00000510,WH_00000004,PROD_00000949,484,88,2025-05-29
INV_00000511,WH_00000002,PROD_00000350,387,40,2024-08-13
INV_00000512,WH_00000004,PROD_00000745,201,13,2025-07-31
INV_00000513,WH_00000008,PROD_00000852,83,84,2025-05-20
INV_00000514,WH_00000002,PROD_00000328,443,75,2024-06-03
INV_00000515,WH_00000001,PROD_00000812,375,25,2025-04-24
INV_00000516,WH_00000003,PROD_00000286,52,40,2024-04-20
INV_00000517,WH_00000010,PROD_00000035,354,57,2025-04-27
INV_00000518,WH_00000007,PROD_00000533,495,52,2024-09-30
INV_00000519,WH_00000006,PROD_00000623,255,13,2024-06-03
INV_00000520,WH_00000006,PROD_00000488,73,71,2025-10-12
INV_00000521,WH_00000007,PROD_00000831,219,57,2024-06-15
INV_00000522,WH_00000008,PROD_00000860,142,37,2024-01-19
INV_00000523,WH_00000003,PROD_00000487,99,25,2024-12-10
INV_00000524,WH_00000003,PROD_00000145,128,98,2025-07-22
INV_00000525,WH_00000010,PROD_00000524,405,86,2024-10-20
INV_00000526,WH_00000008,PROD_00000756,218,78,2025-10-06
INV_00000527,WH_00000007,PROD_00000146,476,39,2025-04-06
INV_00000528,WH_00000010,PROD_00000751,270,74,2024-12-03
INV_00000529,WH_00000005,PROD_00000503,457,78,2025-03-27
INV_00000530,WH_00000004,PROD_00000604,467,23,2024-12-09
INV_00000531,WH_00000006,PROD_00000828,21,84,2025-12-17
INV_00000532,WH_00000009,PROD_00000835,177,43,2025-09-22
INV_00000533,WH_00000006,PROD_00000627,47,65,2024-03-25
INV_00000534,WH_00000008,PROD_00000527,116,38,2025-11-27
INV_00000535,WH_00000001,PROD_00000272,328,91,2025-10-21
INV_00000536,WH_00000006,PROD_00000534,375,88,2025-01-23
INV_00000537,WH_00000002,PROD_00000630,178,34,2024-08-14
INV_00000538,WH_00000003,PROD_00000881,479,75,2024-10-12
INV_00000539,WH_00000006,PROD_00000095,272,49,2024-10-10
INV_00000540,WH_00000002,PROD_00000447,361,24,2025-11-23
INV_00000541,WH_00000004,PROD_00000415,338,41,2024-04-18
INV_00000542,WH_00000006,PROD_00000257,359,29,2024-05-14
INV_00000543,WH_00000005,PROD_00000843,346,62,2024-10-17
INV_00000544,WH_00000006,PROD_00000262,178,87,2025-09-06
INV_00000545,WH_00000006,PROD_00000087,420,76,2025-12-13
INV_00000546,WH_00000008,PROD_00000905,481,58,2025-05-22
INV_00000547,WH_00000009,PROD_00000436,494,76,2025-09-20
INV_00000548,WH_00000005,PROD_00000976,48,86,2024-01-29
INV_00000549,WH_00000006,PROD_00000830,314,98,2025-01-28
INV_00000550,WH_00000006,PROD_00000570,393,91,2024-01-27
INV_00000551,WH_00000006,PROD_00000742,254,10,2025-04-11
INV_00000552,WH_00000002,PROD_00000108,29,48,2024-01-13
INV_00000553,WH_00000004,PROD_00000019,84,70,2025-07-07
INV_00000554,WH_00000001,PROD_00000365,276,64,2025-03-20
INV_00000555,WH_00000001,PROD_00000653,33,78,2024-08-11
INV_00000556,WH_00000001,PROD_00000379,328,11,2025-04-07
INV_00000557,WH_00000007,PROD_00000160,97,26,2024-01-21
INV_00000558,WH_00000001,PROD_00000100,433,38,2025-01-21
INV_00000559,WH_00000006,PROD_00000265,75,13,2025-10-09
INV_00000560,WH_00000002,PROD_00000750,174,82,2024-11-21
INV_00000561,WH_00000006,PROD_00000750,340,73,2025-04-11
INV_00000562,WH_00000006,PROD_00000049,248,94,2025-10-18
INV_00000563,WH_00000003,PROD_00000677,339,52,2025-06-05
INV_00000564,WH_00000008,PROD_00000799,133,85,2024-08-12
INV_00000565,WH_00000004,PROD_00000415,177,21,2025-10-14
INV_00000566,WH_00000007,PROD_00000059,364,59,2025-04-19
INV_00000567,WH_00000004,PROD_00000183,227,77,2025-09-09
INV_00000568,WH_00000001,PROD_00000659,62,70,2025-12-06
INV_00000569,WH_00000006,PROD_00000447,267,82,2025-04-02
INV_00000570,WH_00000005,PROD_00000898,424,60,2025-10-01
INV_00000571,WH_00000009,PROD_00000301,414,86,2024-07-31
INV_00000572,WH_00000009,PROD_00000608,257,92,2025-10-24
INV_00000573,WH_00000008,PROD_00000555,143,87,2025-04-25
INV_00000574,WH_00000007,PROD_00000354,384,14,2024-06-28
INV_00000575,WH_00000002,PROD_00000769,387,37,2025-06-21
INV_00000576,WH_00000008,PROD_00000213,302,99,2025-06-10
INV_00000577,WH_00000003,PROD_00000189,499,19,2024-01-22
INV_00000578,WH_00000006,PROD_00000643,448,97,2024-12-10
INV_00000579,WH_00000010,PROD_00000347,51,90,2025-07-30
INV_00000580,WH_00000007,PROD_00000812,302,61,2024-01-21
INV_00000581,WH_00000006,PROD_00000903,98,89,2025-02-11
INV_00000582,WH_00000005,PROD_00000801,460,26,2025-05-01
INV_00000583,WH_00000004,PROD_00000137,305,74,2025-06-11
INV_00000584,WH_00000002,PROD_00000030,44,30,2025-02-19
INV_00000585,WH_00000009,PROD_00000146,41,63,2024-09-28
INV_00000586,WH_00000007,PROD_00000824,478,58,2024-07-23
INV_00000587,WH_00000007,PROD_00000986,467,31,2024-10-24
INV_00000588,WH_00000004,PROD_00000468,439,78,2025-11-02
INV_00000589,WH_00000005,PROD_00000998,326,73,2025-07-06
INV_00000590,WH_00000006,PROD_00000617,56,45,2024-04-17
INV_00000591,WH_00000002,PROD_00000503,487,30,2025-09-28
INV_00000592,WH_00000004,PROD_00000799,32,65,2024-05-31
INV_00000593,WH_00000004,PROD_00000968,411,82,2024-01-13
INV_00000594,WH_00000004,PROD_00000191,113,57,2025-12-15
INV_00000595,WH_00000007,PROD_00000471,299,85,2024-03-19
INV_00000596,WH_00000007,PROD_00000690,113,27,2025-07-07
INV_00000597,WH_00000007,PROD_00000345,55,24,2024-06-17
INV_00000598,WH_00000007,PROD_00000751,43,53,2024-09-05
INV_00000599,WH_00000002,PROD_00000001,211,54,2024-04-30
INV_00000600,WH_00000005,PROD_00000110,351,45,2025-01-21
INV_00000601,WH_00000010,PROD_00000850,328,49,2025-03-14
INV_00000602,WH_00000002,PROD_00000787,33,60,2024-09-28
INV_00000603,WH_00000005,PROD_00000883,269,39,2024-10-26
INV_00000604,WH_00000006,PROD_00000894,195,35,2025-12-21
INV_00000605,WH_00000003,PROD_00000746,412,94,2025-04-17
INV_00000606,WH_00000006,PROD_00000064,124,40,2024-06-06
INV_00000607,WH_00000005,PROD_00000756,78,65,2025-09-24
INV_00000608,WH_00000004,PROD_00000053,254,70,2024-08-14
INV_00000609,WH_00000010,PROD_00000262,144,26,2025-02-24
INV_00000610,WH_00000009,PROD_00000529,82,90,2024-01-24
INV_00000611,WH_00000008,PROD_00000302,229,33,2025-06-21
INV_00000612,WH_00000007,PROD_00000968,136,13,2025-07-23
INV_00000613,WH_00000001,PROD_00000886,26,18,2025-09-29
INV_00000614,WH_00000009,PROD_00000234,176,11,2025-06-23
INV_00000615,WH_00000009,PROD_00000073,206,44,2024-05-07
INV_00000616,WH_00000006,PROD_00000357,420,47,2024-04-03
INV_00000617,WH_00000007,PROD_00000951,411,54,2025-12-03
INV_00000618,WH_00000003,PROD_00000603,305,24,2025-02-24
INV_00000619,WH_00000005,PROD_00000484,310,51,2024-09-28
INV_00000620,WH_00000007,PROD_00000006,387,12,2025-04-28
INV_00000621,WH_00000001,PROD_00000710,212,40,2024-01-05
INV_00000622,WH_00000001,PROD_00000877,353,61,2024-06-05
INV_00000623,WH_00000005,PROD_00000708,402,50,2024-02-21
INV_00000624,WH_00000009,PROD_00000982,36,66,2024-08-30
INV_00000625,WH_00000007,PROD_00000808,387,51,2025-10-24
INV_00000626,WH_00000001,PROD_00000859,292,62,2025-02-23
INV_00000627,WH_00000005,PROD_00000997,178,65,2025-02-28
INV_00000628,WH_00000008,PROD_00000834,159,96,2024-03-20
INV_00000629,WH_00000008,PROD_00000137,428,85,2025-11-25
INV_00000630,WH_00000002,PROD_00000779,367,81,2024-12-19
INV_00000631,WH_00000007,PROD_00000404,11,62,2025-09-10
INV_00000632,WH_00000010,PROD_00000628,168,94,2025-10-27
INV_00000633,WH_00000005,PROD_00000555,311,94,2024-10-19
INV_00000634,WH_00000009,PROD_00000743,79,41,2025-12-17
INV_00000635,WH_00000003,PROD_00000570,13,90,2024-04-25
INV_00000636,WH_00000001,PROD_00000206,53,63,2025-06-12
INV_00000637,WH_00000004,PROD_00000410,446,46,2025-04-24
INV_00000638,WH_00000007,PROD_00000806,253,97,2024-10-14
INV_00000639,WH_00000001,PROD_00000606,64,17,2025-10-29
INV_00000640,WH_00000002,PROD_00000036,371,91,2025-04-21
INV_00000641,WH_00000005,PROD_00000230,57,20,2024-01-25
INV_00000642,WH_00000009,PROD_00000227,95,63,2025-03-06
INV_00000643,WH_00000001,PROD_00000695,20,69,2024-10-04
INV_00000644,WH_00000004,PROD_00000262,259,19,2024-11-12
INV_00000645,WH_00000003,PROD_00000131,72,99,2025-09-29
INV_00000646,WH_00000005,PROD_00000577,247,79,2024-12-23
INV_00000647,WH_00000005,PROD_00000892,126,90,2024-10-02
INV_00000648,WH_00000010,PROD_00000448,498,96,2025-11-20
INV_00000649,WH_00000002,PROD_00000186,45,51,2024-12-09
INV_00000650,WH_00000005,PROD_00000629,469,46,2025-03-06
INV_00000651,WH_00000009,PROD_00000186,267,89,2025-07-12
INV_00000652,WH_00000005,PROD_00000274,127,85,2025-12-12
INV_00000653,WH_00000010,PROD_00000663,29,67,2025-07-16
INV_00000654,WH_00000002,PROD_00000352,93,94,2025-03-14
INV_00000655,WH_00000007,PROD_00000413,223,68,2025-04-06
INV_00000656,WH_00000006,PROD_00000151,315,33,2024-09-26
INV_00000657,WH_00000007,PROD_00000384,99,37,2025-12-09
INV_00000658,WH_00000008,PROD_00000036,70,46,2025-03-06
INV_00000659,WH_00000010,PROD_00000326,80,30,2024-01-21
INV_00000660,WH_00000005,PROD_00000465,448,42,2024-05-22
INV_00000661,WH_00000002,PROD_00000466,397,11,2024-12-18
INV_00000662,WH_00000007,PROD_00000095,366,92,2025-04-09
INV_00000663,WH_00000007,PROD_00000134,299,37,2025-04-12
INV_00000664,WH_00000008,PROD_00000162,107,24,2025-05-27
INV_00000665,WH_00000007,PROD_00000556,101,10,2025-04-08
INV_00000666,WH_00000010,PROD_00000300,409,37,2025-01-28
INV_00000667,WH_00000007,PROD_00000795,90,59,2024-02-27
INV_00000668,WH_00000009,PROD_00000356,364,44,2024-05-05
INV_00000669,WH_00000008,PROD_00000240,15,37,2025-04-05
INV_00000670,WH_00000002,PROD_00000564,109,18,2024-02-21
INV_00000671,WH_00000002,PROD_00000938,262,33,2024-09-25
INV_00000672,WH_00000007,PROD_00000793,159,72,2024-04-05
INV_00000673,WH_00000010,PROD_00000586,252,13,2024-09-29
INV_00000674,WH_00000010,PROD_00000807,88,65,2024-11-18
INV_00000675,WH_00000003,PROD_00000750,94,50,2025-07-26
INV_00000676,WH_00000001,PROD_00000167,271,76,2025-11-23
INV_00000677,WH_00000009,PROD_00000140,246,57,2024-05-12
INV_00000678,WH_00000003,PROD_00000139,360,95,2024-03-29
INV_00000679,WH_00000001,PROD_00000881,377,67,2025-11-15
INV_00000680,WH_00000006,PROD_00000235,205,48,2024-01-05
INV_00000681,WH_00000004,PROD_00000003,344,34,2024-12-22
INV_00000682,WH_00000001,PROD_00000256,317,69,2024-12-08
INV_00000683,WH_00000004,PROD_00000371,285,95,2024-07-22
INV_00000684,WH_00000008,PROD_00000278,247,56,2025-11-04
INV_00000685,WH_00000007,PROD_00000516,454,70,2025-07-26
INV_00000686,WH_00000001,PROD_00000904,395,93,2025-04-15
INV_00000687,WH_00000010,PROD_00000782,66,36,2025-04-08
INV_00000688,WH_00000009,PROD_00000212,474,51,2025-05-11
INV_00000689,WH_00000006,PROD_00000216,45,61,2025-12-02
INV_00000690,WH_00000002,PROD_00000270,466,57,2024-03-03
INV_00000691,WH_00000003,PROD_00000476,42,41,2025-07-09
INV_00000692,WH_00000007,PROD_00000528,228,33,2024-08-26
INV_00000693,WH_00000003,PROD_00000928,438,12,2025-06-23
INV_00000694,WH_00000003,PROD_00000064,300,36,2024-07-16
INV_00000695,WH_00000005,PROD_00000751,443,82,2025-11-13
INV_00000696,WH_00000003,PROD_00000460,233,49,2024-01-30
INV_00000697,WH_00000003,PROD_00000016,198,32,2025-10-27
INV_00000698,WH_00000005,PROD_00000564,496,16,2024-07-27
INV_00000699,WH_00000005,PROD_00000019,335,90,2024-03-03
INV_00000700,WH_00000009,PROD_00000325,31,46,2024-02-26
INV_00000701,WH_00000001,PROD_00000908,263,16,2025-12-20
INV_00000702,WH_00000001,PROD_00000093,112,86,2025-03-08
INV_00000703,WH_00000009,PROD_00000773,460,91,2024-11-03
INV_00000704,WH_00000005,PROD_00000810,317,31,2025-07-28
INV_00000705,WH_00000004,PROD_00000017,458,87,2025-04-10
INV_00000706,WH_00000002,PROD_00000623,275,91,2025-10-14
INV_00000707,WH_00000009,PROD_00000840,145,26,2025-08-27
INV_00000708,WH_00000006,PROD_00000872,356,28,2024-04-16
INV_00000709,WH_00000009,PROD_00000488,5,48,2025-08-22
INV_00000710,WH_00000005,PROD_00000094,339,45,2024-10-27
INV_00000711,WH_00000004,PROD_00000010,479,24,2025-09-11
INV_00000712,WH_00000007,PROD_00000724,493,72,2024-02-15
INV_00000713,WH_00000005,PROD_00000749,107,38,2024-03-17
INV_00000714,WH_00000008,PROD_00000766,412,69,2025-12-29
INV_00000715,WH_00000008,PROD_00000528,259,65,2024-06-17
INV_00000716,WH_00000002,PROD_00000489,70,49,2024-05-08
INV_00000717,WH_00000005,PROD_00000144,426,25,2025-12-13
INV_00000718,WH_00000010,PROD_00000554,339,42,2025-12-08
INV_00000719,WH_00000008,PROD_00000515,161,98,2024-09-24
INV_00000720,WH_00000003,PROD_00000919,99,25,2025-08-22
INV_00000721,WH_00000007,PROD_00000470,326,39,2025-08-07
INV_00000722,WH_00000003,PROD_00000377,32,75,2025-02-22
INV_00000723,WH_00000006,PROD_00000668,142,53,2024-06-09
INV_00000724,WH_00000002,PROD_00000494,243,47,2024-02-27
INV_00000725,WH_00000006,PROD_00000685,223,60,2025-01-18
INV_00000726,WH_00000006,PROD_00000484,213,69,2025-05-24
INV_00000727,WH_00000008,PROD_00000452,119,27,2025-03-05
INV_00000728,WH_00000005,PROD_00000998,167,14,2024-12-05
INV_00000729,WH_00000001,PROD_00000536,348,49,2025-07-31
INV_00000730,WH_00000008,PROD_00000787,216,15,2024-01-26
INV_00000731,WH_00000009,PROD_00000075,388,85,2025-08-11
INV_00000732,WH_00000001,PROD_00000040,461,21,2025-01-06
INV_00000733,WH_00000005,PROD_00000302,433,21,2024-02-05
INV_00000734,WH_00000006,PROD_00000552,354,82,2025-06-14
INV_00000735,WH_00000004,PROD_00000062,321,31,2024-09-23
INV_00000736,WH_00000002,PROD_00000750,216,58,2025-03-07
INV_00000737,WH_00000005,PROD_00000503,53,59,2024-01-19
INV_00000738,WH_00000004,PROD_00000999,207,89,2024-12-04
INV_00000739,WH_00000007,PROD_00000245,429,13,2024-05-19
INV_00000740,WH_00000006,PROD_00000018,79,59,2024-03-07
INV_00000741,WH_00000003,PROD_00000652,394,12,2025-06-13
INV_00000742,WH_00000009,PROD_00000398,379,25,2025-01-03
INV_00000743,WH_00000004,PROD_00000594,432,23,2024-09-17
INV_00000744,WH_00000005,PROD_00000189,482,73,2025-09-15
INV_00000745,WH_00000003,PROD_00000620,150,50,2025-09-18
INV_00000746,WH_00000008,PROD_00000746,54,77,2025-11-08
INV_00000747,WH_00000007,PROD_00000780,4,68,2025-08-01
INV_00000748,WH_00000007,PROD_00000104,447,11,2025-08-04
INV_00000749,WH_00000008,PROD_00000923,34,19,2024-07-21
INV_00000750,WH_00000007,PROD_00000646,348,84,2025-09-30
INV_00000751,WH_00000003,PROD_00000344,494,99,2025-02-13
INV_00000752,WH_00000003,PROD_00000371,118,35,2024-03-20
INV_00000753,WH_00000002,PROD_00000033,196,13,2025-11-18
INV_00000754,WH_00000001,PROD_00000749,53,99,2024-04-22
INV_00000755,WH_00000005,PROD_00000374,258,37,2025-09-14
INV_00000756,WH_00000004,PROD_00000848,261,11,2024-05-16
INV_00000757,WH_00000002,PROD_00000178,342,75,2025-10-06
INV_00000758,WH_00000001,PROD_00000012,365,25,2024-07-07
INV_00000759,WH_00000003,PROD_00000863,311,66,2024-10-03
INV_00000760,WH_00000006,PROD_00000953,1,32,2024-04-12
INV_00000761,WH_00000002,PROD_00000741,81,32,2024-04-16
INV_00000762,WH_00000010,PROD_00000821,349,86,2025-07-28
INV_00000763,WH_00000007,PROD_00000781,421,30,2024-06-21
INV_00000764,WH_00000007,PROD_00000890,439,34,2024-11-26
INV_00000765,WH_00000003,PROD_00000456,4,67,2025-12-22
INV_00000766,WH_00000001,PROD_00000870,173,46,2024-07-09
INV_00000767,WH_00000009,PROD_00000643,496,58,2025-10-31
INV_00000768,WH_00000005,PROD_00000249,138,86,2024-08-12
INV_00000769,WH_00000002,PROD_00000448,192,24,2025-11-14
INV_00000770,WH_00000008,PROD_00000980,137,37,2024-11-18
INV_00000771,WH_00000010,PROD_00000570,296,76,2025-05-22
INV_00000772,WH_00000010,PROD_00000004,115,96,2025-07-01
INV_00000773,WH_00000004,PROD_00000236,43,13,2024-05-13
INV_00000774,WH_00000010,PROD_00000173,345,56,2024-02-06
INV_00000775,WH_00000007,PROD_00000322,288,59,2024-04-02
INV_00000776,WH_00000005,PROD_00000371,218,69,2024-03-15
INV_00000777,WH_00000003,PROD_00000548,55,71,2024-07-01
INV_00000778,WH_00000010,PROD_00000791,241,76,2025-12-17
INV_00000779,WH_00000008,PROD_00000749,395,81,2025-04-03
INV_00000780,WH_00000002,PROD_00000787,257,52,2025-11-29
INV_00000781,WH_00000001,PROD_00000296,0,98,2025-11-08
INV_00000782,WH_00000005,PROD_00000840,448,67,2025-09-18
INV_00000783,WH_00000004,PROD_00000400,376,61,2025-02-12
INV_00000784,WH_00000010,PROD_00000058,380,85,2024-07-25
INV_00000785,WH_00000007,PROD_00000875,288,78,2024-09-01
INV_00000786,WH_00000009,PROD_00000530,469,55,2024-11-28
INV_00000787,WH_00000006,PROD_00000548,459,34,2025-11-03
INV_00000788,WH_00000001,PROD_00000408,102,34,2025-06-08
INV_00000789,WH_00000008,PROD_00000641,291,44,2024-10-20
INV_00000790,WH_00000002,PROD_00000513,148,70,2024-09-29
INV_00000791,WH_00000004,PROD_00000064,83,24,2025-01-13
INV_00000792,WH_00000003,PROD_00000574,419,99,2025-09-17
INV_00000793,WH_00000006,PROD_00000878,25,83,2025-10-25
INV_00000794,WH_00000002,PROD_00000420,174,97,2024-01-26
INV_00000795,WH_00000005,PROD_00000843,222,44,2025-11-10
INV_00000796,WH_00000009,PROD_00000146,128,38,2025-06-27
INV_00000797,WH_00000003,PROD_00000272,421,47,2025-12-18
INV_00000798,WH_00000002,PROD_00000017,141,78,2025-09-01
INV_00000799,WH_00000002,PROD_00000792,345,33,2024-03-31
INV_00000800,WH_00000009,PROD_00000098,301,28,2025-04-20
INV_00000801,WH_00000006,PROD_00000452,297,55,2025-12-26
INV_00000802,WH_00000002,PROD_00000739,134,58,2024-07-06
INV_00000803,WH_00000003,PROD_00000975,54,53,2025-07-22
INV_00000804,WH_00000001,PROD_00000898,55,82,2025-09-10
INV_00000805,WH_00000002,PROD_00000243,373,35,2024-07-13
INV_00000806,WH_00000002,PROD_00000479,75,34,2025-06-17
INV_00000807,WH_00000002,PROD_00000201,318,44,2025-11-28
INV_00000808,WH_00000007,PROD_00000906,407,45,2024-03-25
INV_00000809,WH_00000003,PROD_00000949,338,23,2025-08-14
INV_00000810,WH_00000004,PROD_00000473,456,65,2024-03-17
INV_00000811,WH_00000002,PROD_00000179,354,15,2024-11-25
INV_00000812,WH_00000005,PROD_00000508,131,41,2025-01-17
INV_00000813,WH_00000009,PROD_00000453,492,35,2025-03-08
INV_00000814,WH_00000009,PROD_00000270,41,24,2025-01-11
INV_00000815,WH_00000007,PROD_00000234,351,58,2024-12-06
INV_00000816,WH_00000008,PROD_00000624,109,65,2024-06-25
INV_00000817,WH_00000005,PROD_00000486,69,46,2025-03-01
INV_00000818,WH_00000005,PROD_00001000,283,62,2025-02-27
INV_00000819,WH_00000003,PROD_00000578,125,67,2024-06-22
INV_00000820,WH_00000006,PROD_00000338,347,92,2025-02-09
INV_00000821,WH_00000001,PROD_00000861,295,87,2024-03-22
INV_00000822,WH_00000003,PROD_00000949,178,45,2024-01-21
INV_00000823,WH_00000002,PROD_00000757,412,20,2025-11-21
INV_00000824,WH_00000007,PROD_00000757,297,36,2025-02-01
INV_00000825,WH_00000009,PROD_00000980,373,11,2024-11-25
INV_00000826,WH_00000004,PROD_00000448,196,31,2024-08-12
INV_00000827,WH_00000007,PROD_00000584,260,75,2025-02-05
INV_00000828,WH_00000008,PROD_00000357,100,93,2025-03-13
INV_00000829,WH_00000010,PROD_00000049,424,26,2024-09-28
INV_00000830,WH_00000002,PROD_00000496,60,13,2024-10-06
INV_00000831,WH_00000007,PROD_00000346,182,23,2024-08-10
INV_00000832,WH_00000003,PROD_00000702,411,16,2025-08-09
INV_00000833,WH_00000008,PROD_00000293,296,88,2025-10-24
INV_00000834,WH_00000006,PROD_00000689,366,25,2025-05-23
INV_00000835,WH_00000003,PROD_00000964,8,75,2024-12-07
INV_00000836,WH_00000008,PROD_00000673,412,28,2025-09-08
INV_00000837,WH_00000003,PROD_00000150,205,10,2024-02-11
INV_00000838,WH_00000009,PROD_00000582,421,40,2024-06-24
INV_00000839,WH_00000003,PROD_00000545,317,13,2024-09-01
INV_00000840,WH_00000001,PROD_00000796,53,67,2024-09-09
INV_00000841,WH_00000002,PROD_00000856,179,65,2024-09-30
INV_00000842,WH_00000004,PROD_00000260,103,62,2024-11-29
INV_00000843,WH_00000002,PROD_00000322,125,98,2025-08-26
INV_00000844,WH_00000004,PROD_00000077,33,95,2024-01-11
INV_00000845,WH_00000004,PROD_00000110,164,52,2024-05-31
INV_00000846,WH_00000004,PROD_00000817,432,83,2024-07-07
INV_00000847,WH_00000001,PROD_00000896,297,58,2025-11-06
INV_00000848,WH_00000009,PROD_00000651,269,69,2025-09-29
INV_00000849,WH_00000010,PROD_00000547,465,25,2024-07-29
INV_00000850,WH_00000007,PROD_00000423,288,82,2024-04-06
INV_00000851,WH_00000002,PROD_00000394,117,90,2024-12-04
INV_00000852,WH_00000003,PROD_00000235,353,69,2024-02-16
INV_00000853,WH_00000008,PROD_00000330,91,56,2024-02-26
INV_00000854,WH_00000007,PROD_00000712,99,24,2024-03-15
INV_00000855,WH_00000004,PROD_00000325,492,72,2024-09-10
INV_00000856,WH_00000004,PROD_00000151,495,37,2025-10-24
INV_00000857,WH_00000009,PROD_00000546,484,29,2025-07-24
INV_00000858,WH_00000005,PROD_00000636,86,72,2025-08-20
INV_00000859,WH_00000005,PROD_00000879,233,42,2024-06-18
INV_00000860,WH_00000007,PROD_00000032,400,45,2024-05-25
INV_00000861,WH_00000001,PROD_00000272,123,22,2024-02-02
INV_00000862,WH_00000003,PROD_00000836,202,71,2025-05-29
INV_00000863,WH_00000002,PROD_00000822,31,77,2024-09-13
INV_00000864,WH_00000010,PROD_00000636,356,32,2024-05-05
INV_00000865,WH_00000006,PROD_00000924,462,81,2024-04-22
INV_00000866,WH_00000006,PROD_00000368,451,22,2024-12-07
INV_00000867,WH_00000010,PROD_00000492,38,97,2024-02-17
INV_00000868,WH_00000001,PROD_00000316,93,49,2024-12-29
INV_00000869,WH_00000006,PROD_00000590,9,39,2025-02-01
INV_00000870,WH_00000010,PROD_00000588,214,34,2024-07-13
INV_00000871,WH_00000002,PROD_00000572,407,82,2025-12-25
INV_00000872,WH_00000004,PROD_00000597,99,35,2024-11-16
INV_00000873,WH_00000006,PROD_00000368,243,33,2024-05-17
INV_00000874,WH_00000003,PROD_00000080,57,48,2024-12-20
INV_00000875,WH_00000003,PROD_00000886,452,98,2024-03-10
INV_00000876,WH_00000003,PROD_00000172,356,88,2025-08-04
INV_00000877,WH_00000004,PROD_00000258,490,70,2025-04-27
INV_00000878,WH_00000009,PROD_00000279,319,58,2025-12-20
INV_00000879,WH_00000004,PROD_00000504,18,50,2025-12-12
INV_00000880,WH_00000004,PROD_00000733,356,79,2024-02-28
INV_00000881,WH_00000004,PROD_00000558,116,29,2025-01-23
INV_00000882,WH_00000007,PROD_00000491,135,53,2024-12-16
INV_00000883,WH_00000005,PROD_00000585,326,25,2024-12-04
INV_00000884,WH_00000002,PROD_00000566,295,30,2025-11-07
INV_00000885,WH_00000007,PROD_00000839,12,24,2025-08-18
INV_00000886,WH_00000003,PROD_00000733,100,48,2025-03-11
INV_00000887,WH_00000001,PROD_00000893,379,51,2025-03-25
INV_00000888,WH_00000009,PROD_00000337,154,70,2025-01-11
INV_00000889,WH_00000005,PROD_00000521,81,13,2025-01-25
INV_00000890,WH_00000010,PROD_00000326,87,33,2025-04-25
INV_00000891,WH_00000001,PROD_00000172,104,12,2024-04-23
INV_00000892,WH_00000001,PROD_00000084,129,10,2024-06-20
INV_00000893,WH_00000001,PROD_00000842,271,22,2024-01-18
INV_00000894,WH_00000009,PROD_00000841,13,63,2024-08-22
INV_00000895,WH_00000008,PROD_00000524,127,91,2024-11-05
INV_00000896,WH_00000006,PROD_00000481,400,49,2025-10-30
INV_00000897,WH_00000010,PROD_00000544,59,20,2025-12-23
INV_00000898,WH_00000006,PROD_00000418,453,51,2024-10-07
INV_00000899,WH_00000006,PROD_00000339,226,13,2024-07-14
INV_00000900,WH_00000004,PROD_00000801,16,34,2024-04-24
INV_00000901,WH_00000005,PROD_00000320,44,45,2025-01-31
INV_00000902,WH_00000010,PROD_00000304,37,73,2025-11-02
INV_00000903,WH_00000003,PROD_00000272,123,53,2025-10-28
INV_00000904,WH_00000003,PROD_00000690,359,49,2025-07-16
INV_00000905,WH_00000010,PROD_00000114,63,54,2025-02-21
INV_00000906,WH_00000007,PROD_00000407,376,17,2024-10-10
INV_00000907,WH_00000005,PROD_00000026,252,94,2025-08-07
INV_00000908,WH_00000008,PROD_00000237,261,44,2024-11-23
INV_00000909,WH_00000005,PROD_00000310,443,53,2024-12-06
INV_00000910,WH_00000004,PROD_00000684,111,27,2025-09-13
INV_00000911,WH_00000003,PROD_00000233,101,56,2024-08-08
INV_00000912,WH_00000002,PROD_00000549,48,34,2024-01-09
INV_00000913,WH_00000003,PROD_00000265,276,50,2024-03-22
INV_00000914,WH_00000007,PROD_00000990,226,14,2024-10-20
INV_00000915,WH_00000008,PROD_00000013,22,73,2025-01-09
INV_00000916,WH_00000005,PROD_00000496,331,71,2025-06-17
INV_00000917,WH_00000001,PROD_00000316,184,81,2025-02-18
INV_00000918,WH_00000003,PROD_00000618,63,96,2024-04-08
INV_00000919,WH_00000004,PROD_00000638,156,12,2025-11-12
INV_00000920,WH_00000010,PROD_00000848,282,46,2025-12-02
INV_00000921,WH_00000004,PROD_00000384,389,50,2025-09-09
INV_00000922,WH_00000001,PROD_00000642,148,29,2025-01-16
INV_00000923,WH_00000010,PROD_00000991,326,76,2025-05-18
INV_00000924,WH_00000009,PROD_00000316,362,96,2025-03-22
INV_00000925,WH_00000010,PROD_00000256,168,49,2025-11-10
INV_00000926,WH_00000004,PROD_00000441,463,94,2024-12-09
INV_00000927,WH_00000002,PROD_00000115,132,86,2025-02-28
INV_00000928,WH_00000009,PROD_00000299,398,17,2025-09-16
INV_00000929,WH_00000004,PROD_00000915,404,14,2024-11-01
INV_00000930,WH_00000004,PROD_00000124,313,34,2024-05-27
INV_00000931,WH_00000006,PROD_00000256,131,48,2025-03-29
INV_00000932,WH_00000008,PROD_00000651,196,46,2024-02-02
INV_00000933,WH_00000005,PROD_00000718,134,14,2025-05-15
INV_00000934,WH_00000008,PROD_00000047,34,17,2024-11-14
INV_00000935,WH_00000001,PROD_00000729,419,13,2025-11-27
INV_00000936,WH_00000004,PROD_00000831,376,50,2024-07-11
INV_00000937,WH_00000001,PROD_00000903,398,69,2024-06-28
INV_00000938,WH_00000003,PROD_00000463,219,63,2025-06-01
INV_00000939,WH_00000007,PROD_00000350,385,31,2025-01-25
INV_00000940,WH_00000001,PROD_00000123,375,87,2025-06-04
INV_00000941,WH_00000005,PROD_00000031,184,28,2024-12-22
INV_00000942,WH_00000001,PROD_00000984,4,86,2025-07-26
INV_00000943,WH_00000006,PROD_00000055,70,77,2025-04-08
INV_00000944,WH_00000009,PROD_00000153,341,42,2025-11-05
INV_00000945,WH_00000003,PROD_00000456,240,31,2024-04-08
INV_00000946,WH_00000006,PROD_00000286,350,74,2024-05-27
INV_00000947,WH_00000004,PROD_00000036,415,20,2025-07-23
INV_00000948,WH_00000006,PROD_00000818,455,25,2025-12-27
INV_00000949,WH_00000002,PROD_00000910,296,77,2024-11-11
INV_00000950,WH_00000004,PROD_00000797,425,53,2024-06-30
INV_00000951,WH_00000007,PROD_00000923,330,97,2025-06-30
INV_00000952,WH_00000006,PROD_00000885,192,18,2024-10-29
INV_00000953,WH_00000009,PROD_00000256,494,81,2025-07-11
INV_00000954,WH_00000007,PROD_00000178,167,87,2025-08-21
INV_00000955,WH_00000001,PROD_00000548,338,88,2024-01-04
INV_00000956,WH_00000006,PROD_00000254,235,71,2024-04-16
INV_00000957,WH_00000003,PROD_00000508,293,95,2024-03-15
INV_00000958,WH_00000008,PROD_00000674,297,24,2024-02-09
INV_00000959,WH_00000001,PROD_00000021,247,15,2025-09-30
INV_00000960,WH_00000010,PROD_00000806,164,10,2025-11-25
INV_00000961,WH_00000002,PROD_00000075,311,29,2024-04-28
INV_00000962,WH_00000003,PROD_00000993,70,45,2024-03-13
INV_00000963,WH_00000003,PROD_00000719,230,11,2025-07-05
INV_00000964,WH_00000007,PROD_00000460,54,79,2024-07-22
INV_00000965,WH_00000008,PROD_00000984,472,11,2024-04-05
INV_00000966,WH_00000009,PROD_00000178,181,12,2024-10-05
INV_00000967,WH_00000007,PROD_00000382,21,16,2024-05-22
INV_00000968,WH_00000008,PROD_00000037,282,93,2024-04-24
INV_00000969,WH_00000006,PROD_00000971,104,73,2025-04-20
INV_00000970,WH_00000002,PROD_00000120,174,50,2024-05-12
INV_00000971,WH_00000001,PROD_00000915,293,63,2024-06-16
INV_00000972,WH_00000003,PROD_00000630,367,50,2024-09-01
INV_00000973,WH_00000009,PROD_00000001,38,14,2024-10-03
INV_00000974,WH_00000007,PROD_00000721,398,98,2024-09-15
INV_00000975,WH_00000002,PROD_00000936,374,91,2024-02-15
INV_00000976,WH_00000001,PROD_00000311,449,72,2024-12-11
INV_00000977,WH_00000002,PROD_00000208,444,10,2024-08-24
INV_00000978,WH_00000003,PROD_00000154,59,34,2024-02-22
INV_00000979,WH_00000006,PROD_00000762,391,90,2024-05-27
INV_00000980,WH_00000009,PROD_00000683,299,55,2025-11-29
INV_00000981,WH_00000008,PROD_00000315,298,24,2025-06-16
INV_00000982,WH_00000010,PROD_00000307,389,78,2024-03-30
INV_00000983,WH_00000009,PROD_00000504,211,26,2024-08-20
INV_00000984,WH_00000008,PROD_00000619,154,30,2025-12-27
INV_00000985,WH_00000007,PROD_00000655,172,62,2024-02-20
INV_00000986,WH_00000006,PROD_00000520,22,64,2025-10-26
INV_00000987,WH_00000008,PROD_00000606,239,96,2025-09-19
INV_00000988,WH_00000006,PROD_00000910,487,19,2025-01-28
INV_00000989,WH_00000002,PROD_00000097,208,90,2024-08-01
INV_00000990,WH_00000009,PROD_00000490,121,66,2025-03-26
INV_00000991,WH_00000009,PROD_00000007,252,74,2024-12-04
INV_00000992,WH_00000003,PROD_00000786,140,46,2024-12-16
INV_00000993,WH_00000009,PROD_00000012,451,16,2025-10-10
INV_00000994,WH_00000002,PROD_00000514,339,85,2024-10-11
INV_00000995,WH_00000003,PROD_00000946,361,49,2025-08-05
INV_00000996,WH_00000006,PROD_00000349,319,59,2024-09-01
INV_00000997,WH_00000004,PROD_00000917,152,10,2025-07-03
INV_00000998,WH_00000008,PROD_00000007,380,29,2025-12-28
INV_00000999,WH_00000001,PROD_00000500,213,40,2025-09-30
INV_00001000,WH_00000006,PROD_00000475,307,77,2025-08-06
