return_id,order_id,order_item_id,reason_code,refund_cents,restocking_fee_cents,returned_at
RET_00000001,ORD_00000614,ITEM_00000517,changed_mind,1544,54,2021-03-04
RET_00000002,ORD_00000477,ITEM_00000730,not_as_described,940,123,2022-06-12
RET_00000003,ORD_00000193,ITEM_00000794,wrong_item,779,20,2022-12-24
RET_00000004,ORD_00000307,ITEM_00000845,not_as_described,344,1,2025-06-25
RET_00000005,ORD_00000542,ITEM_00000920,not_as_described,1027,68,2023-08-04
RET_00000006,ORD_00000807,ITEM_00000236,defective,1292,191,2022-08-20
RET_00000007,ORD_00000759,ITEM_00000323,not_as_described,366,34,2024-06-30
RET_00000008,ORD_00000906,ITEM_00000544,not_as_described,2604,138,2022-02-23
RET_00000009,ORD_00000221,ITEM_00000407,changed_mind,1369,3,2022-08-02
RET_00000010,ORD_00000172,ITEM_00000177,too_late,556,40,2024-03-01
RET_00000011,ORD_00000160,ITEM_00000500,defective,1016,31,2024-03-06
RET_00000012,ORD_00000172,ITEM_00000997,defective,2142,208,2025-10-09
RET_00000013,ORD_00000063,ITEM_00000119,defective,3280,286,2021-05-07
RET_00000014,ORD_00000573,ITEM_00000190,defective,3903,155,2023-01-24
RET_00000015,ORD_00000065,ITEM_00000614,changed_mind,4629,47,2024-11-17
RET_00000016,ORD_00000169,ITEM_00000365,too_late,378,42,2021-05-24
RET_00000017,ORD_00000081,ITEM_00000486,changed_mind,621,54,2025-04-28
RET_00000018,ORD_00000759,ITEM_00000973,defective,357,45,2021-05-18
RET_00000019,ORD_00000268,ITEM_00000079,too_late,2624,102,2025-06-22
RET_00000020,ORD_00000380,ITEM_00000322,changed_mind,954,93,2024-10-20
RET_00000021,ORD_00000770,ITEM_00000139,too_late,3011,53,2021-03-20
RET_00000022,ORD_00000073,ITEM_00000336,changed_mind,352,15,2025-07-23
RET_00000023,ORD_00000332,ITEM_00000402,too_late,631,62,2021-08-03
RET_00000024,ORD_00000188,ITEM_00000226,changed_mind,579,71,2024-04-14
RET_00000025,ORD_00000025,ITEM_00000266,defective,2953,142,2023-07-28
RET_00000026,ORD_00000228,ITEM_00000333,defective,1921,230,2023-09-25
RET_00000027,ORD_00000118,ITEM_00000224,defective,216,21,2025-03-13
RET_00000028,ORD_00000445,ITEM_00000572,changed_mind,755,39,2021-03-28
RET_00000029,ORD_00000108,ITEM_00000776,too_late,2362,310,2022-10-31
RET_00000030,ORD_00000242,ITEM_00000967,too_late,2672,204,2023-10-30
RET_00000031,ORD_00000611,ITEM_00000560,wrong_item,1526,148,2024-11-12
RET_00000032,ORD_00000534,ITEM_00000593,not_as_described,1267,94,2025-10-12
RET_00000033,ORD_00000481,ITEM_00000809,defective,520,35,2024-12-17
RET_00000034,ORD_00000503,ITEM_00000987,defective,2581,328,2022-04-23
RET_00000035,ORD_00000498,ITEM_00000891,defective,420,18,2021-03-22
RET_00000036,ORD_00000056,ITEM_00000520,wrong_item,302,1,2021-11-16
RET_00000037,ORD_00000149,ITEM_00000861,wrong_item,1294,170,2021-04-29
RET_00000038,ORD_00000311,ITEM_00000249,wrong_item,769,95,2023-09-23
RET_00000039,ORD_00000552,ITEM_00000756,defective,1956,107,2025-02-04
RET_00000040,ORD_00000947,ITEM_00000677,too_late,1615,44,2021-08-10
RET_00000041,ORD_00000662,ITEM_00000859,defective,4299,435,2024-04-11
RET_00000042,ORD_00000924,ITEM_00000421,wrong_item,1515,17,2022-02-17
RET_00000043,ORD_00000121,ITEM_00000832,wrong_item,2560,162,2021-09-12
RET_00000044,ORD_00000772,ITEM_00000187,not_as_described,554,7,2024-02-02
RET_00000045,ORD_00000026,ITEM_00000249,changed_mind,1937,173,2022-11-15
RET_00000046,ORD_00000983,ITEM_00000127,not_as_described,878,3,2023-08-22
RET_00000047,ORD_00000112,ITEM_00000088,not_as_described,738,69,2021-08-26
RET_00000048,ORD_00000511,ITEM_00000045,defective,532,53,2025-04-25
RET_00000049,ORD_00000881,ITEM_00000912,changed_mind,3766,275,2022-01-19
RET_00000050,ORD_00000956,ITEM_00000794,changed_mind,1090,28,2022-03-05
RET_00000051,ORD_00000023,ITEM_00000246,defective,583,8,2022-09-19
RET_00000052,ORD_00000681,ITEM_00000927,too_late,1886,88,2024-11-30
RET_00000053,ORD_00000826,ITEM_00000411,defective,771,53,2023-04-18
RET_00000054,ORD_00000264,ITEM_00000218,too_late,578,55,2023-09-12
RET_00000055,ORD_00000116,ITEM_00000427,too_late,11178,2,2021-06-23
RET_00000056,ORD_00000480,ITEM_00000015,changed_mind,416,44,2022-02-20
RET_00000057,ORD_00000307,ITEM_00000768,defective,4876,521,2024-06-03
RET_00000058,ORD_00000231,ITEM_00000826,defective,573,38,2024-12-07
RET_00000059,ORD_00000701,ITEM_00000689,changed_mind,1809,93,2021-06-23
RET_00000060,ORD_00000492,ITEM_00000335,not_as_described,1011,127,2025-01-30
RET_00000061,ORD_00000769,ITEM_00000727,defective,1976,232,2025-08-02
RET_00000062,ORD_00000120,ITEM_00000537,wrong_item,363,53,2023-05-07
RET_00000063,ORD_00000286,ITEM_00000492,wrong_item,329,18,2022-01-17
RET_00000064,ORD_00000988,ITEM_00000836,defective,2025,275,2025-06-12
RET_00000065,ORD_00000785,ITEM_00000292,too_late,263,3,2021-04-11
RET_00000066,ORD_00000407,ITEM_00000117,changed_mind,430,26,2025-03-23
RET_00000067,ORD_00000358,ITEM_00000592,too_late,1020,71,2024-04-16
RET_00000068,ORD_00000890,ITEM_00000687,wrong_item,389,25,2022-09-25
RET_00000069,ORD_00000152,ITEM_00000744,wrong_item,431,40,2025-10-16
RET_00000070,ORD_00000598,ITEM_00000827,changed_mind,789,20,2025-03-13
RET_00000071,ORD_00000325,ITEM_00000469,wrong_item,191,24,2022-05-15
RET_00000072,ORD_00000857,ITEM_00000948,not_as_described,357,29,2024-06-25
RET_00000073,ORD_00000948,ITEM_00000552,wrong_item,3203,434,2021-12-10
RET_00000074,ORD_00000839,ITEM_00000683,too_late,2357,0,2021-06-12
RET_00000075,ORD_00000246,ITEM_00000629,too_late,6715,634,2022-09-20
RET_00000076,ORD_00000826,ITEM_00000696,not_as_described,1764,109,2022-05-31
RET_00000077,ORD_00000918,ITEM_00000593,too_late,3106,235,2022-01-05
RET_00000078,ORD_00000315,ITEM_00000387,too_late,782,87,2025-11-02
RET_00000079,ORD_00000940,ITEM_00000583,too_late,944,32,2025-01-06
RET_00000080,ORD_00000805,ITEM_00000652,defective,1525,46,2025-10-17
RET_00000081,ORD_00000162,ITEM_00000193,not_as_described,241,25,2024-06-01
RET_00000082,ORD_00000612,ITEM_00000683,not_as_described,1697,132,2022-04-11
RET_00000083,ORD_00000369,ITEM_00000101,wrong_item,665,23,2023-06-23
RET_00000084,ORD_00000185,ITEM_00000070,not_as_described,761,55,2022-10-02
RET_00000085,ORD_00000953,ITEM_00000174,changed_mind,2435,167,2025-04-08
RET_00000086,ORD_00000936,ITEM_00000444,not_as_described,316,32,2024-02-15
RET_00000087,ORD_00000276,ITEM_00000701,changed_mind,1146,0,2023-02-17
RET_00000088,ORD_00000997,ITEM_00000433,too_late,1569,138,2025-02-07
RET_00000089,ORD_00000529,ITEM_00000215,changed_mind,717,65,2022-10-18
RET_00000090,ORD_00000436,ITEM_00000537,defective,1129,126,2025-08-23
RET_00000091,ORD_00000260,ITEM_00000601,too_late,1174,156,2024-08-26
RET_00000092,ORD_00000959,ITEM_00000643,changed_mind,2248,148,2024-07-26
RET_00000093,ORD_00000245,ITEM_00000708,too_late,947,48,2024-05-27
RET_00000094,ORD_00000818,ITEM_00000319,defective,402,6,2021-09-03
RET_00000095,ORD_00000338,ITEM_00000286,too_late,690,34,2023-08-13
RET_00000096,ORD_00000988,ITEM_00000225,too_late,829,8,2025-08-09
RET_00000097,ORD_00000050,ITEM_00000349,not_as_described,577,69,2022-06-07
RET_00000098,ORD_00000272,ITEM_00000388,wrong_item,1276,154,2025-04-30
RET_00000099,ORD_00000235,ITEM_00000846,changed_mind,1228,76,2022-01-24
RET_00000100,ORD_00000584,ITEM_00000341,wrong_item,1178,45,2022-02-12
RET_00000101,ORD_00000829,ITEM_00000839,defective,534,9,2022-07-13
RET_00000102,ORD_00000556,ITEM_00000661,defective,1216,155,2025-10-16
RET_00000103,ORD_00000914,ITEM_00000504,too_late,3073,404,2022-07-03
RET_00000104,ORD_00000306,ITEM_00000071,wrong_item,1388,55,2023-11-30
RET_00000105,ORD_00000477,ITEM_00000129,changed_mind,2585,241,2021-12-05
RET_00000106,ORD_00000488,ITEM_00000444,changed_mind,1196,46,2023-07-03
RET_00000107,ORD_00000080,ITEM_00000290,too_late,658,22,2024-05-31
RET_00000108,ORD_00000286,ITEM_00000599,changed_mind,2182,6,2023-11-30
RET_00000109,ORD_00000561,ITEM_00000387,not_as_described,355,30,2022-04-02
RET_00000110,ORD_00000098,ITEM_00000018,wrong_item,701,15,2024-02-25
RET_00000111,ORD_00000478,ITEM_00000555,defective,979,1,2022-05-02
RET_00000112,ORD_00000917,ITEM_00000076,changed_mind,1848,29,2025-02-23
RET_00000113,ORD_00000406,ITEM_00000846,changed_mind,3040,143,2022-03-10
RET_00000114,ORD_00000943,ITEM_00000553,changed_mind,2158,216,2023-12-11
RET_00000115,ORD_00000537,ITEM_00000988,too_late,1992,60,2025-12-12
RET_00000116,ORD_00000726,ITEM_00000874,defective,2190,291,2022-11-22
RET_00000117,ORD_00000568,ITEM_00000365,wrong_item,2448,105,2023-11-14
RET_00000118,ORD_00000255,ITEM_00000280,changed_mind,441,21,2023-01-26
RET_00000119,ORD_00000960,ITEM_00000280,not_as_described,6398,209,2025-02-14
RET_00000120,ORD_00000668,ITEM_00000771,too_late,2664,101,2023-09-14
RET_00000121,ORD_00000487,ITEM_00000443,wrong_item,948,10,2025-12-16
RET_00000122,ORD_00000673,ITEM_00000954,changed_mind,1475,65,2025-09-21
RET_00000123,ORD_00000194,ITEM_00000329,wrong_item,383,49,2021-05-17
RET_00000124,ORD_00000516,ITEM_00000536,too_late,890,91,2022-07-01
RET_00000125,ORD_00000464,ITEM_00000508,not_as_described,834,109,2024-06-06
RET_00000126,ORD_00000780,ITEM_00000450,changed_mind,780,12,2024-01-26
RET_00000127,ORD_00000913,ITEM_00000375,not_as_described,2103,143,2022-09-18
RET_00000128,ORD_00000504,ITEM_00000296,too_late,1192,40,2023-10-07
RET_00000129,ORD_00000036,ITEM_00000476,not_as_described,421,45,2024-10-04
RET_00000130,ORD_00000016,ITEM_00000839,too_late,428,62,2022-09-09
RET_00000131,ORD_00000999,ITEM_00000393,not_as_described,227,27,2021-08-18
RET_00000132,ORD_00000919,ITEM_00000109,wrong_item,2216,11,2022-12-02
RET_00000133,ORD_00000968,ITEM_00000359,wrong_item,916,43,2025-10-25
RET_00000134,ORD_00000889,ITEM_00000956,too_late,2005,8,2025-07-23
RET_00000135,ORD_00000649,ITEM_00000935,wrong_item,13521,81,2021-12-17
RET_00000136,ORD_00000590,ITEM_00000289,not_as_described,534,6,2022-10-02
RET_00000137,ORD_00000823,ITEM_00000418,not_as_described,1424,59,2022-04-26
RET_00000138,ORD_00000073,ITEM_00000318,changed_mind,3479,158,2021-06-13
RET_00000139,ORD_00000320,ITEM_00000341,too_late,741,44,2022-09-17
RET_00000140,ORD_00000943,ITEM_00000317,wrong_item,835,50,2025-01-28
RET_00000141,ORD_00000245,ITEM_00000349,too_late,1676,193,2023-07-28
RET_00000142,ORD_00000858,ITEM_00000027,wrong_item,8385,177,2025-03-22
RET_00000143,ORD_00000740,ITEM_00000638,changed_mind,1824,43,2023-07-23
RET_00000144,ORD_00000195,ITEM_00000401,not_as_described,558,52,2021-11-03
RET_00000145,ORD_00000758,ITEM_00000316,not_as_described,615,52,2023-09-13
RET_00000146,ORD_00000906,ITEM_00000682,defective,741,17,2022-01-03
RET_00000147,ORD_00000089,ITEM_00000559,too_late,255,32,2024-12-26
RET_00000148,ORD_00000772,ITEM_00000368,wrong_item,965,47,2024-04-03
RET_00000149,ORD_00000798,ITEM_00000343,defective,1103,60,2022-01-09
RET_00000150,ORD_00000139,ITEM_00000693,too_late,1137,71,2022-10-30
RET_00000151,ORD_00000563,ITEM_00000365,wrong_item,343,16,2023-10-01
RET_00000152,ORD_00000659,ITEM_00000917,changed_mind,1445,120,2022-08-21
RET_00000153,ORD_00000754,ITEM_00000904,too_late,499,29,2021-05-11
RET_00000154,ORD_00000397,ITEM_00000073,wrong_item,905,35,2022-03-13
RET_00000155,ORD_00000953,ITEM_00000122,not_as_described,605,82,2025-04-28
RET_00000156,ORD_00000484,ITEM_00000865,too_late,2762,127,2024-06-21
RET_00000157,ORD_00000387,ITEM_00000186,wrong_item,633,66,2021-07-12
RET_00000158,ORD_00000368,ITEM_00000836,not_as_described,3217,167,2024-06-10
RET_00000159,ORD_00000846,ITEM_00000319,not_as_described,1222,79,2025-08-20
RET_00000160,ORD_00000458,ITEM_00000955,defective,1534,54,2022-03-28
RET_00000161,ORD_00000422,ITEM_00000594,wrong_item,1172,132,2024-02-21
RET_00000162,ORD_00000232,ITEM_00000992,defective,554,61,2023-11-21
RET_00000163,ORD_00000539,ITEM_00000542,defective,1517,5,2022-04-19
RET_00000164,ORD_00000344,ITEM_00000793,changed_mind,777,7,2022-04-07
RET_00000165,ORD_00000720,ITEM_00000633,defective,1413,195,2024-04-10
RET_00000166,ORD_00000138,ITEM_00000353,defective,1777,236,2021-05-04
RET_00000167,ORD_00000374,ITEM_00000355,changed_mind,5042,382,2025-12-16
RET_00000168,ORD_00000437,ITEM_00000106,changed_mind,1598,118,2023-07-14
RET_00000169,ORD_00000155,ITEM_00000824,too_late,2357,287,2022-04-05
RET_00000170,ORD_00000519,ITEM_00000418,defective,1860,38,2021-12-15
RET_00000171,ORD_00000115,ITEM_00000946,not_as_described,915,89,2025-04-15
RET_00000172,ORD_00000092,ITEM_00000642,changed_mind,1888,134,2025-02-11
RET_00000173,ORD_00000346,ITEM_00000205,wrong_item,992,110,2024-10-29
RET_00000174,ORD_00000594,ITEM_00000565,too_late,788,3,2024-03-17
RET_00000175,ORD_00000525,ITEM_00000382,too_late,458,40,2023-03-29
RET_00000176,ORD_00000584,ITEM_00000297,defective,1848,154,2023-06-22
RET_00000177,ORD_00000091,ITEM_00000279,not_as_described,696,87,2022-12-21
RET_00000178,ORD_00000700,ITEM_00000189,changed_mind,1813,184,2022-02-20
RET_00000179,ORD_00000398,ITEM_00000727,wrong_item,1100,145,2023-07-26
RET_00000180,ORD_00000105,ITEM_00000543,defective,873,116,2023-11-23
RET_00000181,ORD_00000812,ITEM_00000450,not_as_described,549,33,2023-03-22
RET_00000182,ORD_00000966,ITEM_00000258,defective,3104,63,2025-05-20
RET_00000183,ORD_00000596,ITEM_00000453,defective,801,75,2023-03-19
RET_00000184,ORD_00000540,ITEM_00000572,too_late,3902,511,2022-02-28
RET_00000185,ORD_00000279,ITEM_00000078,wrong_item,569,6,2021-11-22
RET_00000186,ORD_00000012,ITEM_00000023,wrong_item,3663,306,2022-04-10
RET_00000187,ORD_00000920,ITEM_00000503,wrong_item,1172,20,2021-07-17
RET_00000188,ORD_00000307,ITEM_00000185,wrong_item,2183,8,2024-06-01
RET_00000189,ORD_00000364,ITEM_00000547,changed_mind,387,39,2025-11-15
RET_00000190,ORD_00000662,ITEM_00000513,changed_mind,385,39,2022-12-26
RET_00000191,ORD_00000318,ITEM_00000617,wrong_item,1348,121,2024-04-03
RET_00000192,ORD_00000538,ITEM_00000688,not_as_described,487,62,2024-05-16
RET_00000193,ORD_00000214,ITEM_00000049,changed_mind,3175,38,2021-09-01
RET_00000194,ORD_00000314,ITEM_00000168,changed_mind,1467,23,2025-02-01
RET_00000195,ORD_00000455,ITEM_00000830,not_as_described,655,84,2023-04-22
RET_00000196,ORD_00000399,ITEM_00000783,wrong_item,525,39,2023-07-19
RET_00000197,ORD_00000752,ITEM_00000670,defective,870,35,2023-02-01
RET_00000198,ORD_00000222,ITEM_00000021,changed_mind,696,77,2025-10-24
RET_00000199,ORD_00000580,ITEM_00000392,defective,1629,218,2023-08-24
RET_00000200,ORD_00000262,ITEM_00000903,defective,1031,106,2021-09-17
RET_00000201,ORD_00000496,ITEM_00000105,not_as_described,2792,331,2022-11-08
RET_00000202,ORD_00000623,ITEM_00000290,wrong_item,1818,77,2025-12-15
RET_00000203,ORD_00000130,ITEM_00000633,defective,548,23,2021-10-06
RET_00000204,ORD_00000159,ITEM_00000704,wrong_item,780,101,2023-07-05
RET_00000205,ORD_00000792,ITEM_00000426,too_late,549,50,2025-04-02
RET_00000206,ORD_00000291,ITEM_00000229,wrong_item,549,19,2025-12-17
RET_00000207,ORD_00000815,ITEM_00000181,not_as_described,260,20,2023-12-07
RET_00000208,ORD_00000543,ITEM_00000352,not_as_described,2328,239,2025-02-25
RET_00000209,ORD_00000089,ITEM_00000225,too_late,3083,101,2024-01-17
RET_00000210,ORD_00000968,ITEM_00000966,not_as_described,497,48,2021-05-03
RET_00000211,ORD_00000332,ITEM_00000234,wrong_item,459,2,2023-09-23
RET_00000212,ORD_00000630,ITEM_00000266,wrong_item,1717,78,2024-03-24
RET_00000213,ORD_00000506,ITEM_00000858,wrong_item,569,57,2025-10-15
RET_00000214,ORD_00000130,ITEM_00000314,not_as_described,3038,68,2022-08-22
RET_00000215,ORD_00000207,ITEM_00000499,wrong_item,618,20,2022-07-23
RET_00000216,ORD_00000360,ITEM_00000877,changed_mind,198,26,2024-11-23
RET_00000217,ORD_00000059,ITEM_00000218,too_late,988,99,2025-11-06
RET_00000218,ORD_00000096,ITEM_00000211,changed_mind,682,51,2021-11-06
RET_00000219,ORD_00000831,ITEM_00000099,wrong_item,1233,39,2025-11-24
RET_00000220,ORD_00000246,ITEM_00000621,not_as_described,829,42,2024-09-23
RET_00000221,ORD_00000459,ITEM_00000388,too_late,1739,149,2021-04-08
RET_00000222,ORD_00000145,ITEM_00000345,changed_mind,1538,35,2021-05-08
RET_00000223,ORD_00000310,ITEM_00000253,wrong_item,1423,102,2021-12-02
RET_00000224,ORD_00000637,ITEM_00000904,not_as_described,1277,78,2024-04-17
RET_00000225,ORD_00000917,ITEM_00000524,wrong_item,1096,78,2024-03-14
RET_00000226,ORD_00000534,ITEM_00000118,changed_mind,358,5,2021-08-24
RET_00000227,ORD_00000381,ITEM_00000600,changed_mind,1497,23,2023-10-27
RET_00000228,ORD_00000353,ITEM_00000856,too_late,1969,284,2022-10-27
RET_00000229,ORD_00000884,ITEM_00000209,not_as_described,1449,212,2024-03-20
RET_00000230,ORD_00000951,ITEM_00000409,defective,933,59,2025-02-11
RET_00000231,ORD_00000285,ITEM_00000481,wrong_item,1758,208,2021-05-20
RET_00000232,ORD_00000719,ITEM_00000923,not_as_described,1325,130,2022-02-04
RET_00000233,ORD_00000917,ITEM_00000642,defective,1935,33,2022-04-25
RET_00000234,ORD_00000502,ITEM_00000329,not_as_described,1022,45,2021-10-14
RET_00000235,ORD_00000258,ITEM_00000183,wrong_item,350,16,2022-06-16
RET_00000236,ORD_00000810,ITEM_00000954,wrong_item,950,84,2021-05-27
RET_00000237,ORD_00000052,ITEM_00000417,too_late,513,44,2024-12-03
RET_00000238,ORD_00000550,ITEM_00000083,changed_mind,756,104,2025-09-19
RET_00000239,ORD_00000899,ITEM_00000254,changed_mind,1175,139,2021-09-06
RET_00000240,ORD_00000665,ITEM_00000945,changed_mind,2421,311,2023-07-15
RET_00000241,ORD_00000845,ITEM_00000005,too_late,1868,249,2023-11-06
RET_00000242,ORD_00000216,ITEM_00000303,changed_mind,1296,155,2025-09-25
RET_00000243,ORD_00000446,ITEM_00000980,not_as_described,2976,148,2023-11-06
RET_00000244,ORD_00000223,ITEM_00000536,changed_mind,1138,36,2021-07-14
RET_00000245,ORD_00000655,ITEM_00000633,changed_mind,1289,110,2024-11-08
RET_00000246,ORD_00000966,ITEM_00000607,wrong_item,809,83,2021-04-09
RET_00000247,ORD_00000105,ITEM_00000428,too_late,466,27,2025-09-29
RET_00000248,ORD_00000522,ITEM_00000964,too_late,1712,217,2024-10-01
RET_00000249,ORD_00000969,ITEM_00000736,changed_mind,312,44,2021-11-11
RET_00000250,ORD_00000754,ITEM_00000751,defective,520,44,2023-10-03
RET_00000251,ORD_00000888,ITEM_00000227,wrong_item,1263,86,2025-08-07
RET_00000252,ORD_00000383,ITEM_00000654,changed_mind,556,70,2025-02-11
RET_00000253,ORD_00000114,ITEM_00000932,defective,1112,4,2022-08-21
RET_00000254,ORD_00000745,ITEM_00000563,not_as_described,1233,23,2025-12-30
RET_00000255,ORD_00000069,ITEM_00000390,wrong_item,700,88,2024-10-05
RET_00000256,ORD_00000365,ITEM_00000657,too_late,1146,125,2024-10-30
RET_00000257,ORD_00000044,ITEM_00000850,defective,1133,70,2023-07-06
RET_00000258,ORD_00000681,ITEM_00000840,changed_mind,440,58,2021-07-10
RET_00000259,ORD_00000211,ITEM_00000819,defective,1698,89,2025-08-13
RET_00000260,ORD_00000276,ITEM_00000564,too_late,216,20,2023-07-16
RET_00000261,ORD_00000993,ITEM_00000012,not_as_described,4928,468,2023-03-11
RET_00000262,ORD_00000107,ITEM_00000337,defective,1681,46,2022-08-21
RET_00000263,ORD_00000933,ITEM_00000607,changed_mind,2482,106,2024-10-17
RET_00000264,ORD_00000479,ITEM_00000883,defective,1861,255,2021-12-07
RET_00000265,ORD_00000679,ITEM_00000129,not_as_described,1059,29,2022-07-05
RET_00000266,ORD_00000205,ITEM_00000011,defective,591,15,2021-12-05
RET_00000267,ORD_00000119,ITEM_00000490,not_as_described,1075,77,2025-05-02
RET_00000268,ORD_00000486,ITEM_00000272,not_as_described,2140,29,2024-07-05
RET_00000269,ORD_00000109,ITEM_00000357,wrong_item,567,76,2024-12-28
RET_00000270,ORD_00000454,ITEM_00000881,wrong_item,1243,18,2024-10-14
RET_00000271,ORD_00000239,ITEM_00000092,changed_mind,257,23,2023-08-26
RET_00000272,ORD_00000008,ITEM_00000009,changed_mind,574,29,2022-12-26
RET_00000273,ORD_00000512,ITEM_00000887,changed_mind,551,66,2024-10-13
RET_00000274,ORD_00000043,ITEM_00000123,not_as_described,4206,372,2022-09-06
RET_00000275,ORD_00000394,ITEM_00000776,not_as_described,376,21,2024-11-05
RET_00000276,ORD_00000809,ITEM_00000281,wrong_item,1508,222,2024-04-07
RET_00000277,ORD_00000132,ITEM_00000458,not_as_described,3926,39,2025-09-02
RET_00000278,ORD_00000718,ITEM_00000936,wrong_item,2451,212,2022-06-14
RET_00000279,ORD_00000900,ITEM_00000451,defective,3703,549,2022-04-16
RET_00000280,ORD_00000792,ITEM_00000631,changed_mind,4171,432,2022-07-26
RET_00000281,ORD_00000751,ITEM_00000407,changed_mind,1147,127,2025-04-12
RET_00000282,ORD_00000789,ITEM_00000702,too_late,1603,7,2024-05-07
RET_00000283,ORD_00000394,ITEM_00000791,wrong_item,1281,4,2023-07-26
RET_00000284,ORD_00000558,ITEM_00000812,too_late,1611,8,2023-01-19
RET_00000285,ORD_00000985,ITEM_00000056,changed_mind,1536,228,2023-10-05
RET_00000286,ORD_00000198,ITEM_00000708,too_late,4332,636,2025-05-06
RET_00000287,ORD_00000464,ITEM_00000379,defective,1384,69,2021-04-29
RET_00000288,ORD_00000121,ITEM_00000502,too_late,511,22,2024-06-19
RET_00000289,ORD_00000300,ITEM_00000023,defective,1766,38,2022-04-23
RET_00000290,ORD_00000220,ITEM_00000777,changed_mind,1967,97,2023-10-13
RET_00000291,ORD_00000868,ITEM_00000245,not_as_described,568,31,2023-06-03
RET_00000292,ORD_00000801,ITEM_00000772,wrong_item,549,61,2023-08-25
RET_00000293,ORD_00000094,ITEM_00000418,too_late,2346,304,2023-03-03
RET_00000294,ORD_00000292,ITEM_00000231,defective,715,80,2024-08-02
RET_00000295,ORD_00000153,ITEM_00000210,changed_mind,787,76,2022-03-26
RET_00000296,ORD_00000525,ITEM_00000162,changed_mind,758,87,2024-05-11
RET_00000297,ORD_00000935,ITEM_00000377,not_as_described,1334,147,2023-03-06
RET_00000298,ORD_00000719,ITEM_00000866,changed_mind,2650,189,2025-07-05
RET_00000299,ORD_00000767,ITEM_00000170,changed_mind,1872,94,2025-08-03
RET_00000300,ORD_00000422,ITEM_00000899,not_as_described,757,32,2022-12-21
RET_00000301,ORD_00000158,ITEM_00000339,changed_mind,3198,325,2021-03-27
RET_00000302,ORD_00000270,ITEM_00000802,defective,2198,316,2022-11-13
RET_00000303,ORD_00000818,ITEM_00000474,too_late,2425,211,2025-05-10
RET_00000304,ORD_00000580,ITEM_00000227,too_late,2363,323,2023-08-01
RET_00000305,ORD_00000257,ITEM_00000873,defective,726,1,2025-08-01
RET_00000306,ORD_00000701,ITEM_00000363,too_late,525,62,2021-07-05
RET_00000307,ORD_00000515,ITEM_00000479,changed_mind,836,107,2025-03-19
RET_00000308,ORD_00000237,ITEM_00000555,too_late,2422,229,2021-12-06
RET_00000309,ORD_00000946,ITEM_00000475,too_late,426,59,2025-01-17
RET_00000310,ORD_00000445,ITEM_00000195,changed_mind,382,33,2022-01-13
RET_00000311,ORD_00000932,ITEM_00000933,too_late,256,9,2022-05-15
RET_00000312,ORD_00000644,ITEM_00000012,changed_mind,401,12,2022-02-04
RET_00000313,ORD_00000171,ITEM_00000495,not_as_described,583,48,2023-01-23
RET_00000314,ORD_00000270,ITEM_00000983,not_as_described,1211,164,2021-06-27
RET_00000315,ORD_00000601,ITEM_00000977,too_late,436,4,2023-04-17
RET_00000316,ORD_00000615,ITEM_00000784,not_as_described,1862,168,2023-01-19
RET_00000317,ORD_00000637,ITEM_00000062,too_late,1136,131,2023-02-11
RET_00000318,ORD_00000067,ITEM_00000529,not_as_described,213,3,2024-12-21
RET_00000319,ORD_00000775,ITEM_00000271,too_late,1080,18,2022-03-20
RET_00000320,ORD_00000008,ITEM_00000538,wrong_item,1228,67,2022-07-23
RET_00000321,ORD_00000556,ITEM_00000557,defective,5080,208,2025-07-23
RET_00000322,ORD_00000448,ITEM_00000898,not_as_described,1330,39,2024-05-25
RET_00000323,ORD_00000135,ITEM_00000657,changed_mind,266,7,2025-08-20
RET_00000324,ORD_00000760,ITEM_00000065,defective,1317,25,2025-12-05
RET_00000325,ORD_00000816,ITEM_00000862,too_late,1260,115,2021-05-25
RET_00000326,ORD_00000830,ITEM_00000480,defective,1779,183,2022-02-24
RET_00000327,ORD_00000025,ITEM_00000798,changed_mind,9041,953,2023-12-01
RET_00000328,ORD_00000465,ITEM_00000490,changed_mind,713,56,2023-05-01
RET_00000329,ORD_00000986,ITEM_00000068,too_late,650,92,2024-03-13
RET_00000330,ORD_00000374,ITEM_00000362,not_as_described,1596,210,2022-02-22
RET_00000331,ORD_00000196,ITEM_00000812,not_as_described,4724,678,2023-02-25
RET_00000332,ORD_00000704,ITEM_00000608,wrong_item,1875,109,2024-04-30
RET_00000333,ORD_00000881,ITEM_00000572,changed_mind,833,109,2025-01-09
RET_00000334,ORD_00000402,ITEM_00000995,wrong_item,2411,275,2024-08-22
RET_00000335,ORD_00000122,ITEM_00000769,changed_mind,4605,234,2024-05-08
RET_00000336,ORD_00000772,ITEM_00000019,wrong_item,592,9,2022-05-21
RET_00000337,ORD_00000913,ITEM_00000545,not_as_described,492,50,2024-03-04
RET_00000338,ORD_00000559,ITEM_00000979,changed_mind,1146,23,2024-03-26
RET_00000339,ORD_00000886,ITEM_00000932,not_as_described,1395,61,2024-10-17
RET_00000340,ORD_00000209,ITEM_00000091,defective,3318,249,2025-03-29
RET_00000341,ORD_00000301,ITEM_00000973,not_as_described,753,76,2024-02-12
RET_00000342,ORD_00000601,ITEM_00000987,changed_mind,1512,210,2021-12-30
RET_00000343,ORD_00000954,ITEM_00000238,defective,3810,339,2023-04-10
RET_00000344,ORD_00000515,ITEM_00000462,wrong_item,1311,132,2022-08-16
RET_00000345,ORD_00000908,ITEM_00000024,too_late,799,37,2021-04-04
RET_00000346,ORD_00000987,ITEM_00000227,changed_mind,1730,178,2025-06-11
RET_00000347,ORD_00000657,ITEM_00000851,too_late,841,55,2025-04-21
RET_00000348,ORD_00000886,ITEM_00000381,too_late,1436,184,2023-01-11
RET_00000349,ORD_00000534,ITEM_00000921,defective,944,55,2024-05-07
RET_00000350,ORD_00000039,ITEM_00000907,wrong_item,977,68,2023-12-10
RET_00000351,ORD_00000807,ITEM_00000777,not_as_described,794,51,2022-12-01
RET_00000352,ORD_00000619,ITEM_00000006,defective,693,84,2024-03-28
RET_00000353,ORD_00000612,ITEM_00000570,wrong_item,2428,347,2023-11-15
RET_00000354,ORD_00000784,ITEM_00000612,not_as_described,1276,62,2024-12-26
RET_00000355,ORD_00000741,ITEM_00000634,not_as_described,3038,216,2023-03-29
RET_00000356,ORD_00000947,ITEM_00000357,wrong_item,181,19,2024-01-11
RET_00000357,ORD_00000886,ITEM_00000157,not_as_described,723,97,2021-12-09
RET_00000358,ORD_00000797,ITEM_00000201,changed_mind,606,44,2021-06-21
RET_00000359,ORD_00000206,ITEM_00000225,changed_mind,895,14,2022-03-08
RET_00000360,ORD_00000583,ITEM_00000983,defective,480,26,2021-09-13
RET_00000361,ORD_00000681,ITEM_00000463,not_as_described,303,25,2024-05-31
RET_00000362,ORD_00000697,ITEM_00000779,not_as_described,1877,117,2023-08-10
RET_00000363,ORD_00000412,ITEM_00000663,wrong_item,682,19,2023-05-31
RET_00000364,ORD_00000333,ITEM_00000922,changed_mind,1710,9,2025-02-22
RET_00000365,ORD_00000208,ITEM_00000257,too_late,427,44,2025-07-09
RET_00000366,ORD_00000405,ITEM_00000990,defective,296,44,2021-03-10
RET_00000367,ORD_00000388,ITEM_00000593,changed_mind,1330,183,2025-09-24
RET_00000368,ORD_00000487,ITEM_00000431,wrong_item,1819,186,2022-04-02
RET_00000369,ORD_00000382,ITEM_00000878,defective,670,84,2021-07-30
RET_00000370,ORD_00000867,ITEM_00000425,too_late,486,18,2021-09-07
RET_00000371,ORD_00000884,ITEM_00000407,defective,2979,278,2021-12-02
RET_00000372,ORD_00000271,ITEM_00000612,changed_mind,1047,9,2022-07-06
RET_00000373,ORD_00000437,ITEM_00000105,too_late,493,52,2024-08-18
RET_00000374,ORD_00000858,ITEM_00000252,wrong_item,331,48,2022-07-01
RET_00000375,ORD_00000430,ITEM_00000645,defective,632,81,2021-12-01
RET_00000376,ORD_00000647,ITEM_00000099,changed_mind,799,64,2021-09-06
RET_00000377,ORD_00000658,ITEM_00000178,wrong_item,2018,238,2025-09-06
RET_00000378,ORD_00000345,ITEM_00000265,too_late,1082,153,2023-07-12
RET_00000379,ORD_00000997,ITEM_00000132,defective,983,31,2024-10-21
RET_00000380,ORD_00000149,ITEM_00000199,not_as_described,527,62,2021-12-21
RET_00000381,ORD_00000628,ITEM_00000705,changed_mind,3309,133,2024-08-09
RET_00000382,ORD_00000392,ITEM_00000720,changed_mind,2395,315,2022-02-04
RET_00000383,ORD_00000187,ITEM_00000057,not_as_described,2247,33,2022-10-14
RET_00000384,ORD_00000020,ITEM_00000892,wrong_item,1044,27,2024-06-29
RET_00000385,ORD_00000338,ITEM_00000409,changed_mind,1511,163,2023-07-31
RET_00000386,ORD_00000373,ITEM_00000954,wrong_item,139,3,2024-12-17
RET_00000387,ORD_00000979,ITEM_00000262,too_late,1289,30,2023-10-06
RET_00000388,ORD_00000756,ITEM_00000742,not_as_described,5106,425,2021-11-13
RET_00000389,ORD_00000067,ITEM_00000654,wrong_item,689,86,2023-11-02
RET_00000390,ORD_00000439,ITEM_00000575,too_late,498,20,2025-05-13
RET_00000391,ORD_00000062,ITEM_00000118,defective,978,123,2024-08-06
RET_00000392,ORD_00000486,ITEM_00000485,changed_mind,550,66,2021-03-14
RET_00000393,ORD_00000786,ITEM_00000971,not_as_described,523,45,2024-01-02
RET_00000394,ORD_00000859,ITEM_00000321,defective,1355,131,2022-09-07
RET_00000395,ORD_00000975,ITEM_00000308,defective,2120,12,2023-12-03
RET_00000396,ORD_00000622,ITEM_00000490,defective,1365,75,2021-09-26
RET_00000397,ORD_00000568,ITEM_00000321,wrong_item,438,17,2024-01-28
RET_00000398,ORD_00000085,ITEM_00000757,changed_mind,642,14,2024-01-22
RET_00000399,ORD_00000406,ITEM_00000893,not_as_described,1417,82,2023-03-17
RET_00000400,ORD_00000776,ITEM_00000356,changed_mind,1855,98,2024-08-09
RET_00000401,ORD_00000395,ITEM_00000648,changed_mind,928,101,2024-10-04
RET_00000402,ORD_00000619,ITEM_00000608,changed_mind,536,48,2023-07-03
RET_00000403,ORD_00000524,ITEM_00000737,too_late,2037,278,2025-02-24
RET_00000404,ORD_00000176,ITEM_00000520,too_late,4674,101,2023-06-26
RET_00000405,ORD_00000359,ITEM_00000526,too_late,2694,24,2025-12-29
RET_00000406,ORD_00000831,ITEM_00000024,too_late,5364,430,2023-10-07
RET_00000407,ORD_00000539,ITEM_00000192,changed_mind,667,0,2024-11-01
RET_00000408,ORD_00000291,ITEM_00000753,changed_mind,2502,295,2022-11-30
RET_00000409,ORD_00000130,ITEM_00000349,not_as_described,3073,233,2022-04-12
RET_00000410,ORD_00000739,ITEM_00000025,not_as_described,742,54,2025-12-09
RET_00000411,ORD_00000479,ITEM_00000390,not_as_described,566,30,2023-05-25
RET_00000412,ORD_00000648,ITEM_00000641,not_as_described,508,28,2024-03-08
RET_00000413,ORD_00000532,ITEM_00000599,not_as_described,1019,65,2021-08-23
RET_00000414,ORD_00000264,ITEM_00000745,too_late,328,0,2023-12-10
RET_00000415,ORD_00000959,ITEM_00000801,changed_mind,4236,53,2023-06-26
RET_00000416,ORD_00000836,ITEM_00000910,not_as_described,392,29,2024-09-29
RET_00000417,ORD_00000671,ITEM_00000959,wrong_item,1536,34,2025-09-09
RET_00000418,ORD_00000503,ITEM_00000568,not_as_described,179,20,2025-10-27
RET_00000419,ORD_00000160,ITEM_00000190,not_as_described,5631,231,2022-01-12
RET_00000420,ORD_00000909,ITEM_00000028,changed_mind,2979,43,2022-04-14
RET_00000421,ORD_00000854,ITEM_00000541,too_late,306,10,2024-05-09
RET_00000422,ORD_00000538,ITEM_00000491,defective,1399,74,2021-11-02
RET_00000423,ORD_00000081,ITEM_00000488,changed_mind,903,4,2021-08-24
RET_00000424,ORD_00000413,ITEM_00000791,too_late,1241,26,2023-05-20
RET_00000425,ORD_00000475,ITEM_00000172,wrong_item,1823,88,2024-11-27
RET_00000426,ORD_00000888,ITEM_00000038,defective,577,26,2021-11-19
RET_00000427,ORD_00000982,ITEM_00000945,too_late,1050,126,2021-08-15
RET_00000428,ORD_00000018,ITEM_00000299,too_late,257,32,2024-01-13
RET_00000429,ORD_00000069,ITEM_00000266,changed_mind,1172,34,2023-02-01
RET_00000430,ORD_00000908,ITEM_00000027,too_late,211,3,2025-05-29
RET_00000431,ORD_00000130,ITEM_00000648,not_as_described,3117,296,2022-08-10
RET_00000432,ORD_00000938,ITEM_00000748,too_late,339,40,2024-10-24
RET_00000433,ORD_00000647,ITEM_00000757,defective,1387,200,2025-09-18
RET_00000434,ORD_00000815,ITEM_00000452,too_late,2127,2,2021-03-28
RET_00000435,ORD_00000891,ITEM_00000469,wrong_item,4872,302,2024-12-23
RET_00000436,ORD_00000730,ITEM_00000085,not_as_described,4530,498,2025-01-06
RET_00000437,ORD_00000310,ITEM_00000926,defective,3344,415,2024-10-08
RET_00000438,ORD_00000487,ITEM_00000013,defective,1082,10,2022-12-24
RET_00000439,ORD_00000015,ITEM_00000570,changed_mind,2677,273,2025-04-11
RET_00000440,ORD_00000496,ITEM_00000259,changed_mind,1367,59,2022-10-01
RET_00000441,ORD_00000186,ITEM_00000980,not_as_described,1464,16,2021-04-06
RET_00000442,ORD_00000417,ITEM_00000100,defective,667,48,2023-08-05
RET_00000443,ORD_00000707,ITEM_00000616,wrong_item,4416,104,2022-08-29
RET_00000444,ORD_00000703,ITEM_00000261,too_late,576,63,2022-12-06
RET_00000445,ORD_00000746,ITEM_00000278,too_late,465,51,2023-07-26
RET_00000446,ORD_00000432,ITEM_00000954,too_late,1519,191,2023-01-02
RET_00000447,ORD_00000066,ITEM_00000066,changed_mind,261,14,2022-03-07
RET_00000448,ORD_00000081,ITEM_00000601,defective,1204,2,2023-03-06
RET_00000449,ORD_00000961,ITEM_00000808,defective,4054,157,2025-09-01
RET_00000450,ORD_00000036,ITEM_00000600,wrong_item,1528,107,2021-06-10
RET_00000451,ORD_00000747,ITEM_00000378,changed_mind,1124,117,2024-12-08
RET_00000452,ORD_00000017,ITEM_00000517,wrong_item,560,32,2022-06-08
RET_00000453,ORD_00000514,ITEM_00000656,defective,329,26,2023-01-23
RET_00000454,ORD_00000033,ITEM_00000117,too_late,2188,172,2022-06-23
RET_00000455,ORD_00000349,ITEM_00000783,changed_mind,1121,27,2023-08-27
RET_00000456,ORD_00000380,ITEM_00000499,changed_mind,1807,168,2025-10-08
RET_00000457,ORD_00000508,ITEM_00000205,changed_mind,189,12,2021-10-02
RET_00000458,ORD_00000646,ITEM_00000587,too_late,1969,238,2023-11-24
RET_00000459,ORD_00000939,ITEM_00000080,changed_mind,5370,556,2025-09-30
RET_00000460,ORD_00000868,ITEM_00000018,not_as_described,3206,53,2024-11-10
RET_00000461,ORD_00000856,ITEM_00000729,changed_mind,1390,101,2023-01-29
RET_00000462,ORD_00000267,ITEM_00000943,too_late,475,50,2022-10-21
RET_00000463,ORD_00000517,ITEM_00000614,changed_mind,1208,15,2024-08-22
RET_00000464,ORD_00000798,ITEM_00001000,not_as_described,1240,147,2023-12-08
RET_00000465,ORD_00000906,ITEM_00000644,not_as_described,737,24,2025-11-16
RET_00000466,ORD_00000485,ITEM_00000821,changed_mind,784,59,2024-03-16
RET_00000467,ORD_00000347,ITEM_00000058,defective,5877,829,2022-01-28
RET_00000468,ORD_00000603,ITEM_00000112,defective,506,43,2022-12-24
RET_00000469,ORD_00000664,ITEM_00000597,wrong_item,778,49,2023-04-18
RET_00000470,ORD_00000443,ITEM_00000843,not_as_described,1717,1,2024-07-06
RET_00000471,ORD_00000378,ITEM_00000826,defective,6277,125,2025-01-05
RET_00000472,ORD_00000630,ITEM_00000628,wrong_item,861,74,2025-02-19
RET_00000473,ORD_00000963,ITEM_00000315,defective,260,19,2024-11-18
RET_00000474,ORD_00000573,ITEM_00000162,changed_mind,198,10,2023-11-27
RET_00000475,ORD_00000358,ITEM_00000798,not_as_described,8234,1140,2022-05-24
RET_00000476,ORD_00000538,ITEM_00000950,defective,238,11,2021-10-02
RET_00000477,ORD_00000621,ITEM_00000324,changed_mind,1165,93,2023-09-27
RET_00000478,ORD_00000880,ITEM_00000718,wrong_item,326,27,2022-10-07
RET_00000479,ORD_00000807,ITEM_00000331,changed_mind,583,46,2023-01-01
RET_00000480,ORD_00000210,ITEM_00000580,wrong_item,652,46,2024-08-30
RET_00000481,ORD_00000771,ITEM_00000922,defective,229,11,2025-05-31
RET_00000482,ORD_00000806,ITEM_00000899,too_late,2908,396,2023-12-12
RET_00000483,ORD_00000042,ITEM_00000760,changed_mind,1547,104,2022-07-18
RET_00000484,ORD_00000816,ITEM_00000502,too_late,779,61,2022-05-12
RET_00000485,ORD_00000985,ITEM_00000057,not_as_described,692,68,2025-09-29
RET_00000486,ORD_00000013,ITEM_00000165,too_late,2619,26,2022-06-13
RET_00000487,ORD_00000601,ITEM_00000166,not_as_described,1178,138,2021-03-06
RET_00000488,ORD_00000600,ITEM_00000297,defective,5816,447,2021-10-05
RET_00000489,ORD_00000824,ITEM_00000004,defective,766,75,2025-05-15
RET_00000490,ORD_00000489,ITEM_00000410,changed_mind,1541,178,2022-09-27
RET_00000491,ORD_00000187,ITEM_00000807,too_late,409,53,2025-12-09
RET_00000492,ORD_00000063,ITEM_00000877,not_as_described,775,45,2022-07-26
RET_00000493,ORD_00000336,ITEM_00000106,not_as_described,2514,305,2023-07-17
RET_00000494,ORD_00000555,ITEM_00000620,too_late,2815,109,2024-06-25
RET_00000495,ORD_00000745,ITEM_00000682,defective,4784,473,2023-10-31
RET_00000496,ORD_00000746,ITEM_00000779,defective,1565,24,2024-08-22
RET_00000497,ORD_00000075,ITEM_00000779,not_as_described,2947,8,2023-04-08
RET_00000498,ORD_00000765,ITEM_00000566,changed_mind,1806,25,2023-11-02
RET_00000499,ORD_00000825,ITEM_00000998,defective,788,37,2023-01-15
RET_00000500,ORD_00000149,ITEM_00000166,wrong_item,326,1,2022-11-11
RET_00000501,ORD_00000991,ITEM_00000254,not_as_described,911,86,2025-07-13
RET_00000502,ORD_00000694,ITEM_00000788,too_late,438,20,2022-09-06
RET_00000503,ORD_00000207,ITEM_00000666,too_late,2549,281,2025-02-19
RET_00000504,ORD_00000693,ITEM_00000128,not_as_described,2667,18,2022-09-01
RET_00000505,ORD_00000685,ITEM_00000486,not_as_described,486,15,2022-02-26
RET_00000506,ORD_00000241,ITEM_00000076,defective,2669,163,2022-10-15
RET_00000507,ORD_00000676,ITEM_00000887,not_as_described,426,24,2025-01-18
RET_00000508,ORD_00000575,ITEM_00000221,not_as_described,3483,68,2025-12-21
RET_00000509,ORD_00000894,ITEM_00000782,wrong_item,963,143,2022-11-13
RET_00000510,ORD_00000235,ITEM_00000434,too_late,1582,67,2024-05-03
RET_00000511,ORD_00000125,ITEM_00000635,defective,3496,378,2022-05-08
RET_00000512,ORD_00000257,ITEM_00000537,changed_mind,1767,58,2022-01-12
RET_00000513,ORD_00000092,ITEM_00000439,defective,985,129,2022-08-17
RET_00000514,ORD_00000737,ITEM_00000435,too_late,2207,128,2025-05-03
RET_00000515,ORD_00000707,ITEM_00000618,changed_mind,505,68,2024-12-02
RET_00000516,ORD_00000887,ITEM_00000618,not_as_described,234,11,2024-02-16
RET_00000517,ORD_00000207,ITEM_00000615,wrong_item,2743,3,2023-04-17
RET_00000518,ORD_00000417,ITEM_00000986,wrong_item,383,29,2021-07-18
RET_00000519,ORD_00000288,ITEM_00000778,too_late,2292,180,2023-08-10
RET_00000520,ORD_00000215,ITEM_00000526,too_late,1227,22,2022-11-18
RET_00000521,ORD_00000698,ITEM_00000133,wrong_item,1083,38,2024-07-10
RET_00000522,ORD_00000638,ITEM_00000441,changed_mind,514,60,2021-08-05
RET_00000523,ORD_00000794,ITEM_00000534,changed_mind,764,4,2024-11-13
RET_00000524,ORD_00000767,ITEM_00000587,defective,1108,81,2023-10-30
RET_00000525,ORD_00000512,ITEM_00000797,not_as_described,1285,102,2021-09-12
RET_00000526,ORD_00000573,ITEM_00000391,changed_mind,532,54,2025-02-22
RET_00000527,ORD_00000368,ITEM_00000244,not_as_described,1988,11,2023-02-22
RET_00000528,ORD_00000401,ITEM_00000768,too_late,2091,183,2022-09-04
RET_00000529,ORD_00000201,ITEM_00000146,changed_mind,1615,0,2025-05-21
RET_00000530,ORD_00000581,ITEM_00000415,changed_mind,772,30,2023-07-10
RET_00000531,ORD_00000285,ITEM_00000427,changed_mind,2181,163,2023-08-01
RET_00000532,ORD_00000063,ITEM_00000212,defective,1802,246,2025-08-27
RET_00000533,ORD_00000646,ITEM_00000249,too_late,229,4,2025-04-04
RET_00000534,ORD_00000751,ITEM_00000035,wrong_item,1298,32,2022-06-01
RET_00000535,ORD_00000764,ITEM_00000839,defective,5148,516,2023-05-29
RET_00000536,ORD_00000361,ITEM_00000253,defective,2386,134,2024-02-02
RET_00000537,ORD_00000187,ITEM_00000862,changed_mind,2759,258,2021-04-07
RET_00000538,ORD_00000483,ITEM_00000772,defective,625,93,2023-01-05
RET_00000539,ORD_00000371,ITEM_00000819,wrong_item,1212,179,2025-08-03
RET_00000540,ORD_00000021,ITEM_00000862,defective,947,50,2022-02-04
RET_00000541,ORD_00000941,ITEM_00000286,defective,1094,82,2025-07-11
RET_00000542,ORD_00000941,ITEM_00000862,changed_mind,726,98,2021-12-27
RET_00000543,ORD_00000855,ITEM_00000693,too_late,408,5,2022-11-25
RET_00000544,ORD_00000803,ITEM_00000210,wrong_item,1154,78,2025-11-25
RET_00000545,ORD_00000308,ITEM_00000110,changed_mind,587,33,2024-06-29
RET_00000546,ORD_00000046,ITEM_00000330,defective,1752,77,2023-08-15
RET_00000547,ORD_00000194,ITEM_00000142,wrong_item,1070,159,2022-11-06
RET_00000548,ORD_00000057,ITEM_00000676,not_as_described,234,25,2025-09-03
RET_00000549,ORD_00000554,ITEM_00000087,defective,3312,193,2021-07-10
RET_00000550,ORD_00000457,ITEM_00000140,too_late,1553,193,2025-08-18
RET_00000551,ORD_00000333,ITEM_00000332,defective,760,55,2025-08-05
RET_00000552,ORD_00000747,ITEM_00000674,too_late,837,109,2025-03-31
RET_00000553,ORD_00000866,ITEM_00000026,not_as_described,410,16,2024-06-06
RET_00000554,ORD_00000016,ITEM_00000646,changed_mind,1043,34,2025-07-02
RET_00000555,ORD_00000645,ITEM_00000869,changed_mind,1891,70,2023-10-01
RET_00000556,ORD_00000513,ITEM_00000627,changed_mind,4429,357,2023-08-02
RET_00000557,ORD_00000744,ITEM_00000693,wrong_item,1021,44,2025-09-26
RET_00000558,ORD_00000150,ITEM_00000911,too_late,1140,25,2024-09-09
RET_00000559,ORD_00000816,ITEM_00000362,defective,2846,424,2024-07-05
RET_00000560,ORD_00000634,ITEM_00000871,wrong_item,433,58,2024-09-27
RET_00000561,ORD_00000794,ITEM_00000659,wrong_item,1232,117,2025-01-27
RET_00000562,ORD_00000802,ITEM_00000360,defective,598,79,2025-06-18
RET_00000563,ORD_00000882,ITEM_00000943,not_as_described,1217,170,2025-04-12
RET_00000564,ORD_00000826,ITEM_00000215,changed_mind,2320,235,2024-07-10
RET_00000565,ORD_00000213,ITEM_00000996,not_as_described,292,22,2022-06-14
RET_00000566,ORD_00000391,ITEM_00000077,not_as_described,2667,352,2022-02-12
RET_00000567,ORD_00000281,ITEM_00000095,changed_mind,1462,124,2021-04-12
RET_00000568,ORD_00000953,ITEM_00000957,not_as_described,1226,23,2023-04-15
RET_00000569,ORD_00000652,ITEM_00000997,wrong_item,3218,177,2022-06-25
RET_00000570,ORD_00000671,ITEM_00000218,defective,582,38,2024-12-30
RET_00000571,ORD_00000539,ITEM_00000875,wrong_item,375,52,2021-05-17
RET_00000572,ORD_00000342,ITEM_00000368,wrong_item,483,47,2024-01-24
RET_00000573,ORD_00000674,ITEM_00000052,too_late,1679,220,2025-01-05
RET_00000574,ORD_00000630,ITEM_00000274,changed_mind,738,83,2023-05-25
RET_00000575,ORD_00000337,ITEM_00000444,changed_mind,545,25,2024-06-10
RET_00000576,ORD_00000075,ITEM_00000687,wrong_item,501,54,2023-09-14
RET_00000577,ORD_00000093,ITEM_00000825,changed_mind,1261,36,2022-12-07
RET_00000578,ORD_00000546,ITEM_00000033,too_late,1072,65,2024-11-13
RET_00000579,ORD_00000115,ITEM_00000872,defective,352,42,2022-12-12
RET_00000580,ORD_00000421,ITEM_00000416,not_as_described,362,33,2024-02-12
RET_00000581,ORD_00000954,ITEM_00000644,changed_mind,719,89,2023-04-03
RET_00000582,ORD_00000113,ITEM_00000425,wrong_item,2285,87,2021-12-04
RET_00000583,ORD_00000368,ITEM_00000787,changed_mind,779,87,2022-06-02
RET_00000584,ORD_00000060,ITEM_00000007,wrong_item,336,10,2023-01-21
RET_00000585,ORD_00000282,ITEM_00000495,not_as_described,1023,83,2022-08-07
RET_00000586,ORD_00000237,ITEM_00000739,changed_mind,1130,73,2025-12-04
RET_00000587,ORD_00000638,ITEM_00000767,not_as_described,334,27,2025-03-18
RET_00000588,ORD_00000941,ITEM_00000794,wrong_item,413,8,2025-07-16
RET_00000589,ORD_00000045,ITEM_00000748,too_late,1988,107,2022-07-05
RET_00000590,ORD_00000800,ITEM_00000855,too_late,409,40,2021-05-13
RET_00000591,ORD_00000741,ITEM_00000354,defective,2056,172,2025-03-18
RET_00000592,ORD_00000197,ITEM_00000947,wrong_item,318,26,2023-05-28
RET_00000593,ORD_00000724,ITEM_00000696,wrong_item,327,25,2021-08-02
RET_00000594,ORD_00000499,ITEM_00000199,wrong_item,1117,158,2022-08-01
RET_00000595,ORD_00000583,ITEM_00000715,too_late,599,83,2022-03-10
RET_00000596,ORD_00000747,ITEM_00000435,too_late,714,38,2024-10-20
RET_00000597,ORD_00000791,ITEM_00000136,too_late,1238,65,2022-02-06
RET_00000598,ORD_00000449,ITEM_00000909,changed_mind,698,58,2022-12-25
RET_00000599,ORD_00000679,ITEM_00000288,changed_mind,513,7,2021-04-13
RET_00000600,ORD_00000195,ITEM_00000802,too_late,1623,73,2022-08-30
RET_00000601,ORD_00000685,ITEM_00000658,not_as_described,1267,43,2025-03-04
RET_00000602,ORD_00000195,ITEM_00000719,changed_mind,1135,38,2024-03-25
RET_00000603,ORD_00000575,ITEM_00000567,changed_mind,1080,103,2021-08-12
RET_00000604,ORD_00000582,ITEM_00000811,changed_mind,577,33,2023-03-16
RET_00000605,ORD_00000735,ITEM_00000408,changed_mind,488,12,2024-03-31
RET_00000606,ORD_00000310,ITEM_00000917,defective,832,110,2022-05-10
RET_00000607,ORD_00000795,ITEM_00000914,changed_mind,585,76,2025-01-03
RET_00000608,ORD_00000861,ITEM_00000910,not_as_described,1085,140,2022-05-21
RET_00000609,ORD_00000591,ITEM_00000762,defective,801,46,2023-12-26
RET_00000610,ORD_00000548,ITEM_00000949,changed_mind,1112,9,2024-03-22
RET_00000611,ORD_00000389,ITEM_00000787,wrong_item,1018,16,2022-05-18
RET_00000612,ORD_00000707,ITEM_00000717,defective,4501,186,2022-06-22
RET_00000613,ORD_00000435,ITEM_00000825,changed_mind,361,11,2025-09-12
RET_00000614,ORD_00000729,ITEM_00000704,not_as_described,943,123,2025-04-26
RET_00000615,ORD_00000800,ITEM_00000336,too_late,452,66,2021-04-06
RET_00000616,ORD_00000661,ITEM_00000002,changed_mind,745,91,2025-06-04
RET_00000617,ORD_00000496,ITEM_00000185,wrong_item,570,62,2021-06-06
RET_00000618,ORD_00000785,ITEM_00000674,not_as_described,1828,161,2023-05-23
RET_00000619,ORD_00000201,ITEM_00000561,defective,337,38,2024-01-09
RET_00000620,ORD_00000666,ITEM_00000602,not_as_described,2048,290,2024-08-07
RET_00000621,ORD_00000534,ITEM_00000438,changed_mind,1675,151,2022-06-11
RET_00000622,ORD_00000297,ITEM_00000763,wrong_item,5677,131,2022-02-17
RET_00000623,ORD_00000494,ITEM_00000022,not_as_described,4639,114,2021-05-11
RET_00000624,ORD_00000827,ITEM_00000212,not_as_described,579,50,2024-12-05
RET_00000625,ORD_00000727,ITEM_00000477,too_late,2949,147,2024-02-09
RET_00000626,ORD_00000331,ITEM_00000466,too_late,845,115,2024-07-28
RET_00000627,ORD_00000634,ITEM_00000989,changed_mind,1399,128,2023-12-19
RET_00000628,ORD_00000778,ITEM_00000234,defective,4341,440,2024-11-08
RET_00000629,ORD_00000855,ITEM_00000172,defective,597,0,2023-11-15
RET_00000630,ORD_00000261,ITEM_00000603,wrong_item,1146,85,2022-06-03
RET_00000631,ORD_00000055,ITEM_00000675,changed_mind,230,14,2024-06-03
RET_00000632,ORD_00000282,ITEM_00000797,defective,2231,236,2024-09-27
RET_00000633,ORD_00000772,ITEM_00000518,not_as_described,5896,338,2022-07-14
RET_00000634,ORD_00000875,ITEM_00000244,changed_mind,1734,254,2023-02-15
RET_00000635,ORD_00000795,ITEM_00000421,not_as_described,3276,329,2022-03-02
RET_00000636,ORD_00000742,ITEM_00000379,wrong_item,2734,270,2025-09-29
RET_00000637,ORD_00000994,ITEM_00000473,changed_mind,623,85,2024-01-24
RET_00000638,ORD_00000638,ITEM_00000341,wrong_item,1421,212,2022-10-28
RET_00000639,ORD_00000442,ITEM_00000954,too_late,1628,48,2022-08-10
RET_00000640,ORD_00000259,ITEM_00000960,wrong_item,431,52,2023-11-24
RET_00000641,ORD_00000562,ITEM_00000671,too_late,3483,84,2023-03-19
RET_00000642,ORD_00000736,ITEM_00000123,changed_mind,732,50,2025-10-25
RET_00000643,ORD_00000893,ITEM_00000872,not_as_described,921,13,2022-10-23
RET_00000644,ORD_00000794,ITEM_00000434,not_as_described,888,83,2022-11-10
RET_00000645,ORD_00000146,ITEM_00000976,not_as_described,1130,79,2025-08-06
RET_00000646,ORD_00000391,ITEM_00000188,wrong_item,11427,1077,2021-11-10
RET_00000647,ORD_00000373,ITEM_00000014,changed_mind,675,68,2023-09-16
RET_00000648,ORD_00000045,ITEM_00000070,changed_mind,318,29,2023-01-06
RET_00000649,ORD_00000397,ITEM_00000651,too_late,1249,55,2024-07-06
RET_00000650,ORD_00000262,ITEM_00000411,changed_mind,549,68,2023-06-14
RET_00000651,ORD_00000931,ITEM_00000870,not_as_described,790,65,2022-12-29
RET_00000652,ORD_00000479,ITEM_00000837,changed_mind,1800,132,2024-01-19
RET_00000653,ORD_00000746,ITEM_00000591,too_late,459,67,2025-07-19
RET_00000654,ORD_00000565,ITEM_00000806,changed_mind,819,34,2022-10-22
RET_00000655,ORD_00000485,ITEM_00000318,changed_mind,1386,109,2022-06-29
RET_00000656,ORD_00000747,ITEM_00000437,not_as_described,588,60,2021-11-14
RET_00000657,ORD_00000708,ITEM_00000592,changed_mind,1062,19,2021-11-08
RET_00000658,ORD_00000938,ITEM_00000146,wrong_item,1385,73,2022-07-07
RET_00000659,ORD_00000516,ITEM_00000885,too_late,999,120,2024-08-09
RET_00000660,ORD_00000572,ITEM_00000737,too_late,1243,44,2024-04-04
RET_00000661,ORD_00000685,ITEM_00000227,too_late,1458,107,2025-07-22
RET_00000662,ORD_00000584,ITEM_00000382,changed_mind,639,60,2023-04-29
RET_00000663,ORD_00000486,ITEM_00000180,wrong_item,338,34,2022-01-30
RET_00000664,ORD_00000587,ITEM_00000536,too_late,478,52,2025-12-01
RET_00000665,ORD_00000834,ITEM_00000099,defective,420,54,2021-04-22
RET_00000666,ORD_00000466,ITEM_00000391,not_as_described,2939,173,2023-01-16
RET_00000667,ORD_00000466,ITEM_00000270,defective,273,28,2024-01-30
RET_00000668,ORD_00000022,ITEM_00000946,defective,1812,199,2024-09-04
RET_00000669,ORD_00000396,ITEM_00000094,too_late,634,28,2024-12-22
RET_00000670,ORD_00000209,ITEM_00000792,defective,2510,364,2021-09-26
RET_00000671,ORD_00000563,ITEM_00000463,defective,782,101,2025-03-29
RET_00000672,ORD_00000145,ITEM_00000781,wrong_item,1124,48,2024-01-30
RET_00000673,ORD_00000420,ITEM_00000659,not_as_described,1658,167,2023-12-08
RET_00000674,ORD_00000349,ITEM_00000285,changed_mind,2991,322,2024-12-06
RET_00000675,ORD_00000305,ITEM_00000022,too_late,695,44,2023-01-11
RET_00000676,ORD_00000784,ITEM_00000002,too_late,669,86,2023-08-11
RET_00000677,ORD_00000971,ITEM_00000103,defective,1650,170,2024-09-03
RET_00000678,ORD_00000044,ITEM_00000973,changed_mind,308,30,2022-01-31
RET_00000679,ORD_00000107,ITEM_00000036,changed_mind,277,9,2023-02-14
RET_00000680,ORD_00000150,ITEM_00000806,changed_mind,1470,89,2025-01-17
RET_00000681,ORD_00000606,ITEM_00000274,too_late,1873,121,2023-06-27
RET_00000682,ORD_00000264,ITEM_00000051,too_late,1432,157,2023-01-04
RET_00000683,ORD_00000110,ITEM_00000143,wrong_item,1014,94,2021-06-13
RET_00000684,ORD_00000018,ITEM_00000896,too_late,712,9,2025-11-08
RET_00000685,ORD_00000750,ITEM_00000483,too_late,3905,180,2023-02-01
RET_00000686,ORD_00000336,ITEM_00000948,wrong_item,4333,307,2024-04-21
RET_00000687,ORD_00000239,ITEM_00000017,too_late,1195,132,2025-11-28
RET_00000688,ORD_00000886,ITEM_00000880,defective,634,70,2024-03-27
RET_00000689,ORD_00000724,ITEM_00000589,defective,489,35,2021-03-06
RET_00000690,ORD_00000743,ITEM_00000278,wrong_item,1548,27,2023-05-09
RET_00000691,ORD_00000328,ITEM_00000635,wrong_item,410,18,2024-09-11
RET_00000692,ORD_00000862,ITEM_00000438,defective,418,15,2024-01-31
RET_00000693,ORD_00000294,ITEM_00000436,changed_mind,744,87,2022-12-13
RET_00000694,ORD_00000413,ITEM_00001000,too_late,1645,44,2024-09-13
RET_00000695,ORD_00000461,ITEM_00000384,not_as_described,3551,247,2022-09-02
RET_00000696,ORD_00000081,ITEM_00000981,not_as_described,1340,134,2023-09-28
RET_00000697,ORD_00000255,ITEM_00000858,wrong_item,1631,236,2023-01-03
RET_00000698,ORD_00000744,ITEM_00000686,not_as_described,2406,360,2024-07-01
RET_00000699,ORD_00000363,ITEM_00000132,changed_mind,2233,319,2023-09-14
RET_00000700,ORD_00000721,ITEM_00000263,not_as_described,705,75,2022-01-18
RET_00000701,ORD_00000457,ITEM_00000394,defective,2201,246,2022-11-06
RET_00000702,ORD_00000898,ITEM_00000783,wrong_item,2503,285,2023-03-27
RET_00000703,ORD_00000443,ITEM_00000922,not_as_described,1406,181,2024-02-22
RET_00000704,ORD_00000810,ITEM_00000208,too_late,1223,174,2021-09-17
RET_00000705,ORD_00000886,ITEM_00000808,wrong_item,1771,118,2021-10-28
RET_00000706,ORD_00000984,ITEM_00000226,changed_mind,1629,101,2023-12-26
RET_00000707,ORD_00000533,ITEM_00000701,defective,247,17,2024-07-25
RET_00000708,ORD_00000238,ITEM_00000465,not_as_described,1545,152,2021-03-03
RET_00000709,ORD_00000898,ITEM_00000358,defective,2816,327,2023-07-02
RET_00000710,ORD_00000261,ITEM_00000144,changed_mind,2418,315,2025-03-27
RET_00000711,ORD_00000273,ITEM_00000354,not_as_described,1482,101,2023-10-24
RET_00000712,ORD_00000280,ITEM_00000251,wrong_item,1234,67,2023-10-21
RET_00000713,ORD_00000904,ITEM_00000376,wrong_item,798,117,2021-12-30
RET_00000714,ORD_00000926,ITEM_00000989,too_late,1000,34,2022-01-08
RET_00000715,ORD_00000946,ITEM_00000245,changed_mind,1962,65,2022-06-21
RET_00000716,ORD_00000150,ITEM_00000018,not_as_described,1491,160,2023-05-05
RET_00000717,ORD_00000827,ITEM_00000715,defective,2259,60,2023-07-31
RET_00000718,ORD_00000152,ITEM_00000716,defective,723,43,2025-02-02
RET_00000719,ORD_00000794,ITEM_00000485,not_as_described,2609,114,2022-07-11
RET_00000720,ORD_00000573,ITEM_00000002,changed_mind,668,16,2025-06-05
RET_00000721,ORD_00000648,ITEM_00000950,changed_mind,1289,112,2025-08-16
RET_00000722,ORD_00000012,ITEM_00000376,defective,699,39,2024-12-10
RET_00000723,ORD_00000014,ITEM_00000914,not_as_described,1013,70,2021-05-10
RET_00000724,ORD_00000511,ITEM_00000566,not_as_described,5580,163,2025-12-22
RET_00000725,ORD_00000542,ITEM_00000166,defective,1648,189,2024-01-01
RET_00000726,ORD_00000951,ITEM_00000865,not_as_described,1313,61,2022-04-10
RET_00000727,ORD_00000867,ITEM_00000329,not_as_described,3393,174,2025-05-19
RET_00000728,ORD_00000445,ITEM_00000655,wrong_item,140,5,2024-01-10
RET_00000729,ORD_00000318,ITEM_00000448,wrong_item,965,62,2023-08-12
RET_00000730,ORD_00000799,ITEM_00000092,too_late,735,51,2024-10-23
RET_00000731,ORD_00000732,ITEM_00000520,too_late,552,43,2024-10-09
RET_00000732,ORD_00000238,ITEM_00000252,changed_mind,322,46,2025-06-20
RET_00000733,ORD_00000539,ITEM_00000942,wrong_item,920,124,2021-03-31
RET_00000734,ORD_00000996,ITEM_00000612,wrong_item,1909,174,2024-02-19
RET_00000735,ORD_00000769,ITEM_00000039,wrong_item,975,5,2024-07-27
RET_00000736,ORD_00000809,ITEM_00000436,wrong_item,2077,190,2024-12-12
RET_00000737,ORD_00000654,ITEM_00000648,changed_mind,1161,15,2025-08-03
RET_00000738,ORD_00000762,ITEM_00000362,defective,2787,296,2025-01-05
RET_00000739,ORD_00000074,ITEM_00000946,changed_mind,733,42,2025-05-20
RET_00000740,ORD_00000434,ITEM_00000562,defective,245,30,2025-08-27
RET_00000741,ORD_00000298,ITEM_00000083,too_late,309,43,2024-11-20
RET_00000742,ORD_00000711,ITEM_00000766,wrong_item,736,46,2021-08-09
RET_00000743,ORD_00000296,ITEM_00000708,defective,542,37,2022-09-15
RET_00000744,ORD_00000014,ITEM_00000027,changed_mind,683,60,2021-08-05
RET_00000745,ORD_00000612,ITEM_00000589,defective,2726,80,2021-03-13
RET_00000746,ORD_00000603,ITEM_00000806,not_as_described,330,45,2024-06-22
RET_00000747,ORD_00000395,ITEM_00000767,too_late,3664,237,2023-03-04
RET_00000748,ORD_00000191,ITEM_00000021,too_late,575,14,2023-03-23
RET_00000749,ORD_00000874,ITEM_00000218,wrong_item,405,46,2022-01-03
RET_00000750,ORD_00000817,ITEM_00000045,wrong_item,981,32,2021-07-26
RET_00000751,ORD_00000421,ITEM_00000954,changed_mind,3638,78,2023-12-16
RET_00000752,ORD_00000106,ITEM_00000407,defective,620,52,2024-02-12
RET_00000753,ORD_00000394,ITEM_00000694,not_as_described,678,68,2023-09-13
RET_00000754,ORD_00000438,ITEM_00000798,too_late,715,61,2022-09-22
RET_00000755,ORD_00000007,ITEM_00000479,defective,2751,270,2025-11-28
RET_00000756,ORD_00000081,ITEM_00000863,not_as_described,767,13,2025-08-20
RET_00000757,ORD_00000765,ITEM_00000656,defective,1567,111,2022-12-28
RET_00000758,ORD_00000652,ITEM_00000564,wrong_item,1207,64,2023-01-21
RET_00000759,ORD_00000485,ITEM_00000763,too_late,1004,146,2022-07-23
RET_00000760,ORD_00000357,ITEM_00000618,not_as_described,735,5,2022-10-07
RET_00000761,ORD_00000311,ITEM_00000809,wrong_item,5298,237,2025-07-14
RET_00000762,ORD_00000932,ITEM_00000711,changed_mind,10235,1445,2023-09-23
RET_00000763,ORD_00000506,ITEM_00000337,changed_mind,540,79,2021-04-14
RET_00000764,ORD_00000519,ITEM_00000792,wrong_item,465,57,2025-09-26
RET_00000765,ORD_00000664,ITEM_00000148,not_as_described,1132,12,2025-12-10
RET_00000766,ORD_00000802,ITEM_00000615,not_as_described,177,14,2021-05-25
RET_00000767,ORD_00000638,ITEM_00000411,too_late,1139,68,2024-10-06
RET_00000768,ORD_00000449,ITEM_00000514,wrong_item,5462,660,2021-11-19
RET_00000769,ORD_00000285,ITEM_00000768,changed_mind,679,5,2024-09-12
RET_00000770,ORD_00000282,ITEM_00000572,wrong_item,2602,76,2023-12-03
RET_00000771,ORD_00000074,ITEM_00000819,defective,3552,260,2024-07-31
RET_00000772,ORD_00000961,ITEM_00000385,not_as_described,550,13,2021-10-02
RET_00000773,ORD_00000045,ITEM_00000482,defective,1264,131,2021-10-17
RET_00000774,ORD_00000529,ITEM_00000603,changed_mind,1455,179,2025-11-20
RET_00000775,ORD_00000745,ITEM_00000101,not_as_described,1964,207,2022-12-14
RET_00000776,ORD_00000676,ITEM_00000114,changed_mind,2082,137,2024-06-13
RET_00000777,ORD_00000457,ITEM_00000262,changed_mind,2691,354,2025-07-04
RET_00000778,ORD_00000999,ITEM_00000422,changed_mind,586,12,2023-01-31
RET_00000779,ORD_00000575,ITEM_00000054,too_late,1260,49,2025-05-19
RET_00000780,ORD_00000407,ITEM_00000188,changed_mind,3590,263,2025-12-11
RET_00000781,ORD_00000093,ITEM_00000539,changed_mind,3914,36,2023-02-05
RET_00000782,ORD_00000322,ITEM_00000752,defective,1313,18,2022-07-26
RET_00000783,ORD_00000466,ITEM_00000592,defective,716,42,2024-04-01
RET_00000784,ORD_00000604,ITEM_00000190,defective,2510,355,2024-03-29
RET_00000785,ORD_00000885,ITEM_00000831,not_as_described,1684,229,2025-09-19
RET_00000786,ORD_00000554,ITEM_00000867,too_late,1655,115,2021-12-30
RET_00000787,ORD_00000753,ITEM_00000603,not_as_described,2039,43,2022-02-14
RET_00000788,ORD_00000327,ITEM_00000547,too_late,512,13,2023-05-12
RET_00000789,ORD_00000767,ITEM_00000058,too_late,2159,122,2022-05-25
RET_00000790,ORD_00000843,ITEM_00000503,wrong_item,1240,39,2024-09-13
RET_00000791,ORD_00000583,ITEM_00000189,wrong_item,2733,34,2024-12-25
RET_00000792,ORD_00000811,ITEM_00000765,wrong_item,1114,112,2023-09-19
RET_00000793,ORD_00000728,ITEM_00000548,too_late,1748,152,2024-01-26
RET_00000794,ORD_00000823,ITEM_00000870,too_late,1581,69,2023-08-19
RET_00000795,ORD_00000568,ITEM_00000604,not_as_described,708,82,2023-04-01
RET_00000796,ORD_00000591,ITEM_00000568,too_late,533,62,2023-03-03
RET_00000797,ORD_00000415,ITEM_00000579,changed_mind,2090,153,2021-05-02
RET_00000798,ORD_00000499,ITEM_00000313,changed_mind,552,7,2022-07-18
RET_00000799,ORD_00000851,ITEM_00000169,too_late,838,115,2023-10-01
RET_00000800,ORD_00000440,ITEM_00000799,changed_mind,818,82,2021-11-20
RET_00000801,ORD_00000633,ITEM_00000131,too_late,1470,54,2025-10-25
RET_00000802,ORD_00000714,ITEM_00000678,wrong_item,1882,172,2022-08-17
RET_00000803,ORD_00000432,ITEM_00000949,too_late,315,19,2024-03-07
RET_00000804,ORD_00000948,ITEM_00000564,wrong_item,613,58,2025-09-09
RET_00000805,ORD_00000328,ITEM_00000152,defective,591,42,2024-06-21
RET_00000806,ORD_00000257,ITEM_00000922,changed_mind,913,66,2023-10-02
RET_00000807,ORD_00000642,ITEM_00000105,defective,222,24,2022-07-08
RET_00000808,ORD_00000861,ITEM_00000367,changed_mind,2716,250,2025-07-12
RET_00000809,ORD_00000554,ITEM_00000092,defective,1150,13,2024-12-23
RET_00000810,ORD_00000074,ITEM_00000713,too_late,984,9,2023-08-20
RET_00000811,ORD_00000234,ITEM_00000805,defective,2006,91,2023-04-03
RET_00000812,ORD_00000521,ITEM_00000885,changed_mind,1659,107,2025-08-11
RET_00000813,ORD_00000882,ITEM_00000731,not_as_described,1644,67,2025-12-29
RET_00000814,ORD_00000543,ITEM_00000432,changed_mind,1083,105,2023-07-03
RET_00000815,ORD_00000608,ITEM_00000579,not_as_described,1192,34,2022-01-25
RET_00000816,ORD_00000258,ITEM_00000681,too_late,2154,227,2025-03-03
RET_00000817,ORD_00000792,ITEM_00000305,changed_mind,1678,194,2024-08-13
RET_00000818,ORD_00000229,ITEM_00000028,defective,4370,81,2023-08-21
RET_00000819,ORD_00000245,ITEM_00000288,too_late,1226,119,2021-12-17
RET_00000820,ORD_00000427,ITEM_00000355,changed_mind,1845,266,2022-04-30
RET_00000821,ORD_00000710,ITEM_00000967,too_late,993,28,2021-12-20
RET_00000822,ORD_00000456,ITEM_00000839,not_as_described,1420,193,2023-06-11
RET_00000823,ORD_00000744,ITEM_00000981,too_late,1481,134,2022-07-13
RET_00000824,ORD_00000473,ITEM_00000544,defective,768,68,2025-06-27
RET_00000825,ORD_00000811,ITEM_00000678,changed_mind,653,5,2023-06-23
RET_00000826,ORD_00000563,ITEM_00000404,not_as_described,1831,205,2025-08-02
RET_00000827,ORD_00000729,ITEM_00000136,too_late,1577,113,2025-11-04
RET_00000828,ORD_00000174,ITEM_00000068,wrong_item,3547,383,2022-12-13
RET_00000829,ORD_00000075,ITEM_00000154,not_as_described,1100,133,2024-01-25
RET_00000830,ORD_00000099,ITEM_00000463,not_as_described,494,38,2025-05-28
RET_00000831,ORD_00000513,ITEM_00000326,defective,1106,43,2022-11-24
RET_00000832,ORD_00000124,ITEM_00000816,defective,2029,43,2025-01-19
RET_00000833,ORD_00000117,ITEM_00000096,too_late,200,4,2023-03-20
RET_00000834,ORD_00000343,ITEM_00000197,wrong_item,1091,141,2022-03-31
RET_00000835,ORD_00000707,ITEM_00000108,not_as_described,1868,34,2025-07-08
RET_00000836,ORD_00000233,ITEM_00000046,too_late,1323,76,2024-01-10
RET_00000837,ORD_00000129,ITEM_00000186,wrong_item,823,41,2024-11-23
RET_00000838,ORD_00000374,ITEM_00000454,too_late,418,54,2022-07-08
RET_00000839,ORD_00000575,ITEM_00000323,not_as_described,1086,77,2025-01-25
RET_00000840,ORD_00000236,ITEM_00000285,too_late,411,61,2024-07-09
RET_00000841,ORD_00000844,ITEM_00000083,defective,1878,207,2023-09-12
RET_00000842,ORD_00000742,ITEM_00000650,defective,1151,146,2023-10-06
RET_00000843,ORD_00000190,ITEM_00000327,changed_mind,3626,53,2024-11-29
RET_00000844,ORD_00000701,ITEM_00000749,wrong_item,229,8,2024-01-03
RET_00000845,ORD_00000168,ITEM_00000449,not_as_described,835,16,2024-01-18
RET_00000846,ORD_00000607,ITEM_00000321,wrong_item,1971,137,2024-01-17
RET_00000847,ORD_00000669,ITEM_00000145,defective,2735,294,2021-08-07
RET_00000848,ORD_00000291,ITEM_00000278,not_as_described,2036,51,2025-09-08
RET_00000849,ORD_00000860,ITEM_00000612,changed_mind,511,9,2022-12-30
RET_00000850,ORD_00000341,ITEM_00000014,defective,746,68,2022-11-10
RET_00000851,ORD_00000395,ITEM_00000262,defective,183,6,2022-11-17
RET_00000852,ORD_00000474,ITEM_00000414,wrong_item,1137,81,2021-11-27
RET_00000853,ORD_00000139,ITEM_00000494,too_late,2781,21,2022-04-24
RET_00000854,ORD_00000191,ITEM_00000047,wrong_item,1102,112,2023-06-28
RET_00000855,ORD_00000965,ITEM_00000737,defective,1739,141,2022-07-02
RET_00000856,ORD_00000568,ITEM_00000916,wrong_item,1702,165,2021-08-23
RET_00000857,ORD_00000519,ITEM_00000656,too_late,851,35,2024-08-06
RET_00000858,ORD_00000051,ITEM_00000196,changed_mind,156,6,2023-05-05
RET_00000859,ORD_00000991,ITEM_00000290,not_as_described,3205,385,2024-11-01
RET_00000860,ORD_00000551,ITEM_00000769,defective,1549,166,2023-04-01
RET_00000861,ORD_00000298,ITEM_00000973,wrong_item,403,35,2022-06-10
RET_00000862,ORD_00000072,ITEM_00000432,defective,1475,138,2022-05-14
RET_00000863,ORD_00000256,ITEM_00000520,not_as_described,1286,18,2024-02-13
RET_00000864,ORD_00000309,ITEM_00000790,wrong_item,3130,401,2024-11-14
RET_00000865,ORD_00000091,ITEM_00000324,changed_mind,1599,184,2021-11-28
RET_00000866,ORD_00000149,ITEM_00000802,not_as_described,1604,142,2023-01-31
RET_00000867,ORD_00000030,ITEM_00000956,too_late,1286,177,2024-01-09
RET_00000868,ORD_00000462,ITEM_00000429,too_late,592,14,2021-08-12
RET_00000869,ORD_00000635,ITEM_00000293,defective,1878,193,2025-04-24
RET_00000870,ORD_00000385,ITEM_00000377,too_late,1074,155,2023-07-31
RET_00000871,ORD_00000749,ITEM_00000535,wrong_item,511,23,2025-02-09
RET_00000872,ORD_00000792,ITEM_00000084,too_late,647,1,2025-07-21
RET_00000873,ORD_00000637,ITEM_00000767,changed_mind,441,48,2023-11-17
RET_00000874,ORD_00000646,ITEM_00000373,wrong_item,2559,2,2023-10-12
RET_00000875,ORD_00000518,ITEM_00000024,defective,5340,698,2024-09-11
RET_00000876,ORD_00000895,ITEM_00000987,defective,2763,23,2025-12-18
RET_00000877,ORD_00000373,ITEM_00000909,too_late,1481,145,2024-11-21
RET_00000878,ORD_00000197,ITEM_00000325,too_late,1040,58,2023-08-02
RET_00000879,ORD_00000190,ITEM_00000848,defective,868,26,2025-08-18
RET_00000880,ORD_00000803,ITEM_00000316,wrong_item,498,67,2021-09-04
RET_00000881,ORD_00000896,ITEM_00000550,not_as_described,5205,582,2025-04-07
RET_00000882,ORD_00000748,ITEM_00000944,defective,479,24,2021-09-24
RET_00000883,ORD_00000079,ITEM_00000221,changed_mind,555,23,2021-05-13
RET_00000884,ORD_00000547,ITEM_00000922,wrong_item,937,103,2023-01-03
RET_00000885,ORD_00000816,ITEM_00000214,not_as_described,1001,125,2023-01-02
RET_00000886,ORD_00000882,ITEM_00000472,not_as_described,1775,190,2025-01-16
RET_00000887,ORD_00000873,ITEM_00000845,wrong_item,639,61,2022-07-03
RET_00000888,ORD_00000072,ITEM_00000491,defective,223,7,2022-09-23
RET_00000889,ORD_00000043,ITEM_00000085,not_as_described,911,116,2024-01-14
RET_00000890,ORD_00000803,ITEM_00000385,changed_mind,961,108,2023-07-22
RET_00000891,ORD_00000133,ITEM_00000004,wrong_item,901,69,2025-06-08
RET_00000892,ORD_00000799,ITEM_00000707,too_late,891,68,2022-07-28
RET_00000893,ORD_00000106,ITEM_00000114,defective,828,70,2024-09-01
RET_00000894,ORD_00000671,ITEM_00000215,wrong_item,380,47,2021-12-05
RET_00000895,ORD_00000357,ITEM_00000336,changed_mind,3532,393,2023-05-27
RET_00000896,ORD_00000008,ITEM_00000877,not_as_described,3376,433,2023-09-25
RET_00000897,ORD_00000774,ITEM_00000653,defective,3348,254,2023-03-30
RET_00000898,ORD_00000343,ITEM_00000167,defective,424,39,2022-09-07
RET_00000899,ORD_00000437,ITEM_00000287,wrong_item,1514,194,2024-01-21
RET_00000900,ORD_00000080,ITEM_00000920,wrong_item,781,27,2024-10-08
RET_00000901,ORD_00000556,ITEM_00000495,changed_mind,748,49,2025-09-03
RET_00000902,ORD_00000689,ITEM_00000384,too_late,521,48,2024-10-22
RET_00000903,ORD_00000392,ITEM_00000847,wrong_item,8539,1172,2021-12-16
RET_00000904,ORD_00000576,ITEM_00000517,wrong_item,898,2,2023-04-24
RET_00000905,ORD_00000900,ITEM_00000127,wrong_item,524,16,2023-06-04
RET_00000906,ORD_00000288,ITEM_00000433,changed_mind,1224,43,2024-10-18
RET_00000907,ORD_00000821,ITEM_00000086,not_as_described,2019,98,2024-01-31
RET_00000908,ORD_00000113,ITEM_00000598,too_late,979,41,2025-06-27
RET_00000909,ORD_00000963,ITEM_00000907,changed_mind,1333,117,2023-10-27
RET_00000910,ORD_00000831,ITEM_00000536,wrong_item,2444,324,2025-08-09
RET_00000911,ORD_00000882,ITEM_00000045,not_as_described,510,48,2023-03-12
RET_00000912,ORD_00000720,ITEM_00000970,wrong_item,1264,45,2025-04-12
RET_00000913,ORD_00000956,ITEM_00000623,changed_mind,657,85,2021-05-22
RET_00000914,ORD_00000226,ITEM_00000290,defective,590,55,2024-07-10
RET_00000915,ORD_00000333,ITEM_00000907,wrong_item,4454,146,2022-12-02
RET_00000916,ORD_00000417,ITEM_00000697,not_as_described,1020,55,2024-05-05
RET_00000917,ORD_00000278,ITEM_00000235,too_late,468,55,2021-05-22
RET_00000918,ORD_00000895,ITEM_00000157,defective,1003,111,2025-11-05
RET_00000919,ORD_00000799,ITEM_00000406,wrong_item,416,35,2022-12-08
RET_00000920,ORD_00000792,ITEM_00000673,wrong_item,921,19,2022-11-09
RET_00000921,ORD_00000003,ITEM_00000505,not_as_described,637,76,2021-07-29
RET_00000922,ORD_00000545,ITEM_00000712,defective,1650,76,2023-09-30
RET_00000923,ORD_00000478,ITEM_00000122,defective,5165,597,2025-08-31
RET_00000924,ORD_00000410,ITEM_00000945,defective,953,92,2025-12-22
RET_00000925,ORD_00000994,ITEM_00000224,wrong_item,656,25,2023-07-08
RET_00000926,ORD_00000307,ITEM_00001000,defective,1179,37,2022-01-13
RET_00000927,ORD_00000214,ITEM_00000877,wrong_item,3615,70,2024-08-22
RET_00000928,ORD_00000030,ITEM_00000023,wrong_item,1657,60,2024-01-25
RET_00000929,ORD_00000419,ITEM_00000197,defective,979,23,2024-09-12
RET_00000930,ORD_00000537,ITEM_00000479,changed_mind,209,19,2025-07-27
RET_00000931,ORD_00000028,ITEM_00000285,too_late,1051,94,2021-06-23
RET_00000932,ORD_00000609,ITEM_00000518,too_late,2041,179,2024-03-09
RET_00000933,ORD_00000087,ITEM_00000308,changed_mind,2359,227,2023-02-03
RET_00000934,ORD_00000026,ITEM_00000345,defective,3129,382,2023-02-24
RET_00000935,ORD_00000120,ITEM_00000601,wrong_item,639,87,2025-05-29
RET_00000936,ORD_00000713,ITEM_00000991,not_as_described,794,27,2024-11-19
RET_00000937,ORD_00000392,ITEM_00000890,changed_mind,996,87,2024-03-12
RET_00000938,ORD_00000357,ITEM_00000398,too_late,1934,22,2023-08-04
RET_00000939,ORD_00000353,ITEM_00000785,too_late,888,16,2023-04-17
RET_00000940,ORD_00000015,ITEM_00000464,wrong_item,1668,163,2023-05-19
RET_00000941,ORD_00000305,ITEM_00000796,too_late,806,58,2021-08-01
RET_00000942,ORD_00000254,ITEM_00000777,too_late,623,70,2021-11-08
RET_00000943,ORD_00000623,ITEM_00000115,wrong_item,2664,170,2022-07-15
RET_00000944,ORD_00000520,ITEM_00000636,defective,1407,26,2022-05-22
RET_00000945,ORD_00000951,ITEM_00000450,too_late,1992,260,2024-09-17
RET_00000946,ORD_00000853,ITEM_00000772,defective,929,11,2023-09-16
RET_00000947,ORD_00000640,ITEM_00000404,not_as_described,2086,59,2023-06-03
RET_00000948,ORD_00000186,ITEM_00000681,defective,468,19,2023-07-02
RET_00000949,ORD_00000387,ITEM_00000548,wrong_item,532,79,2022-07-20
RET_00000950,ORD_00000905,ITEM_00000229,wrong_item,2330,145,2021-07-10
RET_00000951,ORD_00000500,ITEM_00000646,wrong_item,1036,77,2025-11-29
RET_00000952,ORD_00000014,ITEM_00000244,too_late,900,103,2024-11-08
RET_00000953,ORD_00000230,ITEM_00000065,changed_mind,525,50,2022-02-14
RET_00000954,ORD_00000091,ITEM_00000237,too_late,2087,263,2024-03-11
RET_00000955,ORD_00000404,ITEM_00000946,defective,4877,355,2023-05-27
RET_00000956,ORD_00000505,ITEM_00000960,not_as_described,1783,260,2021-07-04
RET_00000957,ORD_00000004,ITEM_00000003,not_as_described,765,91,2024-07-20
RET_00000958,ORD_00000664,ITEM_00000500,not_as_described,3325,200,2023-06-13
RET_00000959,ORD_00000219,ITEM_00000037,not_as_described,1461,83,2025-12-15
RET_00000960,ORD_00000588,ITEM_00000621,changed_mind,775,108,2025-08-10
RET_00000961,ORD_00000796,ITEM_00000250,not_as_described,3042,312,2023-08-13
RET_00000962,ORD_00000867,ITEM_00000003,too_late,949,88,2023-10-11
RET_00000963,ORD_00000216,ITEM_00000235,not_as_described,345,39,2022-06-05
RET_00000964,ORD_00000159,ITEM_00000417,wrong_item,850,71,2022-11-15
RET_00000965,ORD_00000763,ITEM_00000955,defective,1678,40,2021-06-13
RET_00000966,ORD_00000579,ITEM_00000251,too_late,617,29,2024-12-24
RET_00000967,ORD_00000734,ITEM_00000143,changed_mind,245,20,2021-05-02
RET_00000968,ORD_00000704,ITEM_00000760,too_late,3554,9,2023-10-19
RET_00000969,ORD_00000731,ITEM_00000056,wrong_item,12029,789,2023-03-21
RET_00000970,ORD_00000373,ITEM_00000061,not_as_described,749,84,2025-04-01
RET_00000971,ORD_00000017,ITEM_00000068,not_as_described,662,16,2021-03-26
RET_00000972,ORD_00000902,ITEM_00000079,changed_mind,373,3,2025-09-19
RET_00000973,ORD_00000495,ITEM_00000327,defective,568,71,2021-03-01
RET_00000974,ORD_00000619,ITEM_00000367,not_as_described,323,29,2021-06-02
RET_00000975,ORD_00000466,ITEM_00000708,changed_mind,386,10,2023-07-31
RET_00000976,ORD_00000444,ITEM_00000958,not_as_described,1098,132,2022-05-26
RET_00000977,ORD_00000739,ITEM_00000707,too_late,310,30,2023-12-31
RET_00000978,ORD_00000987,ITEM_00000535,changed_mind,338,16,2025-10-27
RET_00000979,ORD_00000081,ITEM_00000526,changed_mind,1294,73,2021-12-23
RET_00000980,ORD_00000779,ITEM_00000390,changed_mind,669,15,2025-02-11
RET_00000981,ORD_00000166,ITEM_00000289,not_as_described,1458,182,2025-07-20
RET_00000982,ORD_00000357,ITEM_00000521,changed_mind,834,63,2024-06-03
RET_00000983,ORD_00000234,ITEM_00000652,too_late,945,78,2021-11-09
RET_00000984,ORD_00000162,ITEM_00000754,defective,2046,271,2025-07-12
RET_00000985,ORD_00000175,ITEM_00000253,defective,707,1,2024-10-08
RET_00000986,ORD_00000672,ITEM_00000739,wrong_item,1934,19,2024-05-11
RET_00000987,ORD_00000363,ITEM_00000885,too_late,783,18,2021-09-25
RET_00000988,ORD_00000376,ITEM_00000095,too_late,568,2,2024-08-01
RET_00000989,ORD_00000697,ITEM_00000691,changed_mind,464,45,2025-03-21
RET_00000990,ORD_00000174,ITEM_00000003,wrong_item,291,27,2023-08-24
RET_00000991,ORD_00000238,ITEM_00000696,too_late,406,12,2021-12-09
RET_00000992,ORD_00000163,ITEM_00000046,too_late,265,5,2025-08-13
RET_00000993,ORD_00000988,ITEM_00000804,too_late,494,10,2025-04-18
RET_00000994,ORD_00000918,ITEM_00000653,not_as_described,2114,302,2024-04-08
RET_00000995,ORD_00000912,ITEM_00000525,too_late,1089,113,2022-02-13
RET_00000996,ORD_00000238,ITEM_00000698,not_as_described,804,70,2024-11-16
RET_00000997,ORD_00000618,ITEM_00000482,too_late,630,30,2024-03-08
RET_00000998,ORD_00000630,ITEM_00000597,defective,1027,66,2025-01-08
RET_00000999,ORD_00000232,ITEM_00000418,not_as_described,1123,15,2025-01-26
RET_00001000,ORD_00000588,ITEM_00000043,not_as_described,449,67,2025-12-04
