spend_id,channel,date,spend_cents,impressions,clicks
MKT_00000001,email,2021-09-15,7959,169539,465
MKT_00000002,affiliate,2023-12-07,14228,9069,20
MKT_00000003,direct,2023-12-22,50767,16955,1160
MKT_00000004,affiliate,2025-09-10,15242,8339,113
MKT_00000005,affiliate,2024-03-05,2211,70861,236
MKT_00000006,direct,2025-12-20,3422,6058,342
MKT_00000007,seo,2021-03-17,7432,15486,2470
MKT_00000008,tiktok_ads,2024-09-11,14697,2241,813
MKT_00000009,instagram_ads,2021-03-06,2010,9967,235
MKT_00000010,instagram_ads,2024-11-04,12322,266772,166
MKT_00000011,seo,2022-12-20,23552,316084,565
MKT_00000012,seo,2024-01-29,4445,60528,354
MKT_00000013,direct,2022-09-25,86262,42692,280
MKT_00000014,seo,2021-11-28,3323,8570,407
MKT_00000015,facebook_ads,2024-10-28,10319,29689,268
MKT_00000016,direct,2025-09-12,660,28241,38
MKT_00000017,google_ads,2021-12-18,5540,22608,370
MKT_00000018,instagram_ads,2025-10-21,6777,73855,390
MKT_00000019,direct,2021-11-13,4849,5349,492
MKT_00000020,instagram_ads,2024-11-09,3345,1027939,89
MKT_00000021,affiliate,2025-11-29,4355,251998,121
MKT_00000022,seo,2021-11-19,17333,6516,4716
MKT_00000023,direct,2023-03-27,810,25883,132
MKT_00000024,affiliate,2022-11-11,869,8971,865
MKT_00000025,seo,2022-12-22,4492,57197,122
MKT_00000026,email,2024-11-23,6998,19267,23
MKT_00000027,instagram_ads,2024-05-29,3167,1309,345
MKT_00000028,seo,2025-12-06,8742,5533,1011
MKT_00000029,facebook_ads,2021-12-20,17055,161092,244
MKT_00000030,seo,2023-11-16,26227,15862,20
MKT_00000031,direct,2023-05-01,39651,15646,14
MKT_00000032,direct,2025-10-17,1653,60099,2276
MKT_00000033,affiliate,2021-01-26,3211,90213,394
MKT_00000034,direct,2025-12-23,2828,19271,1002
MKT_00000035,email,2023-07-14,27260,854,571
MKT_00000036,instagram_ads,2024-03-03,3792,6603,71
MKT_00000037,facebook_ads,2022-11-29,11713,883,274
MKT_00000038,direct,2025-05-08,1483,2698,31
MKT_00000039,email,2023-12-01,3742,24726,1666
MKT_00000040,google_ads,2024-06-02,2762,23607,651
MKT_00000041,affiliate,2024-04-29,18399,149210,1225
MKT_00000042,facebook_ads,2022-12-02,1815,20970,2796
MKT_00000043,direct,2021-07-05,68979,5900,236
MKT_00000044,instagram_ads,2025-01-19,10495,133836,132
MKT_00000045,email,2022-08-07,3381,304587,344
MKT_00000046,google_ads,2025-04-29,12204,87104,2701
MKT_00000047,facebook_ads,2024-01-22,3052,19912,38
MKT_00000048,google_ads,2022-11-24,2264,13876,416
MKT_00000049,facebook_ads,2023-12-27,18730,3687,1349
MKT_00000050,instagram_ads,2024-04-21,41886,6733,640
MKT_00000051,facebook_ads,2024-09-17,12799,11242,2017
MKT_00000052,instagram_ads,2025-02-24,1854,3021,40
MKT_00000053,direct,2021-11-29,3043,13327,2060
MKT_00000054,facebook_ads,2025-11-16,50759,14437,158
MKT_00000055,direct,2023-01-27,21020,148982,17
MKT_00000056,seo,2025-05-28,2094,1941,247
MKT_00000057,email,2022-02-20,3442,28527,114
MKT_00000058,direct,2021-03-12,10146,2859,315
MKT_00000059,facebook_ads,2023-12-10,6817,1171,41
MKT_00000060,facebook_ads,2022-10-31,99390,10494,335
MKT_00000061,tiktok_ads,2025-12-19,3368,22658,170
MKT_00000062,tiktok_ads,2021-09-12,16633,148499,7957
MKT_00000063,direct,2021-04-26,11577,14707,523
MKT_00000064,facebook_ads,2021-04-20,1105,9820,568
MKT_00000065,tiktok_ads,2022-02-11,458,7685,286
MKT_00000066,direct,2023-12-15,5106,10134,2620
MKT_00000067,instagram_ads,2023-09-15,13387,111,835
MKT_00000068,direct,2022-11-21,54600,6445,3903
MKT_00000069,tiktok_ads,2021-08-05,3167,73301,1961
MKT_00000070,facebook_ads,2022-03-24,14321,555,226
MKT_00000071,affiliate,2021-12-19,5720,11817,1205
MKT_00000072,google_ads,2024-11-17,64399,14284,1368
MKT_00000073,affiliate,2024-12-15,7723,64510,1664
MKT_00000074,affiliate,2024-12-13,4779,26239,736
MKT_00000075,affiliate,2025-12-06,9941,41466,53
MKT_00000076,affiliate,2025-07-25,10212,7194,386
MKT_00000077,direct,2023-08-27,43288,1575,476
MKT_00000078,google_ads,2023-02-06,8152,9946,448
MKT_00000079,facebook_ads,2025-10-09,13580,17782,2255
MKT_00000080,direct,2024-01-28,1113,125105,153
MKT_00000081,facebook_ads,2022-08-19,2025,2587,494
MKT_00000082,google_ads,2023-12-03,5157,505447,363
MKT_00000083,seo,2025-12-25,9177,28531,1124
MKT_00000084,seo,2025-05-01,3248,7032,6094
MKT_00000085,email,2022-07-18,11387,6505,1026
MKT_00000086,direct,2025-11-23,4324,17334,929
MKT_00000087,tiktok_ads,2025-12-16,62190,19900,87
MKT_00000088,email,2022-03-18,6323,22467,39
MKT_00000089,instagram_ads,2025-08-21,13588,57317,592
MKT_00000090,affiliate,2025-07-22,6235,8169,304
MKT_00000091,seo,2021-04-07,7247,25835,804
MKT_00000092,affiliate,2024-06-19,15609,13326,160
MKT_00000093,google_ads,2022-09-14,9562,260427,3308
MKT_00000094,google_ads,2024-07-01,4332,1462,67
MKT_00000095,email,2025-10-04,12112,550035,300
MKT_00000096,instagram_ads,2023-08-30,6699,5852,224
MKT_00000097,email,2023-02-05,16303,4323,2093
MKT_00000098,instagram_ads,2025-10-23,32117,14125,285
MKT_00000099,direct,2025-12-10,26647,30458,169
MKT_00000100,facebook_ads,2021-06-01,2265,12773,455
MKT_00000101,affiliate,2025-10-27,213,53972,123
MKT_00000102,facebook_ads,2021-07-21,121679,11223,390
MKT_00000103,google_ads,2022-11-11,15207,8387,332
MKT_00000104,facebook_ads,2024-12-01,12743,5503,30755
MKT_00000105,email,2024-12-13,3449,145903,201
MKT_00000106,instagram_ads,2024-11-01,692,39205,352
MKT_00000107,google_ads,2021-04-06,732,3883,559
MKT_00000108,facebook_ads,2021-11-07,5405,11175,607
MKT_00000109,google_ads,2025-11-10,9736,3023,1928
MKT_00000110,google_ads,2021-07-18,61222,1314063,7200
MKT_00000111,instagram_ads,2021-07-11,10848,28988,121
MKT_00000112,email,2025-03-28,18100,1113,778
MKT_00000113,affiliate,2024-04-11,4276,2864,315
MKT_00000114,email,2022-11-22,4678,3375,662
MKT_00000115,tiktok_ads,2021-12-04,1383,34165,2133
MKT_00000116,email,2025-07-24,1855,1725,4635
MKT_00000117,direct,2025-12-22,1833,2840,1498
MKT_00000118,facebook_ads,2021-05-02,5239,15108,647
MKT_00000119,direct,2023-11-24,1100,19450,1880
MKT_00000120,tiktok_ads,2022-05-30,3060,9592,114
MKT_00000121,tiktok_ads,2025-03-20,7731,11814,135
MKT_00000122,tiktok_ads,2022-11-18,453,2558,519
MKT_00000123,tiktok_ads,2024-10-06,47985,43011,2311
MKT_00000124,email,2023-11-13,68721,1094,258
MKT_00000125,seo,2023-11-14,27988,17209,303
MKT_00000126,tiktok_ads,2025-05-22,12968,318296,20
MKT_00000127,facebook_ads,2023-06-21,11983,12719,14508
MKT_00000128,facebook_ads,2025-04-21,15332,2701,285
MKT_00000129,google_ads,2022-12-02,8985,18490,6
MKT_00000130,seo,2021-12-11,10080,13872,518
MKT_00000131,seo,2023-05-16,1103,29047,820
MKT_00000132,direct,2023-08-28,9315,28351,285
MKT_00000133,facebook_ads,2023-07-11,14740,93277,102
MKT_00000134,affiliate,2025-01-21,12160,10372,1551
MKT_00000135,google_ads,2023-12-03,32134,6287,1306
MKT_00000136,direct,2025-08-04,47248,6530,888
MKT_00000137,facebook_ads,2023-10-06,4313,8225,128
MKT_00000138,tiktok_ads,2022-03-02,2077,33854,161
MKT_00000139,instagram_ads,2021-11-04,36570,2762,238
MKT_00000140,direct,2025-06-16,18003,5335,216
MKT_00000141,tiktok_ads,2021-05-17,4075,23752,1030
MKT_00000142,email,2021-10-14,6197,134224,223
MKT_00000143,google_ads,2021-06-05,5626,5844,97
MKT_00000144,instagram_ads,2023-02-28,11214,37191,761
MKT_00000145,seo,2023-11-07,45432,16111,14255
MKT_00000146,direct,2021-02-18,2766,46881,123
MKT_00000147,facebook_ads,2023-10-09,11512,24081,139
MKT_00000148,tiktok_ads,2022-12-27,11016,22938,335
MKT_00000149,seo,2024-12-10,746,1013407,1254
MKT_00000150,google_ads,2025-03-14,163702,1784547,942
MKT_00000151,google_ads,2024-07-26,10418,14845,337
MKT_00000152,seo,2023-06-29,32462,5562,209
MKT_00000153,direct,2022-02-09,1162,31668,9404
MKT_00000154,facebook_ads,2025-04-25,81848,54502,2243
MKT_00000155,google_ads,2022-11-14,5308,159699,5447
MKT_00000156,direct,2022-11-26,510,759,1157
MKT_00000157,facebook_ads,2025-10-10,1470,11896,350
MKT_00000158,seo,2025-12-12,1854,10280,733
MKT_00000159,direct,2025-08-27,3203,6564,6063
MKT_00000160,facebook_ads,2025-12-30,1723,2332,872
MKT_00000161,tiktok_ads,2025-06-17,21429,15727,30
MKT_00000162,google_ads,2024-09-11,10044,63374,3306
MKT_00000163,seo,2022-08-17,14965,3405,3809
MKT_00000164,email,2025-11-23,13575,25125,2580
MKT_00000165,email,2025-07-06,6038,41346,53
MKT_00000166,tiktok_ads,2022-04-10,1247,259146,720
MKT_00000167,seo,2023-08-06,1321,57111,1878
MKT_00000168,tiktok_ads,2021-06-20,1390,19379,413
MKT_00000169,facebook_ads,2025-11-24,2185,35142,714
MKT_00000170,seo,2023-12-10,61827,69155,934
MKT_00000171,email,2022-04-21,1346,26403,116
MKT_00000172,google_ads,2022-08-14,47753,71690,816
MKT_00000173,email,2025-12-16,2286,13377,91
MKT_00000174,direct,2024-02-08,1593,133340,345
MKT_00000175,tiktok_ads,2023-02-20,13438,10255,169
MKT_00000176,tiktok_ads,2023-09-01,37074,7874,1499
MKT_00000177,seo,2021-08-29,1153,10913,1100
MKT_00000178,seo,2021-07-02,7276,5137,944
MKT_00000179,seo,2023-12-26,33675,68302,615
MKT_00000180,seo,2023-10-01,24174,2082,775
MKT_00000181,facebook_ads,2022-11-28,1269,11497,8211
MKT_00000182,google_ads,2023-12-04,6336,35832,2940
MKT_00000183,tiktok_ads,2021-06-27,1175,22430,95
MKT_00000184,direct,2025-11-16,12694,20683,181
MKT_00000185,affiliate,2022-08-17,9883,17784,295
MKT_00000186,google_ads,2021-06-24,15964,28188,280
MKT_00000187,email,2021-12-07,2575,4895,116
MKT_00000188,facebook_ads,2021-08-21,3502,10730,972
MKT_00000189,seo,2021-12-14,26534,14969,368
MKT_00000190,email,2023-02-11,27922,43640,559
MKT_00000191,seo,2024-11-11,60277,90623,31
MKT_00000192,affiliate,2022-06-26,44591,18067,38
MKT_00000193,tiktok_ads,2023-03-29,1120,66267,179
MKT_00000194,direct,2025-11-04,35204,25198,1004
MKT_00000195,tiktok_ads,2022-08-22,7774,19812,826
MKT_00000196,direct,2024-12-27,19399,71440,1828
MKT_00000197,google_ads,2021-11-27,5400,2511,141
MKT_00000198,seo,2021-12-14,2702,42757,1128
MKT_00000199,direct,2023-05-18,5758,7875,4005
MKT_00000200,tiktok_ads,2022-03-25,8755,104601,1619
MKT_00000201,direct,2025-09-08,11477,8210,58
MKT_00000202,affiliate,2021-05-04,26065,13825,2125
MKT_00000203,google_ads,2023-12-29,2332,2106,658
MKT_00000204,affiliate,2024-01-11,2101,38214,797
MKT_00000205,instagram_ads,2021-06-10,1146,11773,17040
MKT_00000206,tiktok_ads,2024-11-07,6207,9839,583
MKT_00000207,email,2023-06-18,2836,22950,1039
MKT_00000208,email,2024-10-27,5446,1799,464
MKT_00000209,google_ads,2025-03-07,8346,7786,280
MKT_00000210,affiliate,2022-10-27,954,16656,697
MKT_00000211,affiliate,2023-07-26,4160,198204,209
MKT_00000212,affiliate,2022-05-29,12521,29001,501
MKT_00000213,affiliate,2022-01-04,8800,39897,256
MKT_00000214,instagram_ads,2021-01-02,5172,24171,17
MKT_00000215,direct,2025-12-02,7764,3665960,192
MKT_00000216,tiktok_ads,2023-04-11,5847,84817,1691
MKT_00000217,affiliate,2021-02-01,2451,1043,879
MKT_00000218,facebook_ads,2021-01-22,2002,30743,283
MKT_00000219,facebook_ads,2022-08-04,203775,113033,467
MKT_00000220,seo,2021-02-03,17229,2499,120
MKT_00000221,seo,2022-12-11,29660,25781,141
MKT_00000222,email,2021-06-03,16722,9827,407
MKT_00000223,tiktok_ads,2021-04-06,43113,6112,291
MKT_00000224,facebook_ads,2024-06-18,16122,163399,130
MKT_00000225,google_ads,2025-09-18,648,8146,365
MKT_00000226,tiktok_ads,2023-01-24,2963,8259,76
MKT_00000227,email,2025-03-31,10759,5699,4278
MKT_00000228,seo,2021-03-13,10412,4305,1545
MKT_00000229,instagram_ads,2024-12-13,9487,9703,15
MKT_00000230,google_ads,2021-06-02,2124,9009,1419
MKT_00000231,google_ads,2025-04-04,4131,3707,230
MKT_00000232,direct,2025-07-20,10906,21140,177
MKT_00000233,affiliate,2024-12-20,8463,495,1248
MKT_00000234,tiktok_ads,2025-02-20,20548,25651,325
MKT_00000235,direct,2023-11-30,2231,95269,225
MKT_00000236,seo,2022-06-08,14516,9935,54
MKT_00000237,instagram_ads,2024-04-15,4074,37464,1592
MKT_00000238,google_ads,2023-04-07,5285,15081,1909
MKT_00000239,instagram_ads,2021-01-13,7578,750048,513
MKT_00000240,direct,2023-07-07,1014,94830,70
MKT_00000241,email,2024-05-05,9438,6005,635
MKT_00000242,google_ads,2021-02-03,36652,152863,1055
MKT_00000243,seo,2024-02-22,1883,819786,387
MKT_00000244,facebook_ads,2024-05-08,75305,15918,1513
MKT_00000245,seo,2021-11-28,3725,45716,520
MKT_00000246,email,2023-03-18,16429,100644,636
MKT_00000247,email,2025-12-03,1655,4108,3717
MKT_00000248,affiliate,2025-07-24,108119,1406,192
MKT_00000249,direct,2023-01-27,2270,27982,38
MKT_00000250,google_ads,2022-11-21,10389,6416,313
MKT_00000251,facebook_ads,2021-10-30,4259,15877,173
MKT_00000252,direct,2021-03-27,7632,102463,47
MKT_00000253,instagram_ads,2022-08-26,9269,51405,1025
MKT_00000254,facebook_ads,2025-11-13,5478,50878,403
MKT_00000255,direct,2025-11-28,3584,18161,26
MKT_00000256,email,2025-01-31,7656,8378,4102
MKT_00000257,google_ads,2022-11-22,7459,7607,135
MKT_00000258,facebook_ads,2021-11-16,11951,301222,160
MKT_00000259,seo,2023-12-28,14492,649654,1656
MKT_00000260,facebook_ads,2024-04-23,21443,111105,766
MKT_00000261,email,2023-03-02,15898,14454,2075
MKT_00000262,direct,2024-08-11,9496,4149,15
MKT_00000263,instagram_ads,2024-11-18,5956,1304982,262
MKT_00000264,direct,2024-12-18,1287,43465,493
MKT_00000265,facebook_ads,2023-09-07,9763,42099,2842
MKT_00000266,affiliate,2024-12-25,30132,8986,113
MKT_00000267,direct,2021-03-04,3227,61835,242
MKT_00000268,direct,2024-07-15,3634,16128,498
MKT_00000269,direct,2022-03-29,38814,4522,1264
MKT_00000270,facebook_ads,2022-06-21,57468,13254,76
MKT_00000271,tiktok_ads,2021-08-11,2975,40315,1363
MKT_00000272,email,2021-12-25,173129,219690,166
MKT_00000273,tiktok_ads,2025-12-25,13372,2075,708
MKT_00000274,email,2023-02-07,24542,3435,302
MKT_00000275,email,2025-11-03,5310,11615,609
MKT_00000276,tiktok_ads,2021-12-01,11045,5410,554
MKT_00000277,seo,2022-01-11,13507,22109,2739
MKT_00000278,instagram_ads,2023-11-27,2753,10533,283
MKT_00000279,instagram_ads,2022-11-21,58935,26555,256
MKT_00000280,email,2024-04-17,7730,28316,2003
MKT_00000281,seo,2023-02-24,4446,2890,3295
MKT_00000282,seo,2025-01-29,2017,16103,222
MKT_00000283,tiktok_ads,2023-03-19,15911,6647,1139
MKT_00000284,facebook_ads,2023-12-09,11015,121450,112
MKT_00000285,email,2022-10-23,2512,7946,1149
MKT_00000286,affiliate,2024-09-11,9586,10482,1603
MKT_00000287,email,2024-05-13,14551,5644,266
MKT_00000288,google_ads,2022-12-29,5044,21061,2135
MKT_00000289,instagram_ads,2022-07-05,12685,17531,272
MKT_00000290,tiktok_ads,2024-02-04,8149,203355,418
MKT_00000291,facebook_ads,2025-11-15,6225,21047,725
MKT_00000292,affiliate,2021-11-07,2560,165718,95
MKT_00000293,seo,2024-12-31,10289,221329,52
MKT_00000294,facebook_ads,2023-11-15,672,12957,613
MKT_00000295,affiliate,2023-11-01,45511,16940,132
MKT_00000296,email,2025-11-30,33682,9314,64
MKT_00000297,direct,2024-01-15,2369,3492,1278
MKT_00000298,direct,2025-03-16,1441,757522,3925
MKT_00000299,facebook_ads,2023-10-07,32960,9388,1459
MKT_00000300,facebook_ads,2022-05-02,6638,5695,68
MKT_00000301,email,2024-08-18,8706,4486,527
MKT_00000302,instagram_ads,2025-10-27,8338,8620,253
MKT_00000303,google_ads,2025-04-11,1674,13968,112
MKT_00000304,instagram_ads,2021-12-30,20796,142055,458
MKT_00000305,instagram_ads,2022-10-12,13886,334066,364
MKT_00000306,google_ads,2023-10-13,8287,970,284
MKT_00000307,direct,2023-12-09,532,238334,1776
MKT_00000308,email,2021-12-27,14828,272783,2835
MKT_00000309,instagram_ads,2022-03-15,12757,8691,248
MKT_00000310,tiktok_ads,2024-11-28,7235,5617,308
MKT_00000311,tiktok_ads,2024-11-05,25804,48186,278
MKT_00000312,google_ads,2025-04-06,31405,8457,873
MKT_00000313,tiktok_ads,2025-11-07,12122,208333,663
MKT_00000314,direct,2022-09-21,1320,45994,139
MKT_00000315,email,2025-05-25,1775,7104,332
MKT_00000316,facebook_ads,2024-06-10,3507,34149,42
MKT_00000317,direct,2025-11-27,6013,24475,38
MKT_00000318,email,2022-06-25,22244,1235,68
MKT_00000319,google_ads,2022-06-19,12032,5011,276
MKT_00000320,facebook_ads,2024-09-11,6641,8211,1009
MKT_00000321,tiktok_ads,2025-11-03,17236,38918,124
MKT_00000322,instagram_ads,2025-03-01,3195,51511,333
MKT_00000323,seo,2024-11-02,17193,134567,560
MKT_00000324,direct,2022-12-21,10649,7653,4039
MKT_00000325,tiktok_ads,2024-10-14,15181,2384,438
MKT_00000326,email,2025-01-03,22370,6182,469
MKT_00000327,email,2024-11-24,7653,7638,162
MKT_00000328,seo,2024-07-06,743,6616,6342
MKT_00000329,direct,2021-04-25,3674,21324,1270
MKT_00000330,google_ads,2024-05-26,20701,62776,76
MKT_00000331,instagram_ads,2023-07-11,4114,11875,3816
MKT_00000332,instagram_ads,2025-11-30,3650,46706,1182
MKT_00000333,facebook_ads,2024-01-19,8731,94379,573
MKT_00000334,direct,2024-01-21,30093,21680,1086
MKT_00000335,facebook_ads,2025-12-27,14039,3999,2216
MKT_00000336,email,2021-08-16,65443,14492,130
MKT_00000337,google_ads,2022-07-06,13118,101785,224
MKT_00000338,seo,2024-05-17,12524,56692,380
MKT_00000339,email,2022-10-08,6121,4442,62
MKT_00000340,affiliate,2022-11-18,1259,128820,1204
MKT_00000341,direct,2025-08-14,9669,13414,266
MKT_00000342,instagram_ads,2023-12-15,8516,4406,226
MKT_00000343,instagram_ads,2021-09-08,17966,20997,153
MKT_00000344,email,2022-09-28,11682,2236,383
MKT_00000345,seo,2021-07-05,11193,58415,509
MKT_00000346,instagram_ads,2023-11-26,31655,122634,1797
MKT_00000347,direct,2021-12-10,5923,4905,1874
MKT_00000348,seo,2025-05-19,22166,17111,73
MKT_00000349,direct,2023-12-13,38032,81423,804
MKT_00000350,facebook_ads,2021-05-25,4170,2992,2552
MKT_00000351,instagram_ads,2022-09-03,4965,3526,288
MKT_00000352,facebook_ads,2024-02-10,3223,15436,312
MKT_00000353,tiktok_ads,2022-11-09,1589,14496,222
MKT_00000354,seo,2023-10-04,74058,23699,904
MKT_00000355,google_ads,2025-09-24,370316,18814,620
MKT_00000356,google_ads,2022-11-21,10431,2996,1753
MKT_00000357,instagram_ads,2022-11-10,5449,1953,341
MKT_00000358,direct,2025-02-17,65216,3049,2670
MKT_00000359,google_ads,2022-10-17,16667,46832,988
MKT_00000360,affiliate,2021-07-09,3277,91730,2355
MKT_00000361,tiktok_ads,2021-12-16,2824,19274,165
MKT_00000362,direct,2025-11-20,21647,63946,4236
MKT_00000363,instagram_ads,2025-11-07,12832,8846,175
MKT_00000364,facebook_ads,2022-03-02,31156,12699,188
MKT_00000365,tiktok_ads,2023-11-24,18854,88101,223
MKT_00000366,seo,2021-11-11,1872,44259,190
MKT_00000367,affiliate,2024-07-01,3202,28704,6907
MKT_00000368,tiktok_ads,2021-12-20,2825,17656,882
MKT_00000369,google_ads,2021-05-02,10513,3876,848
MKT_00000370,affiliate,2025-03-02,6988,25040,23
MKT_00000371,direct,2022-11-01,4690,35063,2774
MKT_00000372,facebook_ads,2021-09-22,5579,604514,84
MKT_00000373,email,2025-03-24,18193,19566,382
MKT_00000374,tiktok_ads,2024-12-01,6521,12651,140
MKT_00000375,google_ads,2024-07-23,3578,33617,577
MKT_00000376,seo,2025-09-28,1692,193395,4028
MKT_00000377,seo,2023-08-06,2742,37351,95
MKT_00000378,tiktok_ads,2021-11-03,29196,16839,137
MKT_00000379,direct,2021-05-30,3634,6784,497
MKT_00000380,facebook_ads,2022-10-16,71431,6318,4251
MKT_00000381,direct,2021-07-31,17248,71090,213
MKT_00000382,seo,2023-11-09,3041,14304,137
MKT_00000383,direct,2021-02-05,3884,447060,515
MKT_00000384,facebook_ads,2023-04-18,645,24984,407
MKT_00000385,instagram_ads,2021-12-14,4780,45803,86
MKT_00000386,direct,2022-12-06,83971,9592,219
MKT_00000387,email,2024-07-02,57518,6415,21
MKT_00000388,email,2022-11-22,55830,69266,385
MKT_00000389,google_ads,2022-11-14,16833,132383,62
MKT_00000390,email,2025-12-24,6545,4960,16373
MKT_00000391,facebook_ads,2024-10-17,9112,7314,927
MKT_00000392,email,2023-10-05,15578,8198,590
MKT_00000393,google_ads,2023-12-15,7946,60776,889
MKT_00000394,tiktok_ads,2024-02-19,3154,37896,193
MKT_00000395,email,2021-03-01,7432,18979,325
MKT_00000396,email,2021-07-15,1598,6837,860
MKT_00000397,direct,2024-04-30,16542,245700,93
MKT_00000398,seo,2022-12-03,2722,95454,1124
MKT_00000399,facebook_ads,2021-05-16,16052,1104,9515
MKT_00000400,facebook_ads,2022-08-26,2216,79624,43
MKT_00000401,seo,2021-11-05,6637,14285,897
MKT_00000402,tiktok_ads,2025-10-11,11271,8935,118
MKT_00000403,seo,2022-01-08,6655,69517,1137
MKT_00000404,affiliate,2021-11-16,17461,37290,670
MKT_00000405,affiliate,2024-03-05,13866,25172,6764
MKT_00000406,instagram_ads,2023-10-25,4884,5715,5178
MKT_00000407,email,2023-12-12,3992,100918,45
MKT_00000408,facebook_ads,2023-03-29,3665,3447,1269
MKT_00000409,instagram_ads,2023-06-14,3084,70346,1237
MKT_00000410,email,2024-12-14,100361,25199,2400
MKT_00000411,email,2022-02-18,3801,20877,819
MKT_00000412,direct,2022-12-29,30047,9635,987
MKT_00000413,instagram_ads,2025-11-27,9862,28198,85
MKT_00000414,facebook_ads,2021-12-23,5289,2797,759
MKT_00000415,tiktok_ads,2022-08-17,10229,140359,291
MKT_00000416,affiliate,2021-12-25,10998,12034,1124
MKT_00000417,email,2021-02-19,983,7827,350
MKT_00000418,seo,2022-06-20,7381,16396,789
MKT_00000419,google_ads,2021-04-24,8165,12576,1016
MKT_00000420,google_ads,2021-11-25,5459,142216,1045
MKT_00000421,google_ads,2022-12-01,634,1635,132
MKT_00000422,seo,2021-02-20,5439,19706,15186
MKT_00000423,tiktok_ads,2024-11-23,56174,236598,590
MKT_00000424,affiliate,2024-12-28,15687,24401,1040
MKT_00000425,email,2023-01-29,2291,29221,440
MKT_00000426,facebook_ads,2025-12-19,23666,21114,76
MKT_00000427,facebook_ads,2024-07-12,2146,8319,1305
MKT_00000428,direct,2024-11-16,11188,49526,603
MKT_00000429,seo,2021-12-25,11302,16522,1530
MKT_00000430,affiliate,2025-04-01,5216,27205,148
MKT_00000431,tiktok_ads,2025-11-17,28302,50189,245
MKT_00000432,affiliate,2022-03-30,20018,42742,602
MKT_00000433,email,2024-07-30,3195,25471,433
MKT_00000434,direct,2024-11-18,5721,84782,262
MKT_00000435,instagram_ads,2022-09-14,2898,100460,603
MKT_00000436,instagram_ads,2023-07-03,4071,71474,3445
MKT_00000437,email,2021-08-26,17679,107253,801
MKT_00000438,email,2021-12-10,7972,168322,2343
MKT_00000439,facebook_ads,2021-05-30,27870,3606,313
MKT_00000440,tiktok_ads,2023-11-29,1215,1378613,437
MKT_00000441,direct,2024-03-03,11284,27853,580
MKT_00000442,tiktok_ads,2025-10-10,21969,15296,207
MKT_00000443,direct,2023-11-15,9151,28364,588
MKT_00000444,affiliate,2022-05-28,1578,2407,4237
MKT_00000445,direct,2021-05-25,2298,31290,5522
MKT_00000446,direct,2025-07-26,24106,6703,3174
MKT_00000447,seo,2023-07-12,4274,24562,638
MKT_00000448,seo,2024-11-11,3179,27371,137
MKT_00000449,facebook_ads,2021-02-05,5396,9054,15842
MKT_00000450,google_ads,2023-08-04,5979,1472,186
MKT_00000451,instagram_ads,2022-11-01,33639,33208,3970
MKT_00000452,email,2021-03-15,998,21991,698
MKT_00000453,affiliate,2024-12-12,16171,29393,85
MKT_00000454,instagram_ads,2023-10-03,46763,11704,43
MKT_00000455,instagram_ads,2022-11-07,25194,8222,3247
MKT_00000456,affiliate,2025-01-14,131734,15952,170
MKT_00000457,tiktok_ads,2023-04-25,4680,27138,60
MKT_00000458,facebook_ads,2021-01-09,23638,60506,269
MKT_00000459,google_ads,2025-11-16,7308,6533,400
MKT_00000460,google_ads,2022-05-16,4347,72166,703
MKT_00000461,direct,2025-03-16,564,58733,651
MKT_00000462,affiliate,2025-02-09,4639,48094,134
MKT_00000463,affiliate,2021-12-01,29088,342964,404
MKT_00000464,direct,2023-06-30,1034,1573,5304
MKT_00000465,facebook_ads,2021-04-08,100425,410819,83
MKT_00000466,instagram_ads,2022-11-25,13250,8262,817
MKT_00000467,facebook_ads,2024-11-05,2150,31644,83
MKT_00000468,seo,2022-04-01,10661,23531,217
MKT_00000469,facebook_ads,2021-10-13,18474,2959,2205
MKT_00000470,seo,2023-09-19,4506,48703,19
MKT_00000471,email,2023-11-11,3832,80470,9387
MKT_00000472,direct,2024-07-04,86595,41494,57
MKT_00000473,email,2024-11-28,5389,2403,19
MKT_00000474,instagram_ads,2024-08-21,6820,3428,415
MKT_00000475,tiktok_ads,2025-04-21,39658,7739,211
MKT_00000476,google_ads,2022-02-26,7424,148618,159
MKT_00000477,email,2023-12-07,20280,25442,1056
MKT_00000478,instagram_ads,2022-11-29,4600,1095,100
MKT_00000479,affiliate,2025-12-01,3507,487227,948
MKT_00000480,facebook_ads,2023-04-09,12798,209057,1395
MKT_00000481,seo,2025-11-29,2496,4315,51
MKT_00000482,email,2024-12-06,13207,11921,1881
MKT_00000483,facebook_ads,2024-10-16,2693,14335,1286
MKT_00000484,facebook_ads,2023-08-12,13057,48278,4141
MKT_00000485,email,2023-04-17,35669,29682,406
MKT_00000486,seo,2023-11-02,740,7927,115
MKT_00000487,instagram_ads,2022-08-17,4947,157416,2646
MKT_00000488,affiliate,2025-09-12,771,301331,433
MKT_00000489,seo,2024-12-27,5698,20451,6212
MKT_00000490,google_ads,2025-01-04,12130,9315,1169
MKT_00000491,instagram_ads,2023-03-23,5388,241030,388
MKT_00000492,tiktok_ads,2021-06-23,620,819,107
MKT_00000493,seo,2024-07-21,23827,5758,344
MKT_00000494,seo,2022-12-11,1405,95707,1645
MKT_00000495,seo,2025-06-21,22087,177604,42
MKT_00000496,tiktok_ads,2024-12-15,3307,13639,219
MKT_00000497,google_ads,2021-11-17,2851,673636,35
MKT_00000498,seo,2024-01-05,8209,562,84
MKT_00000499,affiliate,2024-08-13,29129,113788,161
MKT_00000500,seo,2023-12-06,84685,25074,268
MKT_00000501,direct,2023-10-06,4953,10614,685
MKT_00000502,tiktok_ads,2022-03-10,1698,82179,1155
MKT_00000503,facebook_ads,2022-03-29,12270,12267,3213
MKT_00000504,tiktok_ads,2024-12-05,1624,4313,4468
MKT_00000505,direct,2021-02-15,19781,26191,2387
MKT_00000506,direct,2024-12-14,13797,20306,228
MKT_00000507,email,2023-11-02,41180,6830,572
MKT_00000508,direct,2025-11-10,28688,9323,173
MKT_00000509,seo,2025-12-29,9580,11854,587
MKT_00000510,facebook_ads,2024-06-04,8411,1921,317
MKT_00000511,seo,2023-01-31,2794,1744,72
MKT_00000512,instagram_ads,2023-07-03,2728,89289,3561
MKT_00000513,affiliate,2022-01-11,7711,2602,5229
MKT_00000514,google_ads,2021-08-30,2224,21446,129
MKT_00000515,email,2023-12-14,5875,1334,881
MKT_00000516,direct,2025-01-14,4607,210915,138
MKT_00000517,email,2022-05-31,16499,14698,358
MKT_00000518,google_ads,2023-02-18,7887,117779,181
MKT_00000519,tiktok_ads,2023-11-25,26742,525243,157
MKT_00000520,google_ads,2025-09-20,5641,3186,536
MKT_00000521,google_ads,2021-11-12,1991,7933,26
MKT_00000522,tiktok_ads,2022-04-01,15660,81472,184
MKT_00000523,seo,2025-10-16,6982,8524,166602
MKT_00000524,instagram_ads,2021-04-07,5860,34048,39
MKT_00000525,affiliate,2024-05-17,4882,25690,228
MKT_00000526,google_ads,2024-04-06,7991,655,621
MKT_00000527,tiktok_ads,2022-12-18,5857,90717,308
MKT_00000528,direct,2023-06-16,15065,17930,128
MKT_00000529,email,2025-05-14,19691,3673,1723
MKT_00000530,google_ads,2021-12-03,5195,224192,504
MKT_00000531,direct,2022-03-19,89285,7674,158
MKT_00000532,direct,2023-10-02,4087,7067,1459
MKT_00000533,direct,2023-01-25,8280,1478,182
MKT_00000534,affiliate,2023-12-11,1156,53774,108
MKT_00000535,seo,2025-10-22,7148,23475,974
MKT_00000536,direct,2025-10-13,6346,1624,56
MKT_00000537,seo,2022-03-15,7634,31838,5635
MKT_00000538,google_ads,2022-09-07,26169,76214,3921
MKT_00000539,seo,2021-12-01,60797,44055,916
MKT_00000540,instagram_ads,2025-11-03,30627,160663,168
MKT_00000541,instagram_ads,2022-12-30,7163,8897,81
MKT_00000542,email,2023-05-02,10261,312256,8
MKT_00000543,instagram_ads,2025-01-07,50400,22147,4554
MKT_00000544,seo,2023-10-03,2437,73184,94
MKT_00000545,affiliate,2021-10-19,20782,149707,686
MKT_00000546,email,2023-04-03,2791,1172212,543
MKT_00000547,seo,2024-03-15,31943,4351,32
MKT_00000548,google_ads,2024-10-17,6900,7265,162
MKT_00000549,tiktok_ads,2024-04-21,2819,29283,73
MKT_00000550,instagram_ads,2021-10-18,3680,12628,1325
MKT_00000551,email,2022-09-12,4452,6616,1416
MKT_00000552,instagram_ads,2024-11-07,25426,2236,279
MKT_00000553,instagram_ads,2025-07-15,40430,26603,113
MKT_00000554,direct,2021-04-25,5002,72636,534
MKT_00000555,facebook_ads,2021-04-13,2844,37361,2123
MKT_00000556,google_ads,2024-04-16,92572,1910,43
MKT_00000557,instagram_ads,2023-11-20,21651,1979,9595
MKT_00000558,direct,2021-11-25,3195,24144,279
MKT_00000559,tiktok_ads,2023-11-20,12473,15393,337
MKT_00000560,affiliate,2025-12-11,4940,13673,4464
MKT_00000561,facebook_ads,2024-03-16,1733,14524,371
MKT_00000562,direct,2023-05-01,5585,10433,344
MKT_00000563,direct,2025-03-08,1564,27535,102
MKT_00000564,email,2022-02-01,4552,114902,169
MKT_00000565,email,2023-02-05,5094,5424,139
MKT_00000566,tiktok_ads,2023-11-03,4240,43446,28
MKT_00000567,tiktok_ads,2023-09-13,24176,24935,17
MKT_00000568,affiliate,2025-10-22,13163,1518,285
MKT_00000569,google_ads,2022-08-14,3762,8238,50
MKT_00000570,tiktok_ads,2021-05-18,11934,22362,1073
MKT_00000571,email,2025-10-11,38837,566136,289
MKT_00000572,google_ads,2022-02-11,2993,7422,36
MKT_00000573,tiktok_ads,2022-12-15,1674,8818,3972
MKT_00000574,tiktok_ads,2023-11-06,2205,40934,212
MKT_00000575,seo,2025-12-12,12731,18584,873
MKT_00000576,email,2023-11-09,48426,3319,4751
MKT_00000577,google_ads,2023-04-27,22412,1631,383
MKT_00000578,facebook_ads,2023-12-18,37869,1350,411
MKT_00000579,facebook_ads,2025-12-08,578,78829,3488
MKT_00000580,affiliate,2025-02-13,2980,4695,259
MKT_00000581,google_ads,2021-12-06,2118,770548,2017
MKT_00000582,tiktok_ads,2025-01-08,15840,9974,361
MKT_00000583,direct,2025-04-10,6379,70067,520
MKT_00000584,tiktok_ads,2024-08-09,221,3855,510
MKT_00000585,google_ads,2024-05-20,20163,29285,231
MKT_00000586,direct,2023-04-10,32915,183549,180
MKT_00000587,facebook_ads,2024-04-12,90338,13033,151
MKT_00000588,direct,2024-11-11,9877,4322,57
MKT_00000589,direct,2021-10-27,17031,12601,206
MKT_00000590,affiliate,2022-05-20,2060,15925,270
MKT_00000591,seo,2021-12-27,1130,5021,743
MKT_00000592,seo,2025-04-11,36033,262874,351
MKT_00000593,instagram_ads,2024-07-14,15622,22654,2030
MKT_00000594,email,2023-05-05,36258,150295,1898
MKT_00000595,google_ads,2025-03-05,5961,110367,3034
MKT_00000596,affiliate,2024-10-12,139257,282604,297
MKT_00000597,instagram_ads,2025-10-04,11798,3332,187
MKT_00000598,email,2021-07-07,3280,57920,51
MKT_00000599,direct,2023-09-24,5532,10344,2871
MKT_00000600,instagram_ads,2024-09-17,1182,17799,71
MKT_00000601,instagram_ads,2022-01-19,2615,4353,104
MKT_00000602,email,2022-11-02,5092,720429,566
MKT_00000603,instagram_ads,2023-02-16,52038,7311,253
MKT_00000604,facebook_ads,2024-12-27,7487,58641,3536
MKT_00000605,affiliate,2023-08-17,29769,3202,127
MKT_00000606,google_ads,2023-08-15,7188,15037,421
MKT_00000607,seo,2023-03-17,2365,108108,25
MKT_00000608,affiliate,2022-03-11,15593,37086,2561
MKT_00000609,seo,2025-10-27,2940,5364,32
MKT_00000610,facebook_ads,2022-10-15,5031,7535,16840
MKT_00000611,facebook_ads,2023-12-05,92773,28118,338
MKT_00000612,seo,2021-11-20,16737,21462,262
MKT_00000613,email,2023-03-25,3027,3073,384
MKT_00000614,email,2025-09-10,19506,12437,80
MKT_00000615,email,2025-12-28,2629,17696,1082
MKT_00000616,instagram_ads,2022-12-01,987,51668,218
MKT_00000617,instagram_ads,2021-11-24,30061,100668,252
MKT_00000618,seo,2022-10-07,11542,60277,2772
MKT_00000619,google_ads,2022-11-03,6395,36654,30
MKT_00000620,instagram_ads,2024-04-19,1098,37948,300
MKT_00000621,google_ads,2023-08-23,5550,45052,342
MKT_00000622,facebook_ads,2024-12-06,10205,92518,496
MKT_00000623,google_ads,2024-09-04,2000,278686,175
MKT_00000624,google_ads,2022-05-06,8524,5120,249
MKT_00000625,direct,2024-12-19,52072,11244,6462
MKT_00000626,direct,2025-04-26,10635,100286,853
MKT_00000627,email,2023-12-30,16337,4951,125
MKT_00000628,direct,2025-11-03,4780,3154,1073
MKT_00000629,instagram_ads,2024-12-18,2295,8412,432
MKT_00000630,tiktok_ads,2023-12-28,4130,24594,1227
MKT_00000631,direct,2025-09-16,28736,10747,297
MKT_00000632,tiktok_ads,2024-01-02,7210,38342,120
MKT_00000633,email,2023-10-23,6356,14380,33
MKT_00000634,affiliate,2022-11-26,4417,13124,2272
MKT_00000635,affiliate,2025-07-21,1762,1801,1125
MKT_00000636,affiliate,2021-10-26,41808,54077,688
MKT_00000637,facebook_ads,2023-06-29,6312,55153,1067
MKT_00000638,facebook_ads,2023-11-11,4281,16638,2578
MKT_00000639,facebook_ads,2023-11-25,8916,27542,32
MKT_00000640,google_ads,2024-05-07,4292,27455,457
MKT_00000641,seo,2023-09-16,11795,106622,26
MKT_00000642,instagram_ads,2022-05-19,3563,30764,223
MKT_00000643,facebook_ads,2025-05-19,9398,2971,661
MKT_00000644,tiktok_ads,2024-05-20,7607,385366,237
MKT_00000645,direct,2025-05-22,75099,152274,5673
MKT_00000646,google_ads,2022-07-05,80222,23731,260
MKT_00000647,facebook_ads,2024-03-31,20847,27785,127
MKT_00000648,facebook_ads,2024-10-05,7288,33994,423
MKT_00000649,direct,2022-12-18,21240,6932,85
MKT_00000650,affiliate,2025-01-30,20444,117279,108
MKT_00000651,affiliate,2021-01-07,4608,100289,1643
MKT_00000652,direct,2023-12-28,1119,19346,1781
MKT_00000653,instagram_ads,2024-02-03,825,60390,510
MKT_00000654,instagram_ads,2023-11-08,7024,105347,1007
MKT_00000655,google_ads,2024-03-14,4420,30961,9251
MKT_00000656,tiktok_ads,2021-12-05,4217,4692,369
MKT_00000657,email,2024-07-26,3085,61616,109
MKT_00000658,affiliate,2022-11-09,2928,23969,901
MKT_00000659,tiktok_ads,2023-05-08,17779,4263,1412
MKT_00000660,seo,2022-11-07,213,104016,1636
MKT_00000661,affiliate,2023-06-30,16414,31429,2244
MKT_00000662,instagram_ads,2024-02-23,5818,15610,1794
MKT_00000663,instagram_ads,2025-04-04,45656,492909,880
MKT_00000664,email,2023-07-23,11154,9723,1047
MKT_00000665,direct,2022-10-28,1012,5354,747
MKT_00000666,tiktok_ads,2023-08-03,857,27853,37
MKT_00000667,tiktok_ads,2024-08-04,2057,17454,30
MKT_00000668,email,2022-11-18,11131,9528,83
MKT_00000669,instagram_ads,2023-02-05,1037,182254,1379
MKT_00000670,google_ads,2023-12-02,9250,4091,209
MKT_00000671,tiktok_ads,2022-08-18,18824,35053,494
MKT_00000672,facebook_ads,2022-01-23,4300,25109,4208
MKT_00000673,direct,2021-11-13,2791,21665,2049
MKT_00000674,tiktok_ads,2022-11-23,613,124624,15
MKT_00000675,seo,2021-04-28,49618,479797,1206
MKT_00000676,tiktok_ads,2023-12-18,72556,22036,438
MKT_00000677,direct,2021-12-12,35024,83472,150
MKT_00000678,seo,2022-12-13,5814,23414,246
MKT_00000679,direct,2022-06-18,7597,24791,252
MKT_00000680,tiktok_ads,2024-03-15,18448,43349,56
MKT_00000681,instagram_ads,2025-05-03,9662,28361,582
MKT_00000682,facebook_ads,2024-03-22,192,5613,10560
MKT_00000683,seo,2023-11-15,24385,162237,1851
MKT_00000684,tiktok_ads,2024-06-17,34986,43226,19
MKT_00000685,google_ads,2021-03-15,29323,20535,624
MKT_00000686,affiliate,2021-10-27,13943,8606,624
MKT_00000687,seo,2021-08-20,25582,34131,90
MKT_00000688,affiliate,2021-08-28,1487,15294,65
MKT_00000689,facebook_ads,2022-05-28,7242,28947,1550
MKT_00000690,email,2023-11-07,3632,16591,472
MKT_00000691,google_ads,2021-10-07,46243,6332,197
MKT_00000692,email,2025-11-09,10104,246614,996
MKT_00000693,tiktok_ads,2025-05-12,6695,5347,9662
MKT_00000694,seo,2025-12-08,2388,6828,594
MKT_00000695,direct,2021-04-14,2272,60915,624
MKT_00000696,instagram_ads,2025-05-06,2091,35054,390
MKT_00000697,tiktok_ads,2025-01-09,19814,59343,224
MKT_00000698,tiktok_ads,2025-09-06,16606,46850,1378
MKT_00000699,email,2023-11-03,10939,7118,302
MKT_00000700,tiktok_ads,2024-12-22,20939,60170,853
MKT_00000701,google_ads,2021-05-05,3082,8395,3831
MKT_00000702,instagram_ads,2021-07-04,886,107008,1232
MKT_00000703,email,2021-10-16,18397,4929,59
MKT_00000704,facebook_ads,2025-10-07,7574,6704,54
MKT_00000705,affiliate,2021-05-30,22013,6993,2643
MKT_00000706,tiktok_ads,2021-09-01,13511,35079,340
MKT_00000707,affiliate,2025-11-05,7418,20372,596
MKT_00000708,seo,2021-09-19,10370,26163,123
MKT_00000709,direct,2025-06-19,43954,18455,1016
MKT_00000710,email,2024-12-23,5720,20338,6848
MKT_00000711,direct,2021-04-09,19616,10689,506
MKT_00000712,direct,2021-02-23,11741,2283,1066
MKT_00000713,affiliate,2023-11-08,1086,2717,2612
MKT_00000714,tiktok_ads,2025-12-29,1674,6619,5015
MKT_00000715,seo,2025-07-11,7726,13587,145
MKT_00000716,tiktok_ads,2022-09-26,4459,198168,750
MKT_00000717,email,2022-12-21,2591,4774,2731
MKT_00000718,google_ads,2022-12-22,29286,4278,4151
MKT_00000719,facebook_ads,2024-11-08,1346,1435,213
MKT_00000720,tiktok_ads,2022-11-14,6384,46716,147
MKT_00000721,google_ads,2021-11-19,2838,15991,319
MKT_00000722,tiktok_ads,2024-11-18,48018,3161,249
MKT_00000723,tiktok_ads,2023-05-22,166212,21101,265
MKT_00000724,google_ads,2021-07-07,5577,9182,748
MKT_00000725,tiktok_ads,2024-12-23,22434,153704,179
MKT_00000726,facebook_ads,2023-12-20,37186,8056,4182
MKT_00000727,affiliate,2023-08-07,23824,281301,219
MKT_00000728,email,2024-06-28,20936,28519,163
MKT_00000729,seo,2023-09-15,965,12181,69
MKT_00000730,seo,2024-04-28,33241,14981,2659
MKT_00000731,direct,2025-06-14,12470,34195,57
MKT_00000732,affiliate,2024-02-03,6155,14731,801
MKT_00000733,google_ads,2024-05-25,7378,5494,1143
MKT_00000734,affiliate,2024-02-04,11041,56748,5
MKT_00000735,instagram_ads,2023-11-06,5974,97467,56
MKT_00000736,seo,2021-12-09,5292,102823,228
MKT_00000737,tiktok_ads,2022-11-09,2506,17319,6917
MKT_00000738,email,2024-08-15,14946,113296,228
MKT_00000739,direct,2023-03-04,6674,35355,189
MKT_00000740,facebook_ads,2023-01-16,3129,14199,131
MKT_00000741,facebook_ads,2024-11-28,9111,9494,127
MKT_00000742,instagram_ads,2021-01-14,8530,87641,155
MKT_00000743,direct,2024-07-12,14868,1764,147
MKT_00000744,affiliate,2023-08-06,7817,176861,138
MKT_00000745,facebook_ads,2022-12-13,16986,26608,137
MKT_00000746,affiliate,2022-11-13,5838,8995,227
MKT_00000747,email,2021-12-10,6365,7538,1679
MKT_00000748,instagram_ads,2022-11-08,11305,11329,75
MKT_00000749,direct,2022-12-25,12894,63504,152
MKT_00000750,affiliate,2023-04-02,34680,35149,185
MKT_00000751,google_ads,2024-06-25,28488,11064,403
MKT_00000752,affiliate,2023-05-11,7690,9785,128
MKT_00000753,affiliate,2024-12-28,1491,35279,9073
MKT_00000754,instagram_ads,2024-04-07,18413,1349809,967
MKT_00000755,google_ads,2021-12-23,15265,1329304,1739
MKT_00000756,facebook_ads,2022-07-08,10513,106594,577
MKT_00000757,seo,2021-07-13,20493,6893,3316
MKT_00000758,email,2025-11-17,5206,68261,72
MKT_00000759,affiliate,2025-07-30,1195,7214,174
MKT_00000760,tiktok_ads,2021-07-26,2837,15625,118
MKT_00000761,instagram_ads,2023-12-11,250,170836,311
MKT_00000762,facebook_ads,2025-11-29,13802,15273,4339
MKT_00000763,affiliate,2024-11-19,7485,14411,10927
MKT_00000764,email,2023-08-13,22761,10315,1689
MKT_00000765,tiktok_ads,2022-04-11,20015,6466,348
MKT_00000766,instagram_ads,2022-07-12,4501,14871,2164
MKT_00000767,email,2024-11-10,3012,66879,3732
MKT_00000768,facebook_ads,2024-12-16,3148,60797,2356
MKT_00000769,seo,2023-11-04,80668,34225,330
MKT_00000770,affiliate,2021-10-22,6757,128614,343
MKT_00000771,affiliate,2025-11-08,5836,1657,150
MKT_00000772,direct,2025-04-19,11495,23833,279
MKT_00000773,affiliate,2021-11-13,1207,7604,121
MKT_00000774,instagram_ads,2021-05-19,5030,432157,366
MKT_00000775,affiliate,2023-11-10,2898,15001,389
MKT_00000776,instagram_ads,2022-07-25,2253,67000,110
MKT_00000777,direct,2022-07-22,5916,98313,22653
MKT_00000778,affiliate,2021-08-01,8575,12581,629
MKT_00000779,google_ads,2025-11-24,1797,88827,2803
MKT_00000780,seo,2025-03-15,5225,105187,2442
MKT_00000781,affiliate,2021-10-05,8919,72019,7438
MKT_00000782,google_ads,2025-07-06,13931,10064,103
MKT_00000783,instagram_ads,2024-07-21,5840,2576,178
MKT_00000784,email,2022-11-01,12040,544499,26
MKT_00000785,facebook_ads,2025-06-23,5309,14240,35
MKT_00000786,tiktok_ads,2023-12-30,37713,99361,88
MKT_00000787,direct,2025-04-29,15565,10970,321
MKT_00000788,google_ads,2023-06-19,3621,512330,350
MKT_00000789,facebook_ads,2023-09-03,4472,10431,47218
MKT_00000790,affiliate,2022-08-10,12974,25613,858
MKT_00000791,instagram_ads,2022-12-22,4315,717139,1729
MKT_00000792,facebook_ads,2023-12-06,799,2003,499
MKT_00000793,direct,2025-11-19,11554,134494,56
MKT_00000794,facebook_ads,2024-01-01,5115,21206,629
MKT_00000795,seo,2021-11-19,18321,63671,35
MKT_00000796,seo,2021-01-18,8510,13068,307
MKT_00000797,affiliate,2025-05-05,17589,256286,1066
MKT_00000798,facebook_ads,2022-12-03,166515,6516,167
MKT_00000799,instagram_ads,2022-10-08,37740,23289,538
MKT_00000800,seo,2025-01-02,5319,89602,163
MKT_00000801,google_ads,2025-11-17,13464,6434,76
MKT_00000802,direct,2024-11-19,9331,26664,838
MKT_00000803,tiktok_ads,2021-12-10,11182,4732,1933
MKT_00000804,email,2022-12-25,1235,12053,1925
MKT_00000805,google_ads,2024-11-28,28718,1128980,280
MKT_00000806,tiktok_ads,2025-09-18,509,164767,15
MKT_00000807,instagram_ads,2025-12-30,7938,59829,460
MKT_00000808,tiktok_ads,2023-09-30,984,38324,2708
MKT_00000809,instagram_ads,2025-02-24,3483,2103,56
MKT_00000810,tiktok_ads,2021-04-24,10420,16642,5833
MKT_00000811,seo,2022-07-29,22979,87855,18
MKT_00000812,direct,2022-12-09,27622,11346,731
MKT_00000813,google_ads,2025-12-12,6427,37829,1400
MKT_00000814,affiliate,2021-01-09,26598,4889,3649
MKT_00000815,affiliate,2022-09-21,7516,4308,803
MKT_00000816,affiliate,2025-11-05,3447,674577,247
MKT_00000817,instagram_ads,2022-09-18,12682,536963,519
MKT_00000818,facebook_ads,2022-03-03,2694,19374,144
MKT_00000819,direct,2024-11-05,6906,6855,20
MKT_00000820,affiliate,2024-11-17,4562,5359,280
MKT_00000821,instagram_ads,2023-06-26,1261,40232,842
MKT_00000822,seo,2025-11-18,12033,401133,1879
MKT_00000823,instagram_ads,2022-01-07,9631,7721,194
MKT_00000824,tiktok_ads,2025-10-04,32228,29694,3698
MKT_00000825,instagram_ads,2024-11-25,860,27531,313
MKT_00000826,tiktok_ads,2022-12-06,3442,267938,827
MKT_00000827,seo,2025-01-17,31369,33556,1235
MKT_00000828,google_ads,2021-11-07,15298,2713,437
MKT_00000829,instagram_ads,2021-11-06,19326,68108,352
MKT_00000830,facebook_ads,2025-11-05,46262,28466,4170
MKT_00000831,facebook_ads,2021-08-19,3237,5998,31
MKT_00000832,google_ads,2021-01-10,2872,108023,429
MKT_00000833,seo,2022-12-23,22632,13776,25
MKT_00000834,affiliate,2021-09-10,17335,36321,27
MKT_00000835,facebook_ads,2025-06-03,6972,27357,372
MKT_00000836,direct,2025-10-26,6738,14073,183
MKT_00000837,tiktok_ads,2023-07-21,2527,6519,9121
MKT_00000838,instagram_ads,2023-03-04,53860,50988,275
MKT_00000839,email,2023-11-12,92202,3532,2214
MKT_00000840,seo,2022-03-06,30962,88667,435
MKT_00000841,direct,2022-08-27,17738,6118,66
MKT_00000842,direct,2021-09-03,16446,3838,28
MKT_00000843,instagram_ads,2023-04-24,12054,180505,52
MKT_00000844,seo,2024-01-30,977,25359,659
MKT_00000845,seo,2025-11-05,4578,1266,4427
MKT_00000846,instagram_ads,2024-11-12,21671,21607,102
MKT_00000847,email,2024-10-27,2932,55102,1417
MKT_00000848,affiliate,2022-09-21,9764,57407,307
MKT_00000849,seo,2025-08-03,32478,6900,81
MKT_00000850,facebook_ads,2025-11-18,33109,8534,686
MKT_00000851,direct,2025-11-06,24949,28134,4390
MKT_00000852,facebook_ads,2021-04-05,11389,104587,360
MKT_00000853,instagram_ads,2024-01-12,21106,3063,1400
MKT_00000854,facebook_ads,2024-04-15,6065,3337,640
MKT_00000855,seo,2022-08-20,62548,172163,642
MKT_00000856,seo,2025-12-25,1201,136826,120
MKT_00000857,tiktok_ads,2022-08-11,8791,5358,842
MKT_00000858,seo,2022-02-10,4603,12317,45
MKT_00000859,tiktok_ads,2023-07-25,18377,520147,693
MKT_00000860,email,2022-10-28,5391,82476,3161
MKT_00000861,seo,2025-10-29,147524,20454,6038
MKT_00000862,direct,2023-04-09,24315,122247,84
MKT_00000863,direct,2023-01-26,2444,10681,782
MKT_00000864,instagram_ads,2024-03-04,330,27907,140
MKT_00000865,affiliate,2021-07-17,2068,13837,498
MKT_00000866,tiktok_ads,2024-11-26,15895,63668,7210
MKT_00000867,google_ads,2024-12-06,5908,63144,1505
MKT_00000868,facebook_ads,2023-06-30,4070,30782,151
MKT_00000869,affiliate,2025-11-26,3401,46917,139
MKT_00000870,instagram_ads,2023-12-15,21933,121191,413
MKT_00000871,tiktok_ads,2024-08-20,5446,44329,458
MKT_00000872,email,2025-10-30,4807,30894,492
MKT_00000873,tiktok_ads,2024-06-11,26726,41775,43
MKT_00000874,google_ads,2023-03-19,52807,135720,8092
MKT_00000875,tiktok_ads,2021-03-02,2128,5507,9384
MKT_00000876,instagram_ads,2024-11-03,33315,41096,827
MKT_00000877,email,2025-12-03,7097,1299,109
MKT_00000878,seo,2023-06-21,24387,14410,157
MKT_00000879,direct,2022-11-13,17795,372333,98
MKT_00000880,email,2023-10-18,8300,6730,85
MKT_00000881,google_ads,2024-11-03,8732,1906,155
MKT_00000882,direct,2021-01-02,18068,5331,760
MKT_00000883,instagram_ads,2025-08-01,2173,64138,489
MKT_00000884,google_ads,2025-07-30,2056,18084,3969
MKT_00000885,google_ads,2023-11-14,98429,4868,41
MKT_00000886,google_ads,2021-10-26,32900,134821,107
MKT_00000887,tiktok_ads,2024-06-24,26660,41810,20
MKT_00000888,facebook_ads,2021-11-11,6718,3885,501
MKT_00000889,tiktok_ads,2023-09-20,1133,15796,4451
MKT_00000890,instagram_ads,2021-08-17,4288,539807,198
MKT_00000891,affiliate,2023-12-23,13254,13843,3127
MKT_00000892,google_ads,2022-10-15,32240,1735,1142
MKT_00000893,google_ads,2025-03-17,13548,44584,1480
MKT_00000894,facebook_ads,2024-12-31,14010,39102,971
MKT_00000895,email,2025-12-30,6596,162589,6031
MKT_00000896,google_ads,2022-05-21,17671,12237,298
MKT_00000897,direct,2021-05-31,2721,42724,1130
MKT_00000898,tiktok_ads,2023-04-16,9405,31882,6426
MKT_00000899,seo,2021-07-23,6153,21818,86
MKT_00000900,google_ads,2021-12-14,45912,35792,292
MKT_00000901,instagram_ads,2023-12-30,263,54336,955
MKT_00000902,seo,2023-12-25,6754,50285,111
MKT_00000903,facebook_ads,2021-04-16,10927,87294,104
MKT_00000904,affiliate,2023-04-15,876,721,8475
MKT_00000905,email,2023-11-05,19704,2337,119
MKT_00000906,affiliate,2022-06-15,6919,30334,232
MKT_00000907,instagram_ads,2025-06-25,2579,26207,557
MKT_00000908,tiktok_ads,2021-11-30,27507,4792,767
MKT_00000909,affiliate,2022-05-12,3319,13328,178
MKT_00000910,instagram_ads,2021-11-27,21381,6375,295
MKT_00000911,affiliate,2021-10-11,10137,53185,89
MKT_00000912,google_ads,2025-07-12,4954,5782,175
MKT_00000913,facebook_ads,2022-07-09,2413,30395,1144
MKT_00000914,direct,2024-10-26,3442,102501,1571
MKT_00000915,google_ads,2023-03-10,23289,5964,1857
MKT_00000916,facebook_ads,2024-03-28,32326,2948,400
MKT_00000917,tiktok_ads,2025-11-03,18655,7030,300
MKT_00000918,instagram_ads,2025-04-19,7824,5972,56
MKT_00000919,affiliate,2021-06-18,18610,23400,236
MKT_00000920,facebook_ads,2025-04-20,11844,1716,523
MKT_00000921,instagram_ads,2023-05-07,3935,245027,2063
MKT_00000922,seo,2022-11-21,2699,3346,22
MKT_00000923,affiliate,2024-06-25,5561,2910,243
MKT_00000924,direct,2025-11-21,3783,24150,13
MKT_00000925,seo,2021-08-18,9469,18316,36
MKT_00000926,seo,2024-12-06,55683,172288,2910
MKT_00000927,direct,2022-01-09,11337,14607,57
MKT_00000928,facebook_ads,2022-12-16,47241,14363,474
MKT_00000929,google_ads,2025-06-29,8108,58190,1880
MKT_00000930,facebook_ads,2023-11-18,6625,91236,199
MKT_00000931,facebook_ads,2021-06-14,1315,1191,64
MKT_00000932,email,2023-09-21,17461,24299,482
MKT_00000933,affiliate,2024-12-23,3687,558277,4187
MKT_00000934,affiliate,2023-11-04,2884,8646,1788
MKT_00000935,seo,2021-12-05,2402,27592,277
MKT_00000936,tiktok_ads,2023-04-21,12390,101678,174
MKT_00000937,affiliate,2025-10-30,4050,45678,2286
MKT_00000938,google_ads,2024-05-22,58457,4553,45
MKT_00000939,google_ads,2024-11-05,31033,19908,1644
MKT_00000940,instagram_ads,2024-12-20,4268,3429,182
MKT_00000941,facebook_ads,2021-08-09,469,4432,43
MKT_00000942,facebook_ads,2023-12-17,9339,116225,28
MKT_00000943,affiliate,2022-12-12,5585,79562,4687
MKT_00000944,facebook_ads,2021-11-12,23574,320896,298
MKT_00000945,google_ads,2022-01-07,8235,88049,105
MKT_00000946,email,2024-12-16,32245,17801,377
MKT_00000947,instagram_ads,2021-11-30,14646,4811,170
MKT_00000948,facebook_ads,2022-10-02,1751,179129,179
MKT_00000949,email,2022-07-26,3306,56321,191
MKT_00000950,affiliate,2021-04-29,4696,73108,408
MKT_00000951,direct,2023-06-01,6620,52048,1256
MKT_00000952,tiktok_ads,2024-12-04,5863,130544,40
MKT_00000953,google_ads,2021-02-23,19189,2240,3058
MKT_00000954,tiktok_ads,2021-10-02,14814,3565,97
MKT_00000955,direct,2024-10-20,4888,5956,592
MKT_00000956,google_ads,2023-12-26,17949,38030,369
MKT_00000957,instagram_ads,2024-10-08,1987,11093,120
MKT_00000958,direct,2022-03-15,18750,119652,2214
MKT_00000959,affiliate,2025-01-09,22988,21483,122
MKT_00000960,tiktok_ads,2023-07-14,11277,713606,3388
MKT_00000961,instagram_ads,2024-01-26,15227,287948,1098
MKT_00000962,seo,2021-08-13,17828,27139,131
MKT_00000963,seo,2022-01-13,28488,2871,66
MKT_00000964,instagram_ads,2024-12-10,19735,61916,1993
MKT_00000965,instagram_ads,2022-02-28,34509,4146,72
MKT_00000966,tiktok_ads,2021-08-14,1227,5106,330
MKT_00000967,tiktok_ads,2023-12-29,9498,12197,1147
MKT_00000968,direct,2023-11-19,7668,11855,808
MKT_00000969,tiktok_ads,2024-01-20,9727,50460,297
MKT_00000970,seo,2024-02-15,23887,35992,135
MKT_00000971,seo,2023-09-02,9459,4847,1191
MKT_00000972,facebook_ads,2023-08-17,9011,14135,24
MKT_00000973,direct,2025-10-30,14192,2864,595
MKT_00000974,instagram_ads,2023-11-08,1328,40246,57
MKT_00000975,affiliate,2024-02-12,52429,1352,108
MKT_00000976,facebook_ads,2022-06-13,7145,15489,700
MKT_00000977,google_ads,2025-06-22,47687,8358,131
MKT_00000978,direct,2021-03-01,2905,49921,2289
MKT_00000979,seo,2023-11-27,2711,6545,1164
MKT_00000980,tiktok_ads,2022-12-19,6166,6155,141
MKT_00000981,affiliate,2024-01-11,8458,39920,287
MKT_00000982,direct,2022-11-29,4405,43234,77
MKT_00000983,email,2024-10-14,3085,4584,820
MKT_00000984,google_ads,2021-02-19,12639,53270,4239
MKT_00000985,instagram_ads,2023-01-15,46154,877720,67
MKT_00000986,seo,2025-03-17,59341,10858,535
MKT_00000987,seo,2022-05-03,5698,3488,655
MKT_00000988,instagram_ads,2021-05-09,2218,23936,61
MKT_00000989,direct,2023-08-24,5910,2772,88
MKT_00000990,direct,2025-12-12,63183,14941,26
MKT_00000991,affiliate,2021-06-06,27847,10326,935
MKT_00000992,facebook_ads,2021-06-20,12872,62218,235
MKT_00000993,seo,2023-12-28,4626,1580,135
MKT_00000994,tiktok_ads,2022-05-03,24206,2062,8923
MKT_00000995,seo,2023-01-26,122413,39051,27
MKT_00000996,affiliate,2025-03-16,6827,49694,2772
MKT_00000997,tiktok_ads,2021-12-31,761,879,15
MKT_00000998,seo,2024-10-18,2365,215610,184
MKT_00000999,google_ads,2023-09-12,8734,81919,31
MKT_00001000,affiliate,2025-09-13,6722,8043,117
