item_id,order_id,product_id,quantity,unit_price_cents,discount_cents,created_at
ITEM_00000001,ORD_00000722,PROD_00000702,4,407,100,2025-06-05
ITEM_00000002,ORD_00000531,PROD_00000760,1,803,156,2025-12-27
ITEM_00000003,ORD_00000806,PROD_00000486,5,3629,315,2024-12-13
ITEM_00000004,ORD_00000293,PROD_00000415,5,2515,637,2023-06-01
ITEM_00000005,ORD_00000475,PROD_00000821,2,689,101,2021-01-19
ITEM_00000006,ORD_00000880,PROD_00000888,4,1082,161,2021-04-20
ITEM_00000007,ORD_00000462,PROD_00000657,3,2385,698,2024-12-31
ITEM_00000008,ORD_00000813,PROD_00000896,1,1563,444,2022-05-20
ITEM_00000009,ORD_00000373,PROD_00000305,2,2079,223,2023-11-24
ITEM_00000010,ORD_00000162,PROD_00000177,4,1681,70,2024-08-04
ITEM_00000011,ORD_00000642,PROD_00000195,0,1302,127,2023-09-30
ITEM_00000012,ORD_00000044,PROD_00000922,4,960,8,2021-09-12
ITEM_00000013,ORD_00000865,PROD_00000013,2,421,2,2022-09-30
ITEM_00000014,ORD_00000083,PROD_00000876,3,1907,226,2025-10-11
ITEM_00000015,ORD_00000892,PROD_00000166,3,918,259,2021-05-14
ITEM_00000016,ORD_00000636,PROD_00000150,3,293,76,2022-05-14
ITEM_00000017,ORD_00000539,PROD_00000341,3,708,108,2022-02-01
ITEM_00000018,ORD_00000816,PROD_00000925,4,2168,367,2025-02-19
ITEM_00000019,ORD_00000862,PROD_00000557,3,236,0,2025-06-10
ITEM_00000020,ORD_00000519,PROD_00000174,4,481,31,2025-05-30
ITEM_00000021,ORD_00000411,PROD_00000167,3,1223,9,2022-10-09
ITEM_00000022,ORD_00000341,PROD_00000709,0,3376,764,2022-11-16
ITEM_00000023,ORD_00000711,PROD_00000718,2,2440,106,2024-05-21
ITEM_00000024,ORD_00000624,PROD_00000594,4,3645,950,2024-10-05
ITEM_00000025,ORD_00000089,PROD_00000580,4,1294,249,2021-01-19
ITEM_00000026,ORD_00000640,PROD_00000097,5,927,63,2023-10-08
ITEM_00000027,ORD_00000230,PROD_00000679,2,2153,101,2021-04-29
ITEM_00000028,ORD_00000018,PROD_00000404,4,534,100,2021-10-29
ITEM_00000029,ORD_00000801,PROD_00000077,0,501,135,2024-08-01
ITEM_00000030,ORD_00000673,PROD_00000996,2,435,93,2021-08-15
ITEM_00000031,ORD_00000864,PROD_00000237,2,2620,273,2025-03-11
ITEM_00000032,ORD_00000890,PROD_00000708,0,562,99,2025-03-05
ITEM_00000033,ORD_00000281,PROD_00000291,4,2441,227,2024-05-20
ITEM_00000034,ORD_00000910,PROD_00000136,2,1234,369,2021-12-22
ITEM_00000035,ORD_00000422,PROD_00000820,1,2647,594,2022-12-02
ITEM_00000036,ORD_00000678,PROD_00000808,1,452,83,2022-05-02
ITEM_00000037,ORD_00000772,PROD_00000889,0,664,84,2024-09-06
ITEM_00000038,ORD_00000876,PROD_00000881,0,1576,292,2025-08-14
ITEM_00000039,ORD_00000702,PROD_00000367,4,776,79,2021-08-11
ITEM_00000040,ORD_00000338,PROD_00000548,3,149,1,2025-07-22
ITEM_00000041,ORD_00000266,PROD_00000902,4,365,43,2025-11-19
ITEM_00000042,ORD_00000803,PROD_00000248,1,450,125,2025-05-06
ITEM_00000043,ORD_00000355,PROD_00000766,1,477,89,2024-04-29
ITEM_00000044,ORD_00000360,PROD_00000214,4,1892,47,2023-09-22
ITEM_00000045,ORD_00000791,PROD_00000764,3,1436,381,2022-05-15
ITEM_00000046,ORD_00000217,PROD_00000070,3,1248,100,2025-02-27
ITEM_00000047,ORD_00000321,PROD_00000746,4,5469,399,2024-06-14
ITEM_00000048,ORD_00000850,PROD_00000996,5,2807,250,2023-11-12
ITEM_00000049,ORD_00000719,PROD_00000329,3,2082,360,2025-07-04
ITEM_00000050,ORD_00000665,PROD_00000016,2,331,54,2024-09-12
ITEM_00000051,ORD_00000992,PROD_00000487,3,1150,169,2025-04-18
ITEM_00000052,ORD_00000693,PROD_00000174,5,1392,299,2024-02-25
ITEM_00000053,ORD_00000212,PROD_00000699,1,786,74,2021-12-31
ITEM_00000054,ORD_00000785,PROD_00000806,1,4294,1007,2023-12-04
ITEM_00000055,ORD_00000953,PROD_00000737,1,1142,60,2022-06-03
ITEM_00000056,ORD_00000203,PROD_00000274,3,410,96,2024-02-26
ITEM_00000057,ORD_00000717,PROD_00000524,1,493,98,2025-06-15
ITEM_00000058,ORD_00000985,PROD_00000822,5,6808,1395,2024-02-28
ITEM_00000059,ORD_00000916,PROD_00000219,0,783,113,2022-06-13
ITEM_00000060,ORD_00000896,PROD_00000943,3,207,41,2024-09-06
ITEM_00000061,ORD_00000153,PROD_00000513,2,678,16,2021-07-05
ITEM_00000062,ORD_00000682,PROD_00000399,3,254,64,2025-07-04
ITEM_00000063,ORD_00000429,PROD_00000111,1,2284,38,2023-03-09
ITEM_00000064,ORD_00000753,PROD_00000987,0,229,10,2023-09-09
ITEM_00000065,ORD_00000287,PROD_00000464,5,357,61,2021-12-14
ITEM_00000066,ORD_00000757,PROD_00000789,3,1100,244,2025-02-13
ITEM_00000067,ORD_00000321,PROD_00000641,3,2663,60,2023-07-11
ITEM_00000068,ORD_00000436,PROD_00000093,2,1037,286,2025-08-26
ITEM_00000069,ORD_00000592,PROD_00000451,5,400,116,2025-05-30
ITEM_00000070,ORD_00000496,PROD_00000396,4,1269,230,2025-10-01
ITEM_00000071,ORD_00000604,PROD_00000892,4,754,108,2023-07-10
ITEM_00000072,ORD_00000149,PROD_00000924,5,2713,603,2023-08-15
ITEM_00000073,ORD_00000542,PROD_00000551,4,2172,213,2021-12-27
ITEM_00000074,ORD_00000635,PROD_00000933,1,713,105,2024-08-03
ITEM_00000075,ORD_00000899,PROD_00000479,4,2046,562,2021-07-01
ITEM_00000076,ORD_00000482,PROD_00000316,1,1362,390,2025-01-14
ITEM_00000077,ORD_00000326,PROD_00000671,5,3272,910,2021-04-07
ITEM_00000078,ORD_00000939,PROD_00000698,4,1977,155,2022-07-17
ITEM_00000079,ORD_00000029,PROD_00000993,4,1698,118,2021-11-10
ITEM_00000080,ORD_00000259,PROD_00000353,1,3172,283,2025-04-19
ITEM_00000081,ORD_00000698,PROD_00000768,1,1110,146,2023-08-13
ITEM_00000082,ORD_00000929,PROD_00000239,3,590,55,2021-01-21
ITEM_00000083,ORD_00000075,PROD_00000104,2,1287,144,2025-09-16
ITEM_00000084,ORD_00000557,PROD_00000907,4,825,153,2023-03-16
ITEM_00000085,ORD_00000581,PROD_00000878,2,1778,406,2022-07-30
ITEM_00000086,ORD_00000498,PROD_00000029,2,1152,254,2025-03-01
ITEM_00000087,ORD_00000416,PROD_00000089,4,1513,369,2022-02-07
ITEM_00000088,ORD_00000879,PROD_00000375,1,418,4,2024-02-22
ITEM_00000089,ORD_00000722,PROD_00000397,3,1646,23,2022-09-05
ITEM_00000090,ORD_00000751,PROD_00000563,5,392,92,2024-02-17
ITEM_00000091,ORD_00000340,PROD_00000364,4,2367,378,2025-06-02
ITEM_00000092,ORD_00000308,PROD_00000950,4,2369,410,2023-08-28
ITEM_00000093,ORD_00000704,PROD_00000147,5,1448,22,2022-11-24
ITEM_00000094,ORD_00000884,PROD_00000314,2,1405,107,2025-10-01
ITEM_00000095,ORD_00000615,PROD_00000548,0,916,175,2025-02-09
ITEM_00000096,ORD_00000241,PROD_00000796,2,676,174,2023-08-17
ITEM_00000097,ORD_00000253,PROD_00000452,5,1083,297,2023-05-22
ITEM_00000098,ORD_00000936,PROD_00000899,5,5356,804,2025-09-22
ITEM_00000099,ORD_00000220,PROD_00000506,3,1317,215,2023-04-20
ITEM_00000100,ORD_00000397,PROD_00000486,5,373,93,2021-04-13
ITEM_00000101,ORD_00000986,PROD_00000101,5,279,44,2021-11-29
ITEM_00000102,ORD_00000336,PROD_00000107,3,347,53,2025-12-16
ITEM_00000103,ORD_00000729,PROD_00000857,4,810,219,2025-01-22
ITEM_00000104,ORD_00000714,PROD_00000937,2,3018,715,2024-02-28
ITEM_00000105,ORD_00000029,PROD_00000291,4,483,131,2023-01-23
ITEM_00000106,ORD_00000494,PROD_00000349,4,3420,223,2021-05-14
ITEM_00000107,ORD_00000959,PROD_00000617,2,1265,199,2024-03-26
ITEM_00000108,ORD_00000998,PROD_00000733,4,1614,407,2022-03-01
ITEM_00000109,ORD_00000724,PROD_00000588,3,1579,52,2024-12-29
ITEM_00000110,ORD_00000502,PROD_00000227,2,1759,419,2024-11-13
ITEM_00000111,ORD_00000154,PROD_00000596,1,789,43,2023-07-26
ITEM_00000112,ORD_00000992,PROD_00000977,4,169,40,2024-09-03
ITEM_00000113,ORD_00000231,PROD_00000588,5,684,125,2025-08-21
ITEM_00000114,ORD_00000102,PROD_00000761,0,538,31,2022-05-20
ITEM_00000115,ORD_00000827,PROD_00000767,1,1405,199,2023-05-21
ITEM_00000116,ORD_00000177,PROD_00000050,5,1306,267,2021-07-09
ITEM_00000117,ORD_00000693,PROD_00000868,1,881,167,2022-09-04
ITEM_00000118,ORD_00000984,PROD_00000970,0,4466,572,2024-12-05
ITEM_00000119,ORD_00000927,PROD_00000722,5,656,176,2021-02-21
ITEM_00000120,ORD_00000232,PROD_00000158,4,184,28,2025-05-04
ITEM_00000121,ORD_00000012,PROD_00000328,5,1206,183,2025-01-09
ITEM_00000122,ORD_00000186,PROD_00000745,2,2839,53,2022-09-04
ITEM_00000123,ORD_00000761,PROD_00000883,3,1379,381,2025-01-07
ITEM_00000124,ORD_00000932,PROD_00000077,3,824,43,2024-11-06
ITEM_00000125,ORD_00000266,PROD_00000735,1,1329,210,2025-11-22
ITEM_00000126,ORD_00000902,PROD_00000633,5,4774,1150,2022-01-09
ITEM_00000127,ORD_00000135,PROD_00000454,4,544,35,2025-05-09
ITEM_00000128,ORD_00000757,PROD_00000310,2,1124,177,2022-01-10
ITEM_00000129,ORD_00000031,PROD_00000327,2,1874,135,2022-01-24
ITEM_00000130,ORD_00000859,PROD_00000508,2,1343,306,2025-07-31
ITEM_00000131,ORD_00000456,PROD_00000853,3,899,152,2022-11-05
ITEM_00000132,ORD_00000259,PROD_00000870,4,779,200,2023-03-15
ITEM_00000133,ORD_00000104,PROD_00000107,2,872,234,2025-02-11
ITEM_00000134,ORD_00000431,PROD_00000241,0,1678,326,2022-02-08
ITEM_00000135,ORD_00000382,PROD_00000435,1,1602,348,2022-08-16
ITEM_00000136,ORD_00000469,PROD_00000028,0,5859,965,2025-01-31
ITEM_00000137,ORD_00000513,PROD_00000704,5,320,36,2023-01-02
ITEM_00000138,ORD_00000941,PROD_00000249,5,4475,870,2025-06-09
ITEM_00000139,ORD_00000950,PROD_00000364,1,931,253,2022-05-20
ITEM_00000140,ORD_00000946,PROD_00000725,3,1019,127,2021-03-24
ITEM_00000141,ORD_00000207,PROD_00000533,1,2179,205,2021-11-15
ITEM_00000142,ORD_00000647,PROD_00000472,2,2168,252,2023-12-27
ITEM_00000143,ORD_00000447,PROD_00000667,4,2766,361,2022-02-18
ITEM_00000144,ORD_00000783,PROD_00000539,2,3293,72,2022-03-29
ITEM_00000145,ORD_00000089,PROD_00000589,2,1062,158,2023-01-16
ITEM_00000146,ORD_00000195,PROD_00000818,4,3327,493,2021-07-17
ITEM_00000147,ORD_00000414,PROD_00000413,5,662,116,2021-09-16
ITEM_00000148,ORD_00000122,PROD_00000935,1,858,93,2025-09-09
ITEM_00000149,ORD_00000462,PROD_00000569,3,948,174,2021-10-25
ITEM_00000150,ORD_00000116,PROD_00000631,2,719,189,2024-07-27
ITEM_00000151,ORD_00000196,PROD_00000988,2,1150,329,2021-10-27
ITEM_00000152,ORD_00000036,PROD_00000165,3,2246,393,2021-05-09
ITEM_00000153,ORD_00000067,PROD_00000989,1,1846,23,2022-05-13
ITEM_00000154,ORD_00000645,PROD_00000576,2,671,195,2022-03-14
ITEM_00000155,ORD_00000281,PROD_00000048,3,628,132,2025-09-12
ITEM_00000156,ORD_00000479,PROD_00000662,2,553,55,2024-08-08
ITEM_00000157,ORD_00000011,PROD_00000484,5,1177,51,2021-07-26
ITEM_00000158,ORD_00000968,PROD_00000158,5,309,13,2021-10-21
ITEM_00000159,ORD_00000730,PROD_00000668,2,537,27,2025-09-07
ITEM_00000160,ORD_00000322,PROD_00000151,2,759,10,2021-01-29
ITEM_00000161,ORD_00000668,PROD_00000225,5,2551,690,2021-06-28
ITEM_00000162,ORD_00000240,PROD_00000260,2,986,159,2021-02-10
ITEM_00000163,ORD_00000060,PROD_00000387,1,2452,514,2025-02-02
ITEM_00000164,ORD_00000650,PROD_00000256,1,1274,316,2024-04-30
ITEM_00000165,ORD_00000562,PROD_00000061,4,750,178,2021-12-10
ITEM_00000166,ORD_00000679,PROD_00000864,1,775,205,2025-11-08
ITEM_00000167,ORD_00000165,PROD_00000772,2,431,125,2023-03-27
ITEM_00000168,ORD_00000831,PROD_00000833,2,7499,987,2023-01-07
ITEM_00000169,ORD_00000189,PROD_00000396,3,2666,760,2022-09-18
ITEM_00000170,ORD_00000487,PROD_00000397,1,1777,385,2021-10-05
ITEM_00000171,ORD_00000981,PROD_00000162,5,386,8,2024-10-10
ITEM_00000172,ORD_00000092,PROD_00000380,5,764,156,2022-06-13
ITEM_00000173,ORD_00000806,PROD_00000443,4,502,103,2021-03-27
ITEM_00000174,ORD_00000888,PROD_00000349,3,1214,329,2021-11-13
ITEM_00000175,ORD_00000289,PROD_00000969,5,522,58,2022-11-24
ITEM_00000176,ORD_00000509,PROD_00000031,4,641,112,2024-09-22
ITEM_00000177,ORD_00000075,PROD_00000071,1,533,1,2023-05-13
ITEM_00000178,ORD_00000557,PROD_00000397,3,905,90,2024-03-14
ITEM_00000179,ORD_00000428,PROD_00000438,3,1161,21,2021-11-11
ITEM_00000180,ORD_00000385,PROD_00000002,2,924,144,2021-08-13
ITEM_00000181,ORD_00000053,PROD_00000929,1,3738,916,2024-12-17
ITEM_00000182,ORD_00000175,PROD_00000562,3,2098,129,2023-12-14
ITEM_00000183,ORD_00000673,PROD_00000135,4,586,92,2021-03-09
ITEM_00000184,ORD_00000579,PROD_00000146,5,1422,87,2025-07-01
ITEM_00000185,ORD_00000474,PROD_00000179,1,626,22,2024-09-19
ITEM_00000186,ORD_00000911,PROD_00000264,1,799,122,2023-10-18
ITEM_00000187,ORD_00000361,PROD_00000311,3,1608,38,2024-01-06
ITEM_00000188,ORD_00000270,PROD_00000204,3,1867,328,2025-04-12
ITEM_00000189,ORD_00000407,PROD_00000811,3,685,6,2023-05-06
ITEM_00000190,ORD_00000124,PROD_00000699,4,453,14,2024-03-24
ITEM_00000191,ORD_00000694,PROD_00000030,0,1176,194,2024-01-01
ITEM_00000192,ORD_00000376,PROD_00000059,3,1552,275,2025-03-05
ITEM_00000193,ORD_00000392,PROD_00000009,2,658,5,2025-01-10
ITEM_00000194,ORD_00000182,PROD_00000988,2,2107,362,2025-09-12
ITEM_00000195,ORD_00000036,PROD_00000324,1,1828,459,2025-05-02
ITEM_00000196,ORD_00000212,PROD_00000167,5,650,140,2025-11-13
ITEM_00000197,ORD_00000896,PROD_00000337,5,2708,106,2024-10-14
ITEM_00000198,ORD_00000948,PROD_00000907,4,2775,493,2024-07-24
ITEM_00000199,ORD_00000134,PROD_00000379,4,5733,1156,2023-06-02
ITEM_00000200,ORD_00000865,PROD_00000898,5,4313,48,2024-08-29
ITEM_00000201,ORD_00000924,PROD_00000791,5,532,136,2024-02-03
ITEM_00000202,ORD_00000690,PROD_00000703,1,2298,624,2023-08-29
ITEM_00000203,ORD_00000678,PROD_00000242,1,2216,565,2024-01-24
ITEM_00000204,ORD_00000926,PROD_00000790,5,829,205,2024-05-27
ITEM_00000205,ORD_00000491,PROD_00000957,3,1578,352,2025-09-02
ITEM_00000206,ORD_00000849,PROD_00000666,3,244,46,2025-12-24
ITEM_00000207,ORD_00000841,PROD_00000908,1,238,48,2024-02-26
ITEM_00000208,ORD_00000988,PROD_00000160,2,278,67,2021-07-19
ITEM_00000209,ORD_00000438,PROD_00000777,5,1497,297,2021-11-28
ITEM_00000210,ORD_00000839,PROD_00000235,4,1554,152,2022-07-01
ITEM_00000211,ORD_00000046,PROD_00000453,3,880,99,2025-08-07
ITEM_00000212,ORD_00000668,PROD_00000858,2,4345,1169,2024-08-08
ITEM_00000213,ORD_00000401,PROD_00000199,0,2415,12,2021-03-07
ITEM_00000214,ORD_00000488,PROD_00000477,2,305,63,2023-01-01
ITEM_00000215,ORD_00000432,PROD_00000033,5,955,273,2022-07-22
ITEM_00000216,ORD_00000428,PROD_00000408,5,517,109,2022-10-19
ITEM_00000217,ORD_00000748,PROD_00000089,5,1527,455,2022-02-08
ITEM_00000218,ORD_00000828,PROD_00000607,1,1070,220,2025-10-15
ITEM_00000219,ORD_00000572,PROD_00000221,2,541,5,2025-06-18
ITEM_00000220,ORD_00000517,PROD_00000069,4,4253,1055,2022-09-10
ITEM_00000221,ORD_00000965,PROD_00000294,4,1148,98,2022-08-19
ITEM_00000222,ORD_00000462,PROD_00000237,5,786,105,2022-10-10
ITEM_00000223,ORD_00000966,PROD_00000907,4,895,83,2021-05-26
ITEM_00000224,ORD_00000903,PROD_00000160,3,4003,322,2023-01-31
ITEM_00000225,ORD_00000181,PROD_00000832,2,2273,294,2025-04-03
ITEM_00000226,ORD_00000145,PROD_00000840,2,963,109,2024-11-26
ITEM_00000227,ORD_00000827,PROD_00000788,2,495,94,2021-05-05
ITEM_00000228,ORD_00000265,PROD_00000290,3,561,136,2025-03-18
ITEM_00000229,ORD_00000735,PROD_00000879,1,745,66,2024-09-17
ITEM_00000230,ORD_00000406,PROD_00000554,3,1645,105,2022-04-25
ITEM_00000231,ORD_00000813,PROD_00000904,2,2008,401,2023-09-29
ITEM_00000232,ORD_00000969,PROD_00000578,2,613,123,2022-12-13
ITEM_00000233,ORD_00000955,PROD_00000533,2,2081,562,2025-08-01
ITEM_00000234,ORD_00000848,PROD_00000335,4,530,2,2022-12-16
ITEM_00000235,ORD_00000484,PROD_00000582,1,672,171,2024-11-22
ITEM_00000236,ORD_00000482,PROD_00000773,3,343,53,2025-12-23
ITEM_00000237,ORD_00000237,PROD_00000502,2,335,62,2023-03-26
ITEM_00000238,ORD_00000525,PROD_00000246,5,525,14,2023-11-20
ITEM_00000239,ORD_00000339,PROD_00000323,1,1074,139,2021-02-25
ITEM_00000240,ORD_00000268,PROD_00000747,5,495,33,2025-07-13
ITEM_00000241,ORD_00000932,PROD_00000939,1,3635,277,2021-05-12
ITEM_00000242,ORD_00000266,PROD_00000784,2,520,78,2021-08-19
ITEM_00000243,ORD_00000528,PROD_00000611,1,1270,309,2022-01-30
ITEM_00000244,ORD_00000092,PROD_00000329,1,3153,703,2024-03-21
ITEM_00000245,ORD_00000248,PROD_00000547,2,1180,209,2025-03-06
ITEM_00000246,ORD_00000019,PROD_00000339,5,819,132,2023-09-09
ITEM_00000247,ORD_00000872,PROD_00000171,5,1233,158,2023-08-21
ITEM_00000248,ORD_00000390,PROD_00000110,4,699,203,2023-07-22
ITEM_00000249,ORD_00000388,PROD_00000994,5,492,82,2025-03-10
ITEM_00000250,ORD_00000926,PROD_00000807,5,1790,136,2024-11-10
ITEM_00000251,ORD_00000615,PROD_00000010,1,687,47,2023-06-27
ITEM_00000252,ORD_00000095,PROD_00000202,4,2320,425,2022-06-17
ITEM_00000253,ORD_00000430,PROD_00000916,2,2073,325,2023-08-23
ITEM_00000254,ORD_00000795,PROD_00000257,2,1252,2,2022-03-24
ITEM_00000255,ORD_00000941,PROD_00000262,3,2384,593,2025-05-23
ITEM_00000256,ORD_00000725,PROD_00000693,4,709,149,2021-05-06
ITEM_00000257,ORD_00000037,PROD_00000430,1,2052,407,2022-07-09
ITEM_00000258,ORD_00000393,PROD_00000507,3,2044,42,2022-11-25
ITEM_00000259,ORD_00000573,PROD_00000066,3,861,93,2022-05-04
ITEM_00000260,ORD_00000291,PROD_00000806,2,777,218,2022-09-04
ITEM_00000261,ORD_00000874,PROD_00000673,5,1426,369,2023-06-10
ITEM_00000262,ORD_00000303,PROD_00000579,1,5295,453,2022-03-22
ITEM_00000263,ORD_00000756,PROD_00000612,4,910,42,2025-02-02
ITEM_00000264,ORD_00000917,PROD_00000589,3,764,102,2024-10-04
ITEM_00000265,ORD_00000401,PROD_00000035,1,2814,300,2022-05-23
ITEM_00000266,ORD_00000823,PROD_00000975,2,1158,237,2022-04-02
ITEM_00000267,ORD_00000344,PROD_00000557,3,2192,635,2023-09-13
ITEM_00000268,ORD_00000863,PROD_00000662,3,3567,388,2025-11-11
ITEM_00000269,ORD_00000518,PROD_00000491,2,238,4,2022-01-20
ITEM_00000270,ORD_00000377,PROD_00000580,2,1064,286,2022-12-13
ITEM_00000271,ORD_00000931,PROD_00000254,2,912,10,2023-07-18
ITEM_00000272,ORD_00000818,PROD_00000017,1,507,144,2025-01-11
ITEM_00000273,ORD_00000165,PROD_00000261,1,236,47,2025-07-10
ITEM_00000274,ORD_00000013,PROD_00000725,1,306,86,2024-02-13
ITEM_00000275,ORD_00000025,PROD_00000825,5,1192,71,2022-03-28
ITEM_00000276,ORD_00000736,PROD_00000256,3,715,8,2022-10-16
ITEM_00000277,ORD_00000123,PROD_00000728,1,577,84,2024-02-17
ITEM_00000278,ORD_00000129,PROD_00000863,5,1182,159,2024-01-22
ITEM_00000279,ORD_00000817,PROD_00000424,3,630,62,2022-06-05
ITEM_00000280,ORD_00000634,PROD_00000501,1,3078,884,2025-05-28
ITEM_00000281,ORD_00000547,PROD_00000286,2,667,164,2022-06-22
ITEM_00000282,ORD_00000595,PROD_00000938,4,3656,725,2024-12-27
ITEM_00000283,ORD_00000309,PROD_00000007,1,1070,52,2025-11-10
ITEM_00000284,ORD_00000436,PROD_00000497,4,650,143,2021-05-25
ITEM_00000285,ORD_00000182,PROD_00000892,1,614,133,2023-12-28
ITEM_00000286,ORD_00000588,PROD_00000199,2,3681,469,2022-12-01
ITEM_00000287,ORD_00000616,PROD_00000603,4,1913,530,2021-05-11
ITEM_00000288,ORD_00000744,PROD_00000984,5,597,29,2023-01-03
ITEM_00000289,ORD_00000815,PROD_00000659,2,1206,96,2024-07-28
ITEM_00000290,ORD_00000043,PROD_00000937,4,166,3,2025-12-18
ITEM_00000291,ORD_00000404,PROD_00000418,4,377,89,2025-08-03
ITEM_00000292,ORD_00000929,PROD_00000662,2,601,112,2025-05-09
ITEM_00000293,ORD_00000605,PROD_00000052,2,590,55,2022-05-28
ITEM_00000294,ORD_00000656,PROD_00000243,2,2894,142,2022-10-02
ITEM_00000295,ORD_00000766,PROD_00000219,3,237,2,2021-01-01
ITEM_00000296,ORD_00000590,PROD_00000518,5,349,17,2025-09-05
ITEM_00000297,ORD_00000263,PROD_00000970,1,1574,214,2022-03-08
ITEM_00000298,ORD_00000070,PROD_00000109,4,1318,97,2022-01-26
ITEM_00000299,ORD_00000661,PROD_00000351,1,828,64,2024-07-13
ITEM_00000300,ORD_00000292,PROD_00000921,2,5664,1487,2022-02-03
ITEM_00000301,ORD_00000214,PROD_00000066,5,1797,277,2023-03-19
ITEM_00000302,ORD_00000872,PROD_00000010,5,2916,637,2024-07-03
ITEM_00000303,ORD_00000822,PROD_00000202,3,1052,11,2022-01-30
ITEM_00000304,ORD_00000147,PROD_00000794,2,709,77,2023-08-10
ITEM_00000305,ORD_00000025,PROD_00000901,4,716,102,2021-06-23
ITEM_00000306,ORD_00000323,PROD_00000214,3,2303,128,2023-12-05
ITEM_00000307,ORD_00000996,PROD_00000068,0,2034,73,2023-05-05
ITEM_00000308,ORD_00000109,PROD_00000759,3,920,240,2024-03-10
ITEM_00000309,ORD_00000693,PROD_00000866,1,1599,450,2022-06-23
ITEM_00000310,ORD_00000251,PROD_00000327,2,2368,55,2023-01-15
ITEM_00000311,ORD_00000482,PROD_00000050,4,698,73,2022-12-22
ITEM_00000312,ORD_00000715,PROD_00000017,4,833,239,2021-02-19
ITEM_00000313,ORD_00000816,PROD_00000523,0,1567,39,2023-12-21
ITEM_00000314,ORD_00000682,PROD_00000821,3,262,50,2021-08-31
ITEM_00000315,ORD_00000175,PROD_00000306,5,1591,464,2024-07-16
ITEM_00000316,ORD_00000347,PROD_00000392,2,445,130,2024-03-09
ITEM_00000317,ORD_00000170,PROD_00000988,4,2329,329,2024-03-26
ITEM_00000318,ORD_00000002,PROD_00000124,1,6113,298,2022-08-20
ITEM_00000319,ORD_00000646,PROD_00000504,4,627,38,2025-06-08
ITEM_00000320,ORD_00000639,PROD_00000225,5,372,99,2021-10-03
ITEM_00000321,ORD_00000558,PROD_00000756,4,949,259,2023-11-21
ITEM_00000322,ORD_00000706,PROD_00000318,5,886,161,2021-01-08
ITEM_00000323,ORD_00000362,PROD_00000473,2,1860,427,2025-12-21
ITEM_00000324,ORD_00000721,PROD_00000981,4,1322,293,2022-12-16
ITEM_00000325,ORD_00000296,PROD_00000844,3,865,171,2021-02-02
ITEM_00000326,ORD_00000570,PROD_00000891,3,1179,292,2023-03-21
ITEM_00000327,ORD_00000590,PROD_00000858,4,446,91,2025-08-06
ITEM_00000328,ORD_00000202,PROD_00000541,4,2128,340,2025-01-15
ITEM_00000329,ORD_00000289,PROD_00000358,1,4001,284,2025-01-12
ITEM_00000330,ORD_00000062,PROD_00000483,4,420,93,2023-07-17
ITEM_00000331,ORD_00000502,PROD_00000869,1,310,44,2023-05-12
ITEM_00000332,ORD_00000780,PROD_00000878,1,794,70,2021-02-06
ITEM_00000333,ORD_00000126,PROD_00000940,0,412,99,2025-08-10
ITEM_00000334,ORD_00000992,PROD_00000877,1,395,82,2025-10-30
ITEM_00000335,ORD_00000049,PROD_00000429,2,357,100,2021-02-03
ITEM_00000336,ORD_00000600,PROD_00000797,3,939,46,2022-03-31
ITEM_00000337,ORD_00000846,PROD_00000497,1,789,153,2022-03-20
ITEM_00000338,ORD_00000773,PROD_00000472,3,1478,108,2024-06-14
ITEM_00000339,ORD_00000179,PROD_00000571,1,698,189,2021-07-31
ITEM_00000340,ORD_00000581,PROD_00000655,3,414,12,2024-03-09
ITEM_00000341,ORD_00000879,PROD_00000838,4,1081,212,2022-12-03
ITEM_00000342,ORD_00000928,PROD_00000864,4,470,111,2022-08-31
ITEM_00000343,ORD_00000493,PROD_00000300,3,1651,175,2025-09-26
ITEM_00000344,ORD_00000433,PROD_00000738,1,289,82,2023-09-09
ITEM_00000345,ORD_00000993,PROD_00000676,2,194,49,2021-12-27
ITEM_00000346,ORD_00000572,PROD_00000084,3,302,26,2021-10-31
ITEM_00000347,ORD_00000302,PROD_00000377,5,784,1,2021-10-23
ITEM_00000348,ORD_00000964,PROD_00000313,2,871,77,2021-06-01
ITEM_00000349,ORD_00000761,PROD_00000629,5,1223,103,2024-05-31
ITEM_00000350,ORD_00000990,PROD_00000320,3,698,186,2024-05-04
ITEM_00000351,ORD_00000169,PROD_00000204,1,557,161,2022-08-23
ITEM_00000352,ORD_00000977,PROD_00000355,5,3451,72,2024-08-15
ITEM_00000353,ORD_00000963,PROD_00000294,3,2793,394,2025-04-02
ITEM_00000354,ORD_00000269,PROD_00000504,2,2413,396,2025-02-20
ITEM_00000355,ORD_00000364,PROD_00000145,1,1404,39,2021-07-30
ITEM_00000356,ORD_00000624,PROD_00000539,5,1496,169,2021-08-20
ITEM_00000357,ORD_00000100,PROD_00000017,3,575,54,2023-05-20
ITEM_00000358,ORD_00000914,PROD_00000575,1,1230,197,2022-11-26
ITEM_00000359,ORD_00000215,PROD_00000779,1,517,102,2025-08-25
ITEM_00000360,ORD_00000995,PROD_00000576,4,472,99,2022-01-02
ITEM_00000361,ORD_00000625,PROD_00000039,1,300,12,2022-04-26
ITEM_00000362,ORD_00000097,PROD_00000130,3,1517,369,2025-05-25
ITEM_00000363,ORD_00000819,PROD_00000115,2,1250,254,2022-07-26
ITEM_00000364,ORD_00000630,PROD_00000450,4,860,229,2024-04-17
ITEM_00000365,ORD_00000548,PROD_00000950,3,775,104,2025-02-16
ITEM_00000366,ORD_00000337,PROD_00000925,3,253,67,2025-06-01
ITEM_00000367,ORD_00000359,PROD_00000045,0,1346,349,2025-02-27
ITEM_00000368,ORD_00000290,PROD_00000216,5,851,111,2025-04-20
ITEM_00000369,ORD_00000396,PROD_00000600,5,2245,256,2023-07-19
ITEM_00000370,ORD_00000901,PROD_00000848,2,1232,344,2023-11-06
ITEM_00000371,ORD_00000816,PROD_00000415,3,1928,413,2022-04-11
ITEM_00000372,ORD_00000360,PROD_00000689,5,1090,303,2024-11-26
ITEM_00000373,ORD_00000347,PROD_00000265,5,1268,303,2021-10-21
ITEM_00000374,ORD_00000124,PROD_00000923,5,2309,422,2021-06-20
ITEM_00000375,ORD_00000552,PROD_00000440,2,940,32,2023-11-22
ITEM_00000376,ORD_00000653,PROD_00000617,2,1599,139,2021-09-20
ITEM_00000377,ORD_00000538,PROD_00000381,3,769,223,2024-05-23
ITEM_00000378,ORD_00000654,PROD_00000846,4,987,94,2022-07-12
ITEM_00000379,ORD_00000864,PROD_00000301,3,3923,109,2021-07-08
ITEM_00000380,ORD_00000907,PROD_00000985,5,1830,388,2023-02-25
ITEM_00000381,ORD_00000422,PROD_00000171,5,711,156,2022-08-06
ITEM_00000382,ORD_00000336,PROD_00000620,1,1538,131,2023-09-29
ITEM_00000383,ORD_00000503,PROD_00000406,3,393,35,2022-08-23
ITEM_00000384,ORD_00000057,PROD_00000355,5,918,129,2023-04-26
ITEM_00000385,ORD_00000662,PROD_00000161,5,511,3,2024-07-08
ITEM_00000386,ORD_00000879,PROD_00000795,4,1574,372,2024-04-20
ITEM_00000387,ORD_00000912,PROD_00000552,1,942,89,2025-03-09
ITEM_00000388,ORD_00000717,PROD_00000026,3,1375,352,2021-12-08
ITEM_00000389,ORD_00000076,PROD_00000083,2,2037,490,2023-08-12
ITEM_00000390,ORD_00000466,PROD_00000173,3,758,150,2021-01-22
ITEM_00000391,ORD_00000285,PROD_00000999,0,780,76,2024-01-03
ITEM_00000392,ORD_00000722,PROD_00000685,4,1064,164,2025-06-14
ITEM_00000393,ORD_00000386,PROD_00000794,3,550,73,2021-06-15
ITEM_00000394,ORD_00000950,PROD_00000070,0,1086,110,2021-08-22
ITEM_00000395,ORD_00000770,PROD_00000835,4,1133,288,2024-10-30
ITEM_00000396,ORD_00000259,PROD_00000006,5,1317,191,2024-12-27
ITEM_00000397,ORD_00000477,PROD_00000796,2,1534,383,2022-10-03
ITEM_00000398,ORD_00000696,PROD_00000195,4,304,9,2024-09-19
ITEM_00000399,ORD_00000840,PROD_00000525,1,392,16,2022-08-30
ITEM_00000400,ORD_00000011,PROD_00000063,1,431,126,2022-06-24
ITEM_00000401,ORD_00000972,PROD_00000013,2,1180,208,2023-11-25
ITEM_00000402,ORD_00000672,PROD_00000761,4,873,133,2025-01-07
ITEM_00000403,ORD_00000260,PROD_00000205,2,178,27,2024-06-08
ITEM_00000404,ORD_00000393,PROD_00000897,5,5206,336,2021-11-14
ITEM_00000405,ORD_00000600,PROD_00000765,1,223,48,2021-12-09
ITEM_00000406,ORD_00000369,PROD_00000040,3,1123,28,2024-12-24
ITEM_00000407,ORD_00000184,PROD_00000165,1,1721,296,2023-09-06
ITEM_00000408,ORD_00000016,PROD_00000031,4,616,105,2022-09-29
ITEM_00000409,ORD_00000977,PROD_00000529,0,1829,501,2025-01-29
ITEM_00000410,ORD_00000756,PROD_00000649,1,489,77,2021-03-20
ITEM_00000411,ORD_00000506,PROD_00000877,3,1257,51,2023-06-12
ITEM_00000412,ORD_00000086,PROD_00000832,3,191,32,2022-07-27
ITEM_00000413,ORD_00000711,PROD_00000825,2,2803,76,2022-03-25
ITEM_00000414,ORD_00000010,PROD_00000909,2,1097,67,2025-10-19
ITEM_00000415,ORD_00000477,PROD_00000677,1,306,2,2021-10-09
ITEM_00000416,ORD_00000164,PROD_00000398,4,1813,279,2022-11-06
ITEM_00000417,ORD_00000024,PROD_00000459,5,4046,102,2021-02-26
ITEM_00000418,ORD_00000576,PROD_00000793,3,522,73,2021-07-10
ITEM_00000419,ORD_00000312,PROD_00000223,2,926,259,2022-10-06
ITEM_00000420,ORD_00000238,PROD_00000634,5,726,156,2025-01-26
ITEM_00000421,ORD_00000462,PROD_00000078,5,592,13,2021-02-11
ITEM_00000422,ORD_00000462,PROD_00000825,5,544,36,2025-02-18
ITEM_00000423,ORD_00000857,PROD_00000839,4,653,131,2024-04-11
ITEM_00000424,ORD_00000238,PROD_00000600,2,682,183,2022-11-10
ITEM_00000425,ORD_00000022,PROD_00000625,3,824,8,2024-06-27
ITEM_00000426,ORD_00000180,PROD_00000612,2,778,189,2025-03-14
ITEM_00000427,ORD_00000818,PROD_00000938,1,2016,339,2022-05-17
ITEM_00000428,ORD_00000559,PROD_00000938,3,1877,307,2024-05-01
ITEM_00000429,ORD_00000791,PROD_00000815,2,321,92,2023-03-01
ITEM_00000430,ORD_00000736,PROD_00000884,3,682,152,2023-01-20
ITEM_00000431,ORD_00000730,PROD_00000428,1,2982,760,2023-01-12
ITEM_00000432,ORD_00000499,PROD_00000425,3,1387,147,2021-06-14
ITEM_00000433,ORD_00000475,PROD_00000387,5,1433,238,2023-01-25
ITEM_00000434,ORD_00000749,PROD_00000239,4,1327,244,2021-03-31
ITEM_00000435,ORD_00000716,PROD_00000858,1,889,85,2025-09-11
ITEM_00000436,ORD_00000339,PROD_00000623,3,1061,181,2023-09-14
ITEM_00000437,ORD_00000531,PROD_00000090,1,793,56,2023-12-18
ITEM_00000438,ORD_00000692,PROD_00000385,5,2174,93,2024-07-10
ITEM_00000439,ORD_00000162,PROD_00000975,4,799,89,2022-10-10
ITEM_00000440,ORD_00000992,PROD_00000139,1,1001,222,2023-01-20
ITEM_00000441,ORD_00000797,PROD_00000997,5,1974,542,2023-03-30
ITEM_00000442,ORD_00000061,PROD_00000647,5,843,115,2021-08-31
ITEM_00000443,ORD_00000085,PROD_00000524,5,1036,199,2022-10-25
ITEM_00000444,ORD_00000547,PROD_00000244,3,823,25,2023-05-08
ITEM_00000445,ORD_00000490,PROD_00000505,2,1020,276,2025-11-18
ITEM_00000446,ORD_00000005,PROD_00000422,1,846,144,2021-08-07
ITEM_00000447,ORD_00000076,PROD_00000182,2,714,167,2021-01-09
ITEM_00000448,ORD_00000253,PROD_00000195,5,622,148,2022-03-06
ITEM_00000449,ORD_00000007,PROD_00000874,2,955,73,2021-01-13
ITEM_00000450,ORD_00000681,PROD_00000634,0,2476,393,2025-12-04
ITEM_00000451,ORD_00000642,PROD_00000053,5,1806,520,2023-06-26
ITEM_00000452,ORD_00000473,PROD_00000986,4,310,8,2023-08-28
ITEM_00000453,ORD_00000138,PROD_00000990,0,777,159,2024-06-02
ITEM_00000454,ORD_00000358,PROD_00000928,2,658,189,2025-11-02
ITEM_00000455,ORD_00000812,PROD_00000868,1,314,28,2022-11-21
ITEM_00000456,ORD_00000838,PROD_00000685,2,1366,353,2025-11-18
ITEM_00000457,ORD_00000603,PROD_00000179,1,1015,284,2023-12-27
ITEM_00000458,ORD_00000163,PROD_00000293,2,5532,1239,2025-08-20
ITEM_00000459,ORD_00000318,PROD_00000375,3,839,58,2022-11-08
ITEM_00000460,ORD_00000458,PROD_00000059,3,589,59,2025-03-07
ITEM_00000461,ORD_00000253,PROD_00000054,1,545,5,2021-07-03
ITEM_00000462,ORD_00000201,PROD_00000914,4,764,190,2023-10-02
ITEM_00000463,ORD_00000532,PROD_00000769,1,1758,448,2021-07-27
ITEM_00000464,ORD_00000741,PROD_00000245,2,1927,365,2022-06-12
ITEM_00000465,ORD_00000675,PROD_00000149,5,11394,1205,2024-08-16
ITEM_00000466,ORD_00000165,PROD_00000796,3,417,9,2023-03-29
ITEM_00000467,ORD_00000232,PROD_00000368,5,1174,265,2023-09-30
ITEM_00000468,ORD_00000328,PROD_00000016,3,634,138,2024-06-18
ITEM_00000469,ORD_00000238,PROD_00000176,2,1451,397,2022-03-31
ITEM_00000470,ORD_00000120,PROD_00000540,3,3316,726,2025-11-01
ITEM_00000471,ORD_00000950,PROD_00000406,1,2185,543,2023-06-21
ITEM_00000472,ORD_00000863,PROD_00000467,5,417,93,2025-04-03
ITEM_00000473,ORD_00000895,PROD_00000880,5,1896,358,2025-08-10
ITEM_00000474,ORD_00000881,PROD_00000129,2,202,25,2021-09-01
ITEM_00000475,ORD_00000619,PROD_00000223,5,163,44,2025-05-06
ITEM_00000476,ORD_00000250,PROD_00000884,2,898,175,2023-02-10
ITEM_00000477,ORD_00000336,PROD_00000244,4,1787,213,2021-08-26
ITEM_00000478,ORD_00000284,PROD_00000426,1,1448,36,2024-06-23
ITEM_00000479,ORD_00000198,PROD_00000354,3,5037,439,2021-12-11
ITEM_00000480,ORD_00000416,PROD_00000750,3,1196,195,2025-02-16
ITEM_00000481,ORD_00000732,PROD_00000744,3,1006,83,2021-11-06
ITEM_00000482,ORD_00000395,PROD_00000326,4,2763,183,2025-05-04
ITEM_00000483,ORD_00000938,PROD_00000604,1,812,128,2024-07-31
ITEM_00000484,ORD_00000151,PROD_00000003,5,1496,76,2021-02-07
ITEM_00000485,ORD_00000798,PROD_00000479,5,1570,376,2025-12-25
ITEM_00000486,ORD_00000265,PROD_00000976,1,504,73,2021-02-01
ITEM_00000487,ORD_00000220,PROD_00000081,1,1495,257,2024-06-20
ITEM_00000488,ORD_00000216,PROD_00000044,3,6298,278,2025-04-26
ITEM_00000489,ORD_00000315,PROD_00000155,5,2722,265,2021-10-19
ITEM_00000490,ORD_00000668,PROD_00000947,1,560,68,2025-06-27
ITEM_00000491,ORD_00000216,PROD_00000536,5,7121,1726,2021-10-19
ITEM_00000492,ORD_00000335,PROD_00000916,1,1903,439,2025-07-01
ITEM_00000493,ORD_00000359,PROD_00000928,2,1539,102,2023-01-28
ITEM_00000494,ORD_00000626,PROD_00000099,3,1014,187,2024-11-06
ITEM_00000495,ORD_00000161,PROD_00000397,1,1893,138,2025-06-11
ITEM_00000496,ORD_00000815,PROD_00000880,4,1199,355,2022-08-01
ITEM_00000497,ORD_00000610,PROD_00000171,0,1114,318,2024-03-07
ITEM_00000498,ORD_00000511,PROD_00000148,2,985,166,2024-05-08
ITEM_00000499,ORD_00000918,PROD_00000123,4,2389,500,2024-09-20
ITEM_00000500,ORD_00000157,PROD_00000112,4,2187,525,2022-08-28
ITEM_00000501,ORD_00000162,PROD_00000130,1,973,210,2022-03-23
ITEM_00000502,ORD_00000042,PROD_00000068,2,325,68,2024-10-03
ITEM_00000503,ORD_00000180,PROD_00000859,4,1128,324,2021-10-05
ITEM_00000504,ORD_00000303,PROD_00000828,3,617,110,2023-09-21
ITEM_00000505,ORD_00000330,PROD_00000729,3,750,143,2022-06-16
ITEM_00000506,ORD_00000563,PROD_00000900,5,992,252,2025-12-30
ITEM_00000507,ORD_00000764,PROD_00000892,5,469,94,2024-11-23
ITEM_00000508,ORD_00000429,PROD_00000608,0,302,66,2024-11-15
ITEM_00000509,ORD_00000350,PROD_00000657,4,1385,97,2023-09-11
ITEM_00000510,ORD_00000120,PROD_00000897,3,1120,124,2022-08-25
ITEM_00000511,ORD_00000075,PROD_00000545,0,1086,47,2022-07-16
ITEM_00000512,ORD_00000674,PROD_00000286,2,1650,250,2023-10-31
ITEM_00000513,ORD_00000661,PROD_00000005,4,647,88,2022-08-14
ITEM_00000514,ORD_00000123,PROD_00000118,2,1430,427,2025-04-22
ITEM_00000515,ORD_00000653,PROD_00000652,1,3196,586,2021-02-28
ITEM_00000516,ORD_00000182,PROD_00000230,3,894,210,2024-01-17
ITEM_00000517,ORD_00000921,PROD_00000160,2,5011,502,2022-04-04
ITEM_00000518,ORD_00000890,PROD_00000294,2,1141,284,2021-04-14
ITEM_00000519,ORD_00000789,PROD_00000761,1,554,102,2023-04-11
ITEM_00000520,ORD_00000257,PROD_00000785,5,2164,452,2023-02-28
ITEM_00000521,ORD_00000954,PROD_00000186,3,1002,88,2021-04-14
ITEM_00000522,ORD_00000837,PROD_00000877,2,2545,418,2024-07-01
ITEM_00000523,ORD_00000757,PROD_00000552,3,1526,290,2023-01-12
ITEM_00000524,ORD_00000598,PROD_00000224,5,843,148,2024-09-20
ITEM_00000525,ORD_00000583,PROD_00000152,2,3702,1016,2025-01-26
ITEM_00000526,ORD_00000269,PROD_00000140,1,735,198,2025-04-22
ITEM_00000527,ORD_00000493,PROD_00000367,3,193,56,2021-10-28
ITEM_00000528,ORD_00000180,PROD_00000128,1,2218,444,2022-10-16
ITEM_00000529,ORD_00000791,PROD_00000351,5,1450,422,2022-07-09
ITEM_00000530,ORD_00000149,PROD_00000147,0,3062,764,2022-09-20
ITEM_00000531,ORD_00000518,PROD_00000285,3,541,43,2024-09-26
ITEM_00000532,ORD_00000148,PROD_00000469,5,899,115,2025-02-24
ITEM_00000533,ORD_00000844,PROD_00000218,4,822,58,2024-01-13
ITEM_00000534,ORD_00000680,PROD_00000436,3,2314,2,2023-07-18
ITEM_00000535,ORD_00000009,PROD_00000732,4,1845,104,2024-07-06
ITEM_00000536,ORD_00000178,PROD_00000145,5,1302,1,2021-12-26
ITEM_00000537,ORD_00000796,PROD_00000841,3,1308,282,2021-03-28
ITEM_00000538,ORD_00000395,PROD_00000277,4,436,55,2022-03-04
ITEM_00000539,ORD_00000628,PROD_00000754,5,2028,190,2022-01-02
ITEM_00000540,ORD_00000608,PROD_00000060,0,2061,470,2021-12-09
ITEM_00000541,ORD_00000331,PROD_00000610,2,6856,1712,2021-12-13
ITEM_00000542,ORD_00000856,PROD_00000843,1,1598,467,2021-04-06
ITEM_00000543,ORD_00000056,PROD_00000375,2,1818,350,2024-07-02
ITEM_00000544,ORD_00000207,PROD_00000404,4,1606,222,2024-03-05
ITEM_00000545,ORD_00000105,PROD_00000881,2,628,57,2024-06-25
ITEM_00000546,ORD_00000547,PROD_00000693,3,2979,198,2025-03-03
ITEM_00000547,ORD_00000721,PROD_00000114,3,1048,66,2023-06-03
ITEM_00000548,ORD_00000793,PROD_00000495,3,939,115,2022-05-01
ITEM_00000549,ORD_00000881,PROD_00000615,2,984,292,2024-11-26
ITEM_00000550,ORD_00000355,PROD_00000336,2,1040,0,2022-08-27
ITEM_00000551,ORD_00000659,PROD_00000831,1,743,43,2022-02-16
ITEM_00000552,ORD_00000489,PROD_00000569,5,1302,73,2022-03-24
ITEM_00000553,ORD_00000799,PROD_00000285,1,1015,218,2021-09-04
ITEM_00000554,ORD_00000593,PROD_00000129,4,948,100,2023-02-09
ITEM_00000555,ORD_00000503,PROD_00000892,3,1622,222,2022-11-30
ITEM_00000556,ORD_00000050,PROD_00000978,2,1165,51,2022-02-25
ITEM_00000557,ORD_00000087,PROD_00000315,5,703,85,2021-05-04
ITEM_00000558,ORD_00000703,PROD_00000960,5,595,18,2024-07-07
ITEM_00000559,ORD_00000303,PROD_00000598,2,1186,189,2024-04-07
ITEM_00000560,ORD_00000001,PROD_00000712,1,603,17,2023-07-30
ITEM_00000561,ORD_00000381,PROD_00000071,5,569,134,2023-05-27
ITEM_00000562,ORD_00000954,PROD_00000345,1,576,97,2024-02-09
ITEM_00000563,ORD_00000650,PROD_00000990,2,1344,291,2024-08-06
ITEM_00000564,ORD_00000648,PROD_00000098,1,2849,357,2025-06-11
ITEM_00000565,ORD_00000362,PROD_00000300,3,1448,165,2021-01-13
ITEM_00000566,ORD_00000381,PROD_00000176,2,2229,65,2024-07-10
ITEM_00000567,ORD_00000666,PROD_00000745,2,1037,162,2023-03-11
ITEM_00000568,ORD_00000162,PROD_00000884,5,1228,189,2023-11-13
ITEM_00000569,ORD_00000019,PROD_00000075,5,4115,577,2023-08-03
ITEM_00000570,ORD_00000974,PROD_00000143,5,2128,472,2021-07-19
ITEM_00000571,ORD_00000840,PROD_00000931,3,2320,579,2024-06-19
ITEM_00000572,ORD_00000243,PROD_00000023,3,887,199,2024-06-16
ITEM_00000573,ORD_00000129,PROD_00000181,4,1092,47,2021-10-30
ITEM_00000574,ORD_00000176,PROD_00000045,2,1517,283,2024-04-03
ITEM_00000575,ORD_00000409,PROD_00000469,5,675,16,2023-01-08
ITEM_00000576,ORD_00000792,PROD_00000092,2,165,34,2021-06-25
ITEM_00000577,ORD_00000943,PROD_00000269,1,1505,172,2023-11-19
ITEM_00000578,ORD_00000084,PROD_00000034,0,2366,94,2022-11-08
ITEM_00000579,ORD_00000376,PROD_00000678,4,1146,296,2022-06-19
ITEM_00000580,ORD_00000222,PROD_00000582,1,680,125,2024-08-10
ITEM_00000581,ORD_00000325,PROD_00000364,2,841,89,2022-04-22
ITEM_00000582,ORD_00000451,PROD_00000708,3,216,1,2022-01-18
ITEM_00000583,ORD_00000416,PROD_00000133,5,840,135,2022-07-10
ITEM_00000584,ORD_00000657,PROD_00000759,1,449,124,2025-12-02
ITEM_00000585,ORD_00000445,PROD_00000382,3,626,112,2025-09-12
ITEM_00000586,ORD_00000618,PROD_00000680,2,431,125,2024-08-12
ITEM_00000587,ORD_00000325,PROD_00000966,2,393,16,2025-08-02
ITEM_00000588,ORD_00000523,PROD_00000277,1,491,83,2021-11-30
ITEM_00000589,ORD_00000166,PROD_00000156,1,1819,435,2024-06-25
ITEM_00000590,ORD_00000708,PROD_00000387,1,729,114,2024-06-18
ITEM_00000591,ORD_00000743,PROD_00000535,4,451,12,2024-02-04
ITEM_00000592,ORD_00000659,PROD_00000200,5,2004,350,2023-06-17
ITEM_00000593,ORD_00000871,PROD_00000275,3,1215,222,2023-07-20
ITEM_00000594,ORD_00000238,PROD_00000501,2,165,36,2022-11-16
ITEM_00000595,ORD_00000983,PROD_00000459,2,2432,555,2022-07-15
ITEM_00000596,ORD_00000913,PROD_00000050,5,1161,268,2021-05-03
ITEM_00000597,ORD_00000013,PROD_00000970,1,2031,404,2023-11-25
ITEM_00000598,ORD_00000731,PROD_00000698,1,915,59,2022-09-10
ITEM_00000599,ORD_00000257,PROD_00000988,2,3959,480,2023-09-15
ITEM_00000600,ORD_00000514,PROD_00000532,5,807,187,2023-04-20
ITEM_00000601,ORD_00000210,PROD_00000628,2,133,38,2022-02-20
ITEM_00000602,ORD_00000484,PROD_00000092,1,538,12,2022-12-09
ITEM_00000603,ORD_00000365,PROD_00000861,3,1638,263,2025-07-03
ITEM_00000604,ORD_00000225,PROD_00000456,1,1245,116,2022-09-29
ITEM_00000605,ORD_00000996,PROD_00000339,3,994,67,2024-09-12
ITEM_00000606,ORD_00000194,PROD_00000053,0,498,75,2024-08-11
ITEM_00000607,ORD_00000196,PROD_00000496,5,1112,202,2024-12-26
ITEM_00000608,ORD_00000400,PROD_00000635,4,1084,3,2021-12-13
ITEM_00000609,ORD_00000772,PROD_00000853,1,1075,251,2021-02-06
ITEM_00000610,ORD_00000057,PROD_00000850,5,1686,414,2025-09-20
ITEM_00000611,ORD_00000969,PROD_00000777,1,1268,367,2022-05-27
ITEM_00000612,ORD_00000625,PROD_00000004,5,896,48,2023-04-29
ITEM_00000613,ORD_00000213,PROD_00000681,5,491,87,2022-06-19
ITEM_00000614,ORD_00000279,PROD_00000281,1,3255,416,2023-06-29
ITEM_00000615,ORD_00000756,PROD_00000290,1,5352,537,2023-02-12
ITEM_00000616,ORD_00000380,PROD_00000073,5,4426,751,2025-09-26
ITEM_00000617,ORD_00000117,PROD_00000137,5,1918,450,2022-10-26
ITEM_00000618,ORD_00000898,PROD_00000850,1,287,1,2023-11-08
ITEM_00000619,ORD_00000451,PROD_00000768,1,260,75,2021-01-27
ITEM_00000620,ORD_00000599,PROD_00000971,2,707,171,2022-06-20
ITEM_00000621,ORD_00000410,PROD_00000653,2,1049,236,2023-11-19
ITEM_00000622,ORD_00000893,PROD_00000998,2,1015,231,2025-08-02
ITEM_00000623,ORD_00000367,PROD_00000393,4,1280,149,2023-10-05
ITEM_00000624,ORD_00000775,PROD_00000208,5,359,80,2022-10-20
ITEM_00000625,ORD_00000996,PROD_00000260,3,3967,460,2025-07-17
ITEM_00000626,ORD_00000812,PROD_00000930,4,3656,985,2022-10-02
ITEM_00000627,ORD_00000929,PROD_00000263,5,384,20,2024-02-15
ITEM_00000628,ORD_00000113,PROD_00000783,3,247,21,2024-03-01
ITEM_00000629,ORD_00000960,PROD_00000505,2,1020,168,2024-08-05
ITEM_00000630,ORD_00000164,PROD_00000550,3,3009,288,2025-10-08
ITEM_00000631,ORD_00000004,PROD_00000203,1,1068,135,2024-06-13
ITEM_00000632,ORD_00000630,PROD_00000736,1,1350,199,2021-02-11
ITEM_00000633,ORD_00000023,PROD_00000347,5,771,198,2024-03-29
ITEM_00000634,ORD_00000921,PROD_00000990,4,1232,193,2025-11-23
ITEM_00000635,ORD_00000745,PROD_00000052,2,2334,253,2025-09-11
ITEM_00000636,ORD_00000602,PROD_00000593,5,1524,113,2024-02-23
ITEM_00000637,ORD_00000988,PROD_00000356,2,1737,212,2024-07-07
ITEM_00000638,ORD_00000767,PROD_00000723,1,289,44,2024-07-23
ITEM_00000639,ORD_00000092,PROD_00000519,4,6067,1358,2021-08-01
ITEM_00000640,ORD_00000469,PROD_00000363,4,292,10,2025-02-05
ITEM_00000641,ORD_00000970,PROD_00000045,1,1242,82,2023-04-16
ITEM_00000642,ORD_00000155,PROD_00000827,3,972,110,2022-12-03
ITEM_00000643,ORD_00000819,PROD_00000378,4,1006,108,2025-05-13
ITEM_00000644,ORD_00000627,PROD_00000789,3,2199,258,2024-12-25
ITEM_00000645,ORD_00000207,PROD_00000412,2,622,148,2025-10-05
ITEM_00000646,ORD_00000081,PROD_00000771,4,775,75,2021-03-21
ITEM_00000647,ORD_00000615,PROD_00000142,1,438,65,2023-08-13
ITEM_00000648,ORD_00000483,PROD_00000258,3,2691,503,2024-06-05
ITEM_00000649,ORD_00000965,PROD_00000797,2,1356,94,2023-06-21
ITEM_00000650,ORD_00000592,PROD_00000914,2,1825,393,2024-01-24
ITEM_00000651,ORD_00000407,PROD_00000037,4,2099,344,2022-02-28
ITEM_00000652,ORD_00000103,PROD_00000941,4,5394,722,2023-07-08
ITEM_00000653,ORD_00000240,PROD_00000045,5,4691,1139,2022-05-31
ITEM_00000654,ORD_00000265,PROD_00000920,5,1420,103,2021-06-14
ITEM_00000655,ORD_00000033,PROD_00000632,4,1244,329,2024-12-20
ITEM_00000656,ORD_00000035,PROD_00000046,5,716,120,2023-09-24
ITEM_00000657,ORD_00000249,PROD_00000652,1,1988,363,2023-09-20
ITEM_00000658,ORD_00001000,PROD_00000565,1,1930,506,2023-06-12
ITEM_00000659,ORD_00000050,PROD_00000301,5,611,149,2023-10-13
ITEM_00000660,ORD_00000280,PROD_00000288,4,1950,351,2023-12-02
ITEM_00000661,ORD_00000984,PROD_00000786,1,2456,554,2025-12-26
ITEM_00000662,ORD_00000754,PROD_00000269,2,447,58,2023-01-11
ITEM_00000663,ORD_00000152,PROD_00000900,4,1276,209,2024-11-27
ITEM_00000664,ORD_00000659,PROD_00000791,0,1040,19,2023-01-25
ITEM_00000665,ORD_00000551,PROD_00000062,3,1091,29,2025-10-14
ITEM_00000666,ORD_00000701,PROD_00000566,4,511,127,2022-02-20
ITEM_00000667,ORD_00000537,PROD_00000970,5,254,4,2024-08-16
ITEM_00000668,ORD_00000756,PROD_00000951,1,599,30,2023-12-15
ITEM_00000669,ORD_00000735,PROD_00000581,1,535,127,2021-12-02
ITEM_00000670,ORD_00000230,PROD_00000242,4,1454,0,2023-05-31
ITEM_00000671,ORD_00000665,PROD_00000936,2,1473,124,2024-12-24
ITEM_00000672,ORD_00000923,PROD_00000782,5,1408,246,2023-08-30
ITEM_00000673,ORD_00000288,PROD_00000764,0,358,63,2022-11-16
ITEM_00000674,ORD_00000395,PROD_00000354,4,447,104,2025-12-18
ITEM_00000675,ORD_00000453,PROD_00000796,4,669,101,2024-09-19
ITEM_00000676,ORD_00000620,PROD_00000968,2,1117,170,2023-01-11
ITEM_00000677,ORD_00000033,PROD_00000976,3,838,182,2024-11-30
ITEM_00000678,ORD_00000915,PROD_00000863,4,1406,210,2021-01-30
ITEM_00000679,ORD_00000363,PROD_00000071,5,2393,436,2025-04-08
ITEM_00000680,ORD_00000111,PROD_00000835,2,493,132,2025-03-21
ITEM_00000681,ORD_00000121,PROD_00000413,3,508,61,2022-07-29
ITEM_00000682,ORD_00000016,PROD_00000612,2,1222,141,2021-08-09
ITEM_00000683,ORD_00000739,PROD_00000061,3,1026,1,2023-04-07
ITEM_00000684,ORD_00000523,PROD_00000615,3,1987,365,2022-08-17
ITEM_00000685,ORD_00000715,PROD_00000452,5,1103,9,2025-02-26
ITEM_00000686,ORD_00000714,PROD_00000393,4,4413,667,2023-01-24
ITEM_00000687,ORD_00000098,PROD_00000631,3,307,74,2024-06-30
ITEM_00000688,ORD_00000116,PROD_00000529,4,2147,354,2025-05-07
ITEM_00000689,ORD_00000965,PROD_00000305,5,1286,104,2024-09-06
ITEM_00000690,ORD_00000471,PROD_00000191,4,356,83,2023-11-29
ITEM_00000691,ORD_00000439,PROD_00000724,1,209,16,2023-10-18
ITEM_00000692,ORD_00000281,PROD_00000078,0,445,97,2025-01-28
ITEM_00000693,ORD_00000349,PROD_00000558,5,2884,527,2025-11-30
ITEM_00000694,ORD_00000232,PROD_00000605,2,2633,134,2024-12-05
ITEM_00000695,ORD_00000973,PROD_00000889,5,989,268,2024-12-06
ITEM_00000696,ORD_00000111,PROD_00000525,3,820,49,2022-05-07
ITEM_00000697,ORD_00000352,PROD_00000740,5,552,163,2022-03-14
ITEM_00000698,ORD_00000930,PROD_00000301,0,943,2,2022-04-24
ITEM_00000699,ORD_00000012,PROD_00000949,1,750,59,2023-02-22
ITEM_00000700,ORD_00000984,PROD_00000017,3,4306,258,2023-08-07
ITEM_00000701,ORD_00000488,PROD_00000815,3,407,1,2023-10-05
ITEM_00000702,ORD_00000533,PROD_00000574,5,1501,329,2021-03-13
ITEM_00000703,ORD_00000639,PROD_00000434,4,4472,930,2022-08-05
ITEM_00000704,ORD_00000285,PROD_00000043,4,2037,484,2021-08-08
ITEM_00000705,ORD_00000947,PROD_00000068,0,446,34,2023-10-25
ITEM_00000706,ORD_00000633,PROD_00000380,1,319,42,2023-09-30
ITEM_00000707,ORD_00000636,PROD_00000212,1,1365,269,2021-10-17
ITEM_00000708,ORD_00000919,PROD_00000203,0,1236,163,2022-01-15
ITEM_00000709,ORD_00000545,PROD_00000726,5,2939,614,2023-03-15
ITEM_00000710,ORD_00000392,PROD_00000109,4,1700,323,2024-10-10
ITEM_00000711,ORD_00000170,PROD_00000968,1,744,25,2023-01-13
ITEM_00000712,ORD_00000077,PROD_00000284,1,704,164,2021-03-21
ITEM_00000713,ORD_00000965,PROD_00000941,1,385,83,2021-03-07
ITEM_00000714,ORD_00000297,PROD_00000937,2,1216,239,2021-05-16
ITEM_00000715,ORD_00000330,PROD_00000606,2,356,16,2022-02-03
ITEM_00000716,ORD_00000063,PROD_00000225,5,2271,182,2025-09-23
ITEM_00000717,ORD_00000270,PROD_00000737,4,1756,207,2021-12-13
ITEM_00000718,ORD_00000216,PROD_00000751,3,1712,143,2021-02-28
ITEM_00000719,ORD_00000190,PROD_00000118,4,380,25,2023-02-17
ITEM_00000720,ORD_00000075,PROD_00000932,2,972,234,2022-06-03
ITEM_00000721,ORD_00000686,PROD_00000603,2,803,153,2022-12-15
ITEM_00000722,ORD_00000510,PROD_00000340,5,1190,201,2023-09-04
ITEM_00000723,ORD_00000579,PROD_00000801,3,1673,113,2024-06-14
ITEM_00000724,ORD_00000093,PROD_00000281,1,727,200,2025-12-09
ITEM_00000725,ORD_00000053,PROD_00000491,3,749,42,2021-03-20
ITEM_00000726,ORD_00000496,PROD_00000019,3,1889,450,2025-05-01
ITEM_00000727,ORD_00000948,PROD_00000175,3,444,128,2025-11-14
ITEM_00000728,ORD_00000094,PROD_00000469,5,603,131,2025-12-29
ITEM_00000729,ORD_00000625,PROD_00000618,2,1101,327,2025-08-23
ITEM_00000730,ORD_00000229,PROD_00000801,1,2252,439,2021-04-25
ITEM_00000731,ORD_00000250,PROD_00000760,0,505,32,2023-09-13
ITEM_00000732,ORD_00000391,PROD_00000835,1,4590,280,2025-01-25
ITEM_00000733,ORD_00000721,PROD_00000142,3,372,36,2025-07-08
ITEM_00000734,ORD_00000980,PROD_00000463,2,3790,8,2021-05-06
ITEM_00000735,ORD_00000182,PROD_00000929,1,2863,585,2025-06-14
ITEM_00000736,ORD_00000267,PROD_00000298,4,349,28,2022-07-27
ITEM_00000737,ORD_00000281,PROD_00000470,2,297,72,2023-08-23
ITEM_00000738,ORD_00000955,PROD_00000705,1,1950,210,2022-05-15
ITEM_00000739,ORD_00000984,PROD_00000863,3,810,116,2023-04-09
ITEM_00000740,ORD_00000962,PROD_00000815,3,490,141,2024-01-31
ITEM_00000741,ORD_00000667,PROD_00000803,2,4672,339,2022-09-18
ITEM_00000742,ORD_00000083,PROD_00000373,2,421,91,2024-04-12
ITEM_00000743,ORD_00000186,PROD_00000468,3,613,138,2022-03-28
ITEM_00000744,ORD_00000861,PROD_00000928,1,674,44,2024-01-21
ITEM_00000745,ORD_00000997,PROD_00000951,0,116,17,2025-09-15
ITEM_00000746,ORD_00000651,PROD_00000438,5,1179,123,2022-01-20
ITEM_00000747,ORD_00000567,PROD_00000844,2,528,122,2024-05-13
ITEM_00000748,ORD_00000531,PROD_00000947,3,2097,391,2021-12-29
ITEM_00000749,ORD_00000348,PROD_00000720,1,2328,332,2025-09-27
ITEM_00000750,ORD_00000423,PROD_00000443,2,1319,308,2022-05-13
ITEM_00000751,ORD_00000981,PROD_00000456,1,1332,93,2022-06-21
ITEM_00000752,ORD_00000858,PROD_00000248,2,1249,282,2024-06-11
ITEM_00000753,ORD_00000982,PROD_00000142,0,626,162,2021-01-16
ITEM_00000754,ORD_00000454,PROD_00000402,1,670,176,2023-09-08
ITEM_00000755,ORD_00000267,PROD_00000896,3,3160,742,2024-03-10
ITEM_00000756,ORD_00000507,PROD_00000823,1,1974,241,2022-09-12
ITEM_00000757,ORD_00000142,PROD_00000222,2,1293,380,2024-12-14
ITEM_00000758,ORD_00000316,PROD_00000737,5,1772,201,2025-01-19
ITEM_00000759,ORD_00000676,PROD_00000866,5,1044,200,2021-10-27
ITEM_00000760,ORD_00000764,PROD_00000184,4,1271,61,2021-12-05
ITEM_00000761,ORD_00000232,PROD_00000364,4,1764,518,2021-10-30
ITEM_00000762,ORD_00000297,PROD_00000817,3,208,43,2022-08-15
ITEM_00000763,ORD_00000898,PROD_00000994,1,2264,511,2021-03-17
ITEM_00000764,ORD_00000953,PROD_00000188,4,2137,42,2025-12-17
ITEM_00000765,ORD_00000875,PROD_00000113,0,587,134,2023-07-03
ITEM_00000766,ORD_00000572,PROD_00000181,5,2966,689,2023-02-19
ITEM_00000767,ORD_00000916,PROD_00000199,1,186,37,2025-07-06
ITEM_00000768,ORD_00000022,PROD_00000902,0,1454,127,2023-07-10
ITEM_00000769,ORD_00000384,PROD_00000070,1,1132,166,2024-09-01
ITEM_00000770,ORD_00000126,PROD_00000598,4,856,28,2025-03-04
ITEM_00000771,ORD_00000103,PROD_00000904,4,1113,157,2024-01-04
ITEM_00000772,ORD_00000900,PROD_00000485,3,1747,127,2025-10-16
ITEM_00000773,ORD_00000952,PROD_00000399,1,258,27,2022-01-01
ITEM_00000774,ORD_00000733,PROD_00000922,2,2442,119,2025-04-19
ITEM_00000775,ORD_00000110,PROD_00000551,4,789,54,2022-10-15
ITEM_00000776,ORD_00000570,PROD_00000643,3,2470,56,2023-10-03
ITEM_00000777,ORD_00000472,PROD_00000953,4,1835,506,2025-08-29
ITEM_00000778,ORD_00000065,PROD_00000010,5,776,123,2022-01-31
ITEM_00000779,ORD_00000472,PROD_00000003,4,1029,122,2024-06-08
ITEM_00000780,ORD_00000570,PROD_00000478,1,1078,173,2023-03-15
ITEM_00000781,ORD_00000670,PROD_00000814,3,3963,746,2023-11-18
ITEM_00000782,ORD_00000076,PROD_00000662,1,440,121,2025-02-07
ITEM_00000783,ORD_00000019,PROD_00000067,2,772,41,2024-08-11
ITEM_00000784,ORD_00000384,PROD_00000705,2,309,27,2023-04-25
ITEM_00000785,ORD_00000997,PROD_00000097,4,1210,354,2024-12-21
ITEM_00000786,ORD_00000190,PROD_00000531,3,665,74,2023-05-22
ITEM_00000787,ORD_00000762,PROD_00000996,3,733,4,2024-01-20
ITEM_00000788,ORD_00000360,PROD_00000318,3,3596,159,2021-04-25
ITEM_00000789,ORD_00000875,PROD_00000098,3,567,4,2024-03-28
ITEM_00000790,ORD_00000886,PROD_00000057,4,965,286,2024-07-05
ITEM_00000791,ORD_00000452,PROD_00000863,1,759,63,2022-01-08
ITEM_00000792,ORD_00000079,PROD_00000107,4,798,221,2023-04-30
ITEM_00000793,ORD_00000596,PROD_00000088,1,10071,3008,2021-03-31
ITEM_00000794,ORD_00000172,PROD_00000972,5,273,49,2023-01-27
ITEM_00000795,ORD_00000212,PROD_00000653,5,1835,18,2024-08-14
ITEM_00000796,ORD_00000886,PROD_00000656,1,7645,187,2021-01-31
ITEM_00000797,ORD_00000445,PROD_00000912,4,2600,375,2021-12-24
ITEM_00000798,ORD_00000149,PROD_00000371,0,1138,138,2022-04-15
ITEM_00000799,ORD_00000010,PROD_00000375,4,429,78,2025-10-30
ITEM_00000800,ORD_00000542,PROD_00000052,2,3114,409,2024-02-26
ITEM_00000801,ORD_00000792,PROD_00000724,4,2321,650,2025-12-11
ITEM_00000802,ORD_00000944,PROD_00000041,3,322,51,2021-09-27
ITEM_00000803,ORD_00000055,PROD_00000816,3,848,176,2025-03-02
ITEM_00000804,ORD_00000872,PROD_00000091,5,417,112,2024-12-07
ITEM_00000805,ORD_00000639,PROD_00000039,5,111,4,2021-07-28
ITEM_00000806,ORD_00000180,PROD_00000013,1,410,28,2022-11-21
ITEM_00000807,ORD_00000744,PROD_00000900,2,1193,38,2024-08-22
ITEM_00000808,ORD_00000381,PROD_00000608,3,1744,73,2024-04-29
ITEM_00000809,ORD_00000422,PROD_00000621,4,846,130,2024-10-12
ITEM_00000810,ORD_00000451,PROD_00000104,1,3292,317,2022-04-02
ITEM_00000811,ORD_00000093,PROD_00000866,4,2498,317,2022-03-25
ITEM_00000812,ORD_00000520,PROD_00000743,3,992,292,2021-03-09
ITEM_00000813,ORD_00000413,PROD_00000043,3,895,42,2025-12-08
ITEM_00000814,ORD_00000759,PROD_00000209,3,1489,241,2025-12-11
ITEM_00000815,ORD_00000394,PROD_00000600,3,1081,32,2023-05-24
ITEM_00000816,ORD_00000965,PROD_00000605,0,350,33,2022-04-12
ITEM_00000817,ORD_00000331,PROD_00000686,1,865,136,2024-10-15
ITEM_00000818,ORD_00000708,PROD_00000476,3,1867,530,2024-11-11
ITEM_00000819,ORD_00000433,PROD_00000638,5,3139,368,2021-05-08
ITEM_00000820,ORD_00000954,PROD_00000109,1,2364,46,2025-12-05
ITEM_00000821,ORD_00000163,PROD_00000559,5,1432,166,2023-01-03
ITEM_00000822,ORD_00000946,PROD_00000214,4,3518,153,2025-11-13
ITEM_00000823,ORD_00000040,PROD_00000604,3,1539,106,2025-02-17
ITEM_00000824,ORD_00000766,PROD_00000693,1,1021,189,2024-06-21
ITEM_00000825,ORD_00000908,PROD_00000409,3,3579,72,2023-11-09
ITEM_00000826,ORD_00000085,PROD_00000553,3,1951,272,2024-11-20
ITEM_00000827,ORD_00000784,PROD_00000771,1,3107,568,2025-08-18
ITEM_00000828,ORD_00000590,PROD_00000633,3,424,53,2024-06-06
ITEM_00000829,ORD_00000725,PROD_00000077,3,551,3,2022-01-03
ITEM_00000830,ORD_00000816,PROD_00000095,2,570,168,2021-02-27
ITEM_00000831,ORD_00000767,PROD_00000269,2,1268,139,2024-07-28
ITEM_00000832,ORD_00000091,PROD_00000361,1,4719,1102,2022-07-11
ITEM_00000833,ORD_00000484,PROD_00000530,1,440,42,2024-01-31
ITEM_00000834,ORD_00000385,PROD_00000805,3,2262,322,2021-02-17
ITEM_00000835,ORD_00000193,PROD_00000683,5,419,48,2022-07-16
ITEM_00000836,ORD_00000253,PROD_00000162,1,5967,613,2022-08-16
ITEM_00000837,ORD_00000790,PROD_00000465,3,305,1,2023-03-23
ITEM_00000838,ORD_00000655,PROD_00000823,5,1982,214,2021-02-28
ITEM_00000839,ORD_00000244,PROD_00000564,2,2217,591,2021-06-10
ITEM_00000840,ORD_00000724,PROD_00000981,1,1800,372,2021-04-13
ITEM_00000841,ORD_00000707,PROD_00000548,3,543,23,2023-04-26
ITEM_00000842,ORD_00000270,PROD_00000950,2,471,83,2022-02-16
ITEM_00000843,ORD_00000841,PROD_00000187,4,3034,812,2023-02-25
ITEM_00000844,ORD_00000019,PROD_00000882,2,2536,532,2021-07-02
ITEM_00000845,ORD_00000040,PROD_00000760,3,2509,111,2022-02-21
ITEM_00000846,ORD_00000610,PROD_00000052,5,2764,719,2024-02-14
ITEM_00000847,ORD_00000516,PROD_00000488,4,320,28,2022-02-03
ITEM_00000848,ORD_00000033,PROD_00000531,4,313,42,2023-08-15
ITEM_00000849,ORD_00000811,PROD_00000396,4,640,101,2023-02-18
ITEM_00000850,ORD_00000677,PROD_00000092,1,747,190,2025-08-27
ITEM_00000851,ORD_00000450,PROD_00000651,3,686,191,2022-10-17
ITEM_00000852,ORD_00000539,PROD_00000816,4,1369,381,2022-03-13
ITEM_00000853,ORD_00000685,PROD_00000357,2,2676,6,2021-11-14
ITEM_00000854,ORD_00000849,PROD_00000732,5,866,239,2022-08-29
ITEM_00000855,ORD_00000625,PROD_00000611,3,571,9,2024-06-27
ITEM_00000856,ORD_00000946,PROD_00000748,0,2101,167,2023-06-30
ITEM_00000857,ORD_00000885,PROD_00000719,0,875,135,2025-01-10
ITEM_00000858,ORD_00000892,PROD_00000144,4,1194,171,2022-05-12
ITEM_00000859,ORD_00000607,PROD_00000199,2,840,152,2024-09-28
ITEM_00000860,ORD_00000319,PROD_00000815,3,1439,206,2022-03-03
ITEM_00000861,ORD_00000745,PROD_00000323,2,487,136,2023-03-29
ITEM_00000862,ORD_00000646,PROD_00000799,1,1960,141,2023-10-20
ITEM_00000863,ORD_00000124,PROD_00000332,5,1068,87,2021-08-28
ITEM_00000864,ORD_00000372,PROD_00000264,4,594,164,2023-12-19
ITEM_00000865,ORD_00000351,PROD_00000217,3,1676,38,2025-03-31
ITEM_00000866,ORD_00000323,PROD_00000701,4,594,108,2023-03-08
ITEM_00000867,ORD_00000488,PROD_00000556,4,615,125,2021-07-22
ITEM_00000868,ORD_00000451,PROD_00000434,4,419,63,2025-11-08
ITEM_00000869,ORD_00000353,PROD_00000803,2,280,58,2025-01-29
ITEM_00000870,ORD_00000116,PROD_00000460,2,1681,87,2024-08-12
ITEM_00000871,ORD_00000955,PROD_00000701,0,2786,712,2021-10-14
ITEM_00000872,ORD_00000013,PROD_00000503,1,764,32,2021-03-14
ITEM_00000873,ORD_00000917,PROD_00000469,3,578,69,2022-12-27
ITEM_00000874,ORD_00000320,PROD_00000986,2,257,5,2025-03-27
ITEM_00000875,ORD_00000165,PROD_00000951,4,192,31,2021-12-03
ITEM_00000876,ORD_00000720,PROD_00000706,1,1961,394,2025-10-27
ITEM_00000877,ORD_00000085,PROD_00000782,3,226,63,2024-09-03
ITEM_00000878,ORD_00000248,PROD_00000366,3,439,97,2021-07-22
ITEM_00000879,ORD_00000432,PROD_00000772,3,1375,223,2021-08-19
ITEM_00000880,ORD_00000568,PROD_00000913,3,1178,329,2023-06-23
ITEM_00000881,ORD_00000684,PROD_00000239,5,1421,203,2025-05-06
ITEM_00000882,ORD_00000653,PROD_00000624,0,1102,185,2023-12-17
ITEM_00000883,ORD_00000644,PROD_00000581,1,824,147,2022-10-06
ITEM_00000884,ORD_00000479,PROD_00000920,2,441,54,2024-12-14
ITEM_00000885,ORD_00000713,PROD_00000561,1,660,166,2023-07-04
ITEM_00000886,ORD_00000368,PROD_00000823,4,870,48,2021-10-07
ITEM_00000887,ORD_00000801,PROD_00000967,5,241,40,2023-03-20
ITEM_00000888,ORD_00000933,PROD_00000663,5,584,126,2024-08-21
ITEM_00000889,ORD_00000821,PROD_00000751,4,814,220,2022-04-11
ITEM_00000890,ORD_00000357,PROD_00000849,1,631,167,2023-01-07
ITEM_00000891,ORD_00000408,PROD_00000396,1,833,127,2024-04-12
ITEM_00000892,ORD_00000345,PROD_00000395,4,1872,361,2023-03-15
ITEM_00000893,ORD_00000179,PROD_00000627,3,2065,244,2021-09-23
ITEM_00000894,ORD_00000425,PROD_00000075,3,3674,516,2021-09-04
ITEM_00000895,ORD_00000541,PROD_00000098,2,328,89,2021-03-19
ITEM_00000896,ORD_00000443,PROD_00000383,1,783,218,2025-07-29
ITEM_00000897,ORD_00000936,PROD_00000623,1,2927,786,2025-08-03
ITEM_00000898,ORD_00000819,PROD_00000869,4,271,11,2023-05-04
ITEM_00000899,ORD_00000306,PROD_00000370,4,427,108,2021-09-10
ITEM_00000900,ORD_00000367,PROD_00000285,3,670,190,2022-04-20
ITEM_00000901,ORD_00000036,PROD_00000256,1,5627,609,2021-06-25
ITEM_00000902,ORD_00000463,PROD_00000830,0,502,78,2024-12-15
ITEM_00000903,ORD_00000621,PROD_00000309,5,2609,609,2023-08-29
ITEM_00000904,ORD_00000828,PROD_00000629,2,1072,180,2025-05-15
ITEM_00000905,ORD_00000146,PROD_00000176,2,438,130,2025-01-24
ITEM_00000906,ORD_00000788,PROD_00000228,3,10299,1408,2021-09-11
ITEM_00000907,ORD_00000901,PROD_00000347,1,1281,274,2025-03-24
ITEM_00000908,ORD_00000146,PROD_00000618,5,1481,352,2023-06-22
ITEM_00000909,ORD_00000380,PROD_00000342,1,1681,249,2021-04-17
ITEM_00000910,ORD_00000168,PROD_00000896,4,1580,406,2024-04-09
ITEM_00000911,ORD_00000769,PROD_00000962,3,6134,1005,2021-02-27
ITEM_00000912,ORD_00000275,PROD_00000239,2,4576,565,2024-09-22
ITEM_00000913,ORD_00000087,PROD_00000612,1,520,16,2024-09-27
ITEM_00000914,ORD_00000154,PROD_00000688,3,5513,650,2023-07-31
ITEM_00000915,ORD_00000497,PROD_00000350,2,626,137,2024-08-06
ITEM_00000916,ORD_00000797,PROD_00000955,1,1419,392,2021-03-25
ITEM_00000917,ORD_00000315,PROD_00000455,5,343,25,2024-02-15
ITEM_00000918,ORD_00000831,PROD_00000441,3,2513,267,2022-12-13
ITEM_00000919,ORD_00000610,PROD_00000761,1,857,39,2025-04-07
ITEM_00000920,ORD_00000723,PROD_00000588,2,437,90,2024-05-27
ITEM_00000921,ORD_00000958,PROD_00000515,2,2837,817,2025-10-28
ITEM_00000922,ORD_00000560,PROD_00000081,5,3459,665,2025-12-12
ITEM_00000923,ORD_00000830,PROD_00000361,3,3554,657,2023-06-20
ITEM_00000924,ORD_00000274,PROD_00000288,3,324,53,2024-01-31
ITEM_00000925,ORD_00000706,PROD_00000008,1,3861,102,2022-10-19
ITEM_00000926,ORD_00000764,PROD_00000087,2,862,188,2022-04-01
ITEM_00000927,ORD_00000795,PROD_00000998,2,5660,1022,2022-10-21
ITEM_00000928,ORD_00000262,PROD_00000286,5,1807,358,2023-02-12
ITEM_00000929,ORD_00000487,PROD_00000399,5,1340,361,2023-03-02
ITEM_00000930,ORD_00000454,PROD_00000074,3,1104,259,2023-05-01
ITEM_00000931,ORD_00000443,PROD_00000439,2,1084,253,2022-06-10
ITEM_00000932,ORD_00000262,PROD_00000123,1,636,176,2021-09-23
ITEM_00000933,ORD_00000543,PROD_00000377,4,466,138,2024-08-03
ITEM_00000934,ORD_00000105,PROD_00000806,1,820,142,2021-05-21
ITEM_00000935,ORD_00001000,PROD_00000143,5,2843,92,2023-06-14
ITEM_00000936,ORD_00000350,PROD_00000158,1,358,49,2022-02-10
ITEM_00000937,ORD_00000824,PROD_00000430,2,3205,757,2021-10-20
ITEM_00000938,ORD_00000438,PROD_00000448,3,1229,10,2023-11-21
ITEM_00000939,ORD_00000981,PROD_00000410,4,2049,34,2024-04-09
ITEM_00000940,ORD_00000169,PROD_00000371,3,2135,43,2021-12-21
ITEM_00000941,ORD_00000748,PROD_00000109,4,2304,505,2021-07-24
ITEM_00000942,ORD_00000786,PROD_00000846,4,1116,167,2025-02-10
ITEM_00000943,ORD_00000343,PROD_00000707,2,1143,126,2023-09-21
ITEM_00000944,ORD_00000230,PROD_00000036,2,2242,71,2021-10-18
ITEM_00000945,ORD_00000023,PROD_00000090,0,476,104,2021-04-21
ITEM_00000946,ORD_00000988,PROD_00000974,5,421,40,2023-12-28
ITEM_00000947,ORD_00000676,PROD_00000415,4,756,60,2025-09-15
ITEM_00000948,ORD_00000281,PROD_00000974,0,1380,270,2022-01-08
ITEM_00000949,ORD_00000519,PROD_00000296,2,5098,854,2021-07-15
ITEM_00000950,ORD_00000722,PROD_00000842,5,1139,123,2021-05-06
ITEM_00000951,ORD_00000253,PROD_00000713,4,5432,1045,2025-09-07
ITEM_00000952,ORD_00000404,PROD_00000046,3,1656,134,2021-09-19
ITEM_00000953,ORD_00000133,PROD_00000488,1,762,181,2023-06-06
ITEM_00000954,ORD_00000274,PROD_00000619,5,2745,188,2023-07-13
ITEM_00000955,ORD_00000618,PROD_00000170,2,902,42,2025-12-27
ITEM_00000956,ORD_00000232,PROD_00000146,3,1340,314,2021-06-04
ITEM_00000957,ORD_00000545,PROD_00000868,2,376,79,2025-05-24
ITEM_00000958,ORD_00000079,PROD_00000420,5,328,17,2021-04-18
ITEM_00000959,ORD_00000035,PROD_00000972,4,1707,59,2024-12-17
ITEM_00000960,ORD_00000495,PROD_00000690,1,2651,666,2021-02-04
ITEM_00000961,ORD_00000110,PROD_00000573,1,5200,1211,2023-12-04
ITEM_00000962,ORD_00000321,PROD_00000936,3,573,56,2022-10-17
ITEM_00000963,ORD_00000575,PROD_00000003,1,3536,698,2022-12-24
ITEM_00000964,ORD_00000981,PROD_00000594,4,3138,116,2023-09-25
ITEM_00000965,ORD_00000328,PROD_00000263,2,740,112,2022-02-20
ITEM_00000966,ORD_00000967,PROD_00000799,4,3329,18,2023-09-27
ITEM_00000967,ORD_00000809,PROD_00000321,3,2334,274,2021-10-12
ITEM_00000968,ORD_00000690,PROD_00000607,0,2734,61,2025-01-10
ITEM_00000969,ORD_00000384,PROD_00000576,1,6209,885,2022-06-02
ITEM_00000970,ORD_00000364,PROD_00000246,4,2645,334,2025-10-20
ITEM_00000971,ORD_00000232,PROD_00000589,2,198,26,2021-01-27
ITEM_00000972,ORD_00000616,PROD_00000477,4,1419,19,2021-08-15
ITEM_00000973,ORD_00000414,PROD_00000259,2,313,33,2025-12-25
ITEM_00000974,ORD_00000294,PROD_00000093,2,1237,280,2024-12-19
ITEM_00000975,ORD_00000547,PROD_00000803,0,1181,130,2025-05-11
ITEM_00000976,ORD_00000706,PROD_00000783,5,687,147,2024-10-23
ITEM_00000977,ORD_00000174,PROD_00000533,4,481,53,2024-08-26
ITEM_00000978,ORD_00000392,PROD_00000574,2,717,91,2023-04-28
ITEM_00000979,ORD_00000102,PROD_00000339,3,837,141,2024-02-03
ITEM_00000980,ORD_00000836,PROD_00000924,3,986,281,2021-01-18
ITEM_00000981,ORD_00000293,PROD_00000260,1,1193,38,2024-05-13
ITEM_00000982,ORD_00000085,PROD_00000237,0,1751,17,2021-02-12
ITEM_00000983,ORD_00000909,PROD_00000141,5,854,155,2021-03-30
ITEM_00000984,ORD_00000201,PROD_00000975,2,3052,868,2022-08-09
ITEM_00000985,ORD_00000685,PROD_00000947,4,1063,315,2021-06-06
ITEM_00000986,ORD_00000541,PROD_00000944,4,2297,333,2024-07-13
ITEM_00000987,ORD_00000297,PROD_00000679,5,859,120,2021-05-14
ITEM_00000988,ORD_00000056,PROD_00000480,3,9847,1905,2022-04-09
ITEM_00000989,ORD_00000472,PROD_00000579,2,1593,265,2025-06-13
ITEM_00000990,ORD_00000016,PROD_00000350,3,4057,771,2025-11-07
ITEM_00000991,ORD_00000652,PROD_00000570,1,629,164,2024-03-01
ITEM_00000992,ORD_00000066,PROD_00000724,3,766,171,2023-01-11
ITEM_00000993,ORD_00000958,PROD_00000130,0,896,133,2023-11-24
ITEM_00000994,ORD_00000659,PROD_00000537,4,7929,1098,2021-03-24
ITEM_00000995,ORD_00000670,PROD_00000011,2,925,177,2023-07-18
ITEM_00000996,ORD_00000912,PROD_00000257,1,567,77,2024-03-01
ITEM_00000997,ORD_00000472,PROD_00000816,0,3104,426,2024-12-22
ITEM_00000998,ORD_00000909,PROD_00000369,3,1149,5,2023-05-16
ITEM_00000999,ORD_00000581,PROD_00000944,4,921,48,2021-07-23
ITEM_00001000,ORD_00000023,PROD_00000394,0,673,98,2025-12-28
